Gene,Non.unique.Gene.name,Annotation,Number_pos_present_in,Number_neg_present_in,Number_pos_not_present_in,Number_neg_not_present_in,Sensitivity,Specificity,Odds_ratio,Naive_p,Bonferroni_p,Benjamini_H_p,Max_Pairwise_comparisons,Max_supporting_pairs,Max_opposing_pairs,Best_pairwise_comp_p,Worst_pairwise_comp_p,cox_coef,cox_HR,cox_SE,cox_z,cox_p,crude_OR,crude_lower,crude_upper,crude_midp_p,crude_fisher_p,crude_chisq_p,adjusted_logit_coef,adjusted_logit_SE,adjusted_logit_z,adjusted_logit_p,CHROM,POS,TYPE,REF,ALT,EVIDENCE,FTYPE,STRAND,NT_POS,AA_POS,EFFECT,LOCUS_TAG,GENE,PRODUCT,missing,A_ratio,C_ratio,T_ratio,G_ratio
1382085|.|T|C|.|.|GT,NA,NA,290,249,199,402,59.30470348,61.75115207,2.352727493,1.98E-12,5.06E-08,1.40E-09,65,46,41,0.001090084,0.046353474,-0.017922925,0.982236735,0.094865455,-0.188929942,0.850147726,2.327949482,1.833845597,2.960716022,2.73E-12,3.32E-12,2.88E-12,0.698905095,0.144041492,4.85210953,1.22E-06,NA,NA,NA,NA,NA,NA,NA,NA,NA,NA,NA,NA,NA,NA,0.050934,0,0.471986,0.47708,0
3250331|.|G|A|.|.|GT,NA,NA,338,358,151,293,69.1206544,45.00768049,1.831995264,1.23E-06,0.031152314,7.64E-05,96,63,66,3.06E-04,0.00287861,0.123611991,1.131576724,0.100502601,1.229938226,0.218720238,1.836207849,1.437636536,2.351357097,9.84E-07,1.26E-06,1.07E-06,0.576927479,0.146544882,3.936865416,8.26E-05,NA,NA,NA,NA,NA,NA,NA,NA,NA,NA,NA,NA,NA,NA,0.050934,0.556876,0,0,0.39219
4897592|.|T|C|.|.|GT,NA,NA,292,282,197,369,59.71370143,56.68202765,1.939518307,4.86E-08,0.001236147,1.26E-05,67,47,42,0.001307169,0.049800114,-0.015696086,0.984426456,0.094983091,-0.165251372,0.868746132,1.933180182,1.525209381,2.454337411,4.42E-08,5.14E-08,4.51E-08,0.540282514,0.141714629,3.812468194,1.38E-04,HF536482,4897592,snp,T,C,C:211 T:1,CDS,-,227/1701,76/566,missense_variant c.227A>G p.Glu76Gly,BN373_46311,NA,putative acetyltransferase,0.050934,0,0.509338,0.439728,0
3273956|.|G|T|.|.|GT,NA,NA,262,239,227,412,53.57873211,63.28725038,1.989641126,1.41E-08,3.58E-04,1.21E-06,95,58,62,0.003832872,0.039608238,0.061461809,1.063389884,0.092310539,0.665815733,0.505528888,1.996498167,1.573876674,2.536255784,1.09E-08,1.41E-08,1.05E-08,0.659655479,0.14339531,4.600258399,4.22E-06,HF536482,3273956,snp,G,T,T:140 G:0,NA,NA,NA,NA,NA,NA,NA,NA,0.050085,0,0,0.442275,0.50764
5117782|.|A|C|.|.|GT,NA,NA,299,298,190,353,61.14519427,54.22427035,1.864129283,3.35E-07,0.008560599,8.39E-05,83,54,55,0.004039209,0.008036706,0.069716257,1.072203907,0.094628164,0.736738977,0.461281099,1.846760053,1.45663678,2.345212509,3.66E-07,3.68E-07,3.75E-07,0.585871782,0.142127271,4.122163043,3.75E-05,NA,NA,NA,NA,NA,NA,NA,NA,NA,NA,NA,NA,NA,NA,0.050085,0.427844,0.522071,0,0
2983992|.|G|A|.|.|GT,NA,NA,224,189,265,462,45.80777096,70.96774194,2.066247379,6.50E-09,1.65E-04,1.47E-06,54,37,36,0.00907334,0.019834327,-0.004198124,0.995810676,0.094499036,-0.044425046,0.964565598,2.059512946,1.612693169,2.633916866,6.38E-09,6.95E-09,5.72E-09,0.634917413,0.147050859,4.317672244,1.58E-05,NA,NA,NA,NA,NA,NA,NA,NA,NA,NA,NA,NA,NA,NA,0.049236,0.36163,0,0,0.589134
3678220|.|G|A|.|.|GT,NA,NA,282,275,207,376,57.66871166,57.75729647,1.862661397,2.59E-07,0.006585888,5.40E-05,74,48,49,0.007084253,0.014079981,0.010071468,1.010122356,0.094104441,0.107024364,0.914769651,1.845494788,1.456938278,2.340971456,3.47E-07,3.70E-07,3.46E-07,0.610323744,0.141878301,4.30174129,1.69E-05,HF536482,3678220,snp,G,A,A:186 G:0,CDS,+,569/1233,190/410,missense_variant c.569G>A p.Ser190Asn,BN373_34901,NA,"transporter, major facilitator family",0.048387,0.489813,0,0,0.4618
4054295|.|C|T|.|.|GT,NA,NA,193,152,296,499,39.46830266,76.65130568,2.140536095,5.93E-09,1.51E-04,1.28E-06,48,32,32,0.029304947,0.029304947,-0.098140603,0.906521435,0.09579922,-1.024440524,0.30562725,2.132693019,1.651926382,2.758136038,5.56E-09,6.42E-09,4.73E-09,0.680294979,0.154841192,4.393501315,1.12E-05,NA,NA,NA,NA,NA,NA,NA,NA,NA,NA,NA,NA,NA,NA,0.048387,0,0.651952,0.29966,0
4048337|.|G|T|.|.|GT,NA,NA,352,375,137,276,71.98364008,42.39631336,1.891036496,6.01E-07,0.015339471,9.30E-05,80,53,52,0.004868154,0.00968285,0.030345959,1.030811091,0.103991101,0.291813041,0.770429573,1.882686461,1.46708267,2.423208492,5.54E-07,6.37E-07,6.23E-07,0.625487692,0.151827175,4.119734777,3.79E-05,NA,NA,NA,NA,NA,NA,NA,NA,NA,NA,NA,NA,NA,NA,0.048387,0,0,0.591681,0.359932
2710245|.|A|T|.|.|GT,NA,NA,301,305,188,346,61.55419223,53.14900154,1.816288804,8.65E-07,0.021852361,1.02E-04,77,50,57,2.93E-05,0.011672721,0.052803782,1.054222767,0.09501138,0.555762712,0.578373079,1.810632655,1.427927731,2.299746627,8.73E-07,9.07E-07,8.94E-07,0.605947865,0.14258343,4.249777581,2.14E-05,HF536482,2710245,snp,A,T,T:163 A:1,NA,NA,NA,NA,NA,NA,NA,NA,0.047538,0.420204,0,0.532258,0
3164712|.|A|G|.|.|GT,NA,NA,318,308,171,343,65.03067485,52.68817204,2.070972887,2.50E-09,6.33E-05,5.76E-07,84,59,57,2.66E-04,0.001404495,0.067676709,1.070019325,0.097941704,0.690989709,0.489572008,2.062805989,1.622779284,2.628024495,2.62E-09,2.68E-09,2.89E-09,0.714309062,0.144097337,4.957128834,7.15E-07,HF536482,3164712,snp,A,G,G:35 A:0,CDS,+,20/198,Jul-65,missense_variant c.20A>G p.Asp7Gly,BN373_30171,NA,conserved hypothetical protein,0.047538,0.400679,0,0,0.551783
2092530|.|G|A|.|.|GT,NA,NA,175,111,314,540,35.78732106,82.94930876,2.711310036,7.53E-13,1.91E-08,3.67E-10,24,18,18,0.022655845,0.022655845,0.028769032,1.029186858,0.098207153,0.292942334,0.76956623,2.666443955,2.02980222,3.514898027,1.18E-12,1.52E-12,9.11E-13,0.94142076,0.165240015,5.697292881,1.22E-08,NA,NA,NA,NA,NA,NA,NA,NA,NA,NA,NA,NA,NA,NA,0.046689,0.25382,0,0,0.699491
1465469|.|G|A|.|.|GT,NA,NA,190,144,299,507,38.85480573,77.88018433,2.237318841,1.21E-09,3.09E-05,4.98E-07,39,30,28,0.00106502,0.009475304,-0.039929942,0.960856752,0.096159326,-0.415247733,0.677960559,2.248185625,1.736186508,2.917046128,6.88E-10,8.52E-10,5.71E-10,0.758290057,0.156073405,4.85854754,1.18E-06,NA,NA,NA,NA,NA,NA,NA,NA,NA,NA,NA,NA,NA,NA,0.04584,0.289474,0,0,0.664686
2133057|.|T|A|.|.|GT,NA,NA,171,141,318,510,34.96932515,78.34101382,1.945002007,8.80E-07,0.02238988,1.54E-04,51,17,42,3.39E-06,0.024092908,-0.093766524,0.910495316,0.099038898,-0.946764617,0.343758736,1.938759523,1.491610914,2.523837642,7.16E-07,9.42E-07,6.23E-07,0.592792313,0.160996201,3.682026724,2.31E-04,HF536482,2133057,snp,T,A,A:12 T:0,NA,NA,NA,NA,NA,NA,NA,NA,0.04584,0.271647,0,0.682513,0
4899834|.|G|A|.|.|GT,NA,NA,303,297,186,354,61.96319018,54.37788018,1.941674813,4.72E-08,0.001202108,1.24E-05,74,56,47,1.11E-05,0.026516833,0.04057834,1.041412891,0.095167373,0.426389202,0.669824268,1.935045423,1.525440171,2.459101706,4.62E-08,5.00E-08,4.81E-08,0.728611106,0.144338185,5.047944201,4.47E-07,NA,NA,NA,NA,NA,NA,NA,NA,NA,NA,NA,NA,NA,NA,0.04584,0.524618,0,0,0.429542
3633076|.|A|C|.|.|GT,NA,NA,323,330,166,321,66.05316973,49.30875576,1.89271632,2.57E-07,0.006529723,4.50E-05,117,71,75,0.002928128,0.026075562,0.148544724,1.160144682,0.097174255,1.528642776,0.126353026,1.897356235,1.49130223,2.419282303,1.60E-07,1.97E-07,1.72E-07,0.663340926,0.145278813,4.565985311,4.97E-06,HF536482,3633076,snp,A,C,C:144 A:0,CDS,-,754/807,252/268,missense_variant c.754T>G p.Ser252Ala,BN373_34521,eutT,"cob(I)yrinic acid a,c-diamide adenosyltransferase",0.044992,0.382003,0.573005,0,0
2375002|.|T|C|.|.|GT,NA,NA,336,352,153,299,68.71165644,45.92933948,1.865418895,6.85E-07,0.017389856,1.10E-04,75,50,52,0.001079516,0.005228243,0.062443307,1.064434111,0.099829348,0.625500498,0.531642622,1.869631823,1.464825786,2.392282067,4.30E-07,5.31E-07,4.69E-07,0.526353375,0.147560295,3.567039323,3.61E-04,NA,NA,NA,NA,NA,NA,NA,NA,NA,NA,NA,NA,NA,NA,0.044143,0,0.602716,0.353141,0
2980236|.|T|C|.|.|GT,NA,NA,189,156,300,495,38.65030675,76.03686636,1.999038462,1.21E-07,0.003058453,2.30E-05,34,25,24,0.009041185,0.02430651,0.001698233,1.001699676,0.096819262,0.017540241,0.98600563,1.976003316,1.531766242,2.55294124,1.51E-07,1.87E-07,1.32E-07,0.695772723,0.155337202,4.479111981,7.50E-06,NA,NA,NA,NA,NA,NA,NA,NA,NA,NA,NA,NA,NA,NA,0.041596,0,0.304754,0.65365,0
3630247|.|A|G|.|.|GT,NA,NA,319,306,170,345,65.23517382,52.99539171,2.115628604,1.13E-09,2.86E-05,2.92E-07,108,80,66,5.65E-07,0.02642352,0.225402261,1.252826578,0.098542499,2.287360915,0.022174766,2.107077631,1.657245613,2.684937575,9.01E-10,1.21E-09,1.01E-09,0.573306514,0.143728227,3.988823383,6.64E-05,NA,NA,NA,NA,NA,NA,NA,NA,NA,NA,NA,NA,NA,NA,0.041596,0.409168,0,0,0.549236
2983557|.|A|G|.|.|GT,NA,NA,221,172,268,479,45.19427403,73.57910906,2.296489934,5.00E-11,1.27E-06,1.59E-08,49,33,32,0.021294114,0.044384161,-0.052866361,0.948506762,0.09544812,-0.553875349,0.579664157,2.28753568,1.785182741,2.936369612,5.03E-11,5.46E-11,4.35E-11,0.752117902,0.149849116,5.019168084,5.19E-07,NA,NA,NA,NA,NA,NA,NA,NA,NA,NA,NA,NA,NA,NA,0.040747,0.612054,0,0,0.347199
2983548|.|A|G|.|.|GT,NA,NA,222,180,267,471,45.39877301,72.35023041,2.175655431,7.27E-10,1.84E-05,1.86E-07,51,33,34,0.024092908,0.048873892,-0.056896455,0.944691882,0.09543753,-0.596164373,0.551065424,2.167881224,1.694621068,2.777672415,6.43E-10,7.88E-10,5.66E-10,0.711739824,0.149058472,4.774903521,1.80E-06,NA,NA,NA,NA,NA,NA,NA,NA,NA,NA,NA,NA,NA,NA,0.040747,0.604414,0,0,0.354839
2982065|.|G|A|.|.|GT,NA,NA,193,149,296,502,39.46830266,77.11213518,2.196762198,2.37E-09,6.02E-05,5.73E-07,56,38,38,0.010454818,0.010454818,0.070741911,1.073304182,0.095644796,0.739631576,0.459523577,2.188292536,1.693612066,2.832850751,1.85E-09,1.86E-09,1.56E-09,0.709390342,0.15486878,4.580589715,4.64E-06,NA,NA,NA,NA,NA,NA,NA,NA,NA,NA,NA,NA,NA,NA,0.040747,0.302207,0,0,0.657046
2982817|.|C|T|.|.|GT,NA,NA,352,377,137,274,71.98364008,42.0890937,1.867374005,1.10E-06,0.028020294,1.71E-04,80,54,53,0.002324541,0.004868154,0.022732475,1.022992827,0.101856501,0.223181386,0.823394339,1.870931987,1.457848196,2.408296644,7.23E-07,8.62E-07,8.09E-07,0.702010002,0.151728749,4.626743506,3.71E-06,NA,NA,NA,NA,NA,NA,NA,NA,NA,NA,NA,NA,NA,NA,0.040747,0,0.357385,0.601868,0
3137549|.|G|A|.|.|GT,NA,NA,278,268,211,383,56.85071575,58.83256528,1.882895947,1.79E-07,0.004544135,2.35E-05,81,50,60,1.69E-05,0.044828522,0.010770021,1.010828226,0.093490815,0.115198706,0.908287624,1.877258551,1.481852495,2.381553512,1.64E-07,1.88E-07,1.63E-07,0.578895821,0.142359975,4.066422622,4.77E-05,NA,NA,NA,NA,NA,NA,NA,NA,NA,NA,NA,NA,NA,NA,0.040747,0.440577,0,0,0.518676
1409795|.|A|G|.|.|GT,NA,NA,238,187,251,464,48.67075665,71.2749616,2.352770735,8.04E-12,2.05E-07,5.54E-09,74,48,47,0.014079981,0.026516833,0.209037173,1.232490813,0.093494354,2.23582671,0.025363125,2.361019339,1.848874477,3.020352945,4.42E-12,5.62E-12,3.94E-12,0.721090265,0.146805137,4.911887147,9.02E-07,NA,NA,NA,NA,NA,NA,NA,NA,NA,NA,NA,NA,NA,NA,0.039898,0.624788,0,0,0.335314
2983778|.|A|G|.|.|GT,NA,NA,225,199,264,452,46.01226994,69.43164363,1.935815441,1.32E-07,0.003343813,2.45E-05,58,38,40,0.00535486,0.024746036,-0.032192232,0.968320422,0.095022756,-0.338784444,0.734772121,1.93021328,1.51393014,2.464108682,1.06E-07,1.05E-07,9.65E-08,0.59138901,0.14727996,4.015407193,5.93E-05,NA,NA,NA,NA,NA,NA,NA,NA,NA,NA,NA,NA,NA,NA,0.039898,0.589134,0,0,0.370968
3630322|.|A|G|.|.|GT,NA,NA,264,224,225,427,53.98773006,65.59139785,2.236666667,3.97E-11,1.01E-06,1.40E-08,96,62,60,0.005572998,0.018433353,0.135519809,1.14513188,0.094243169,1.437980184,0.150439677,2.228382529,1.754173467,2.835416455,4.20E-11,4.30E-11,4.05E-11,0.735591944,0.14411363,5.104249632,3.32E-07,NA,NA,NA,NA,NA,NA,NA,NA,NA,NA,NA,NA,NA,NA,0.039898,0.53056,0,0,0.429542
3630085|.|G|A|.|.|GT,NA,NA,306,294,183,357,62.57668712,54.83870968,2.030444965,5.76E-09,1.46E-04,1.28E-06,104,63,67,0.004232547,0.038957933,0.073815283,1.07660792,0.098268327,0.751160473,0.452556085,2.023017669,1.594033385,2.572454342,5.64E-09,6.15E-09,5.99E-09,0.435096399,0.144550213,3.010001786,0.002612462,NA,NA,NA,NA,NA,NA,NA,NA,NA,NA,NA,NA,NA,NA,0.039898,0.526316,0,0,0.433786
3630460|.|A|G|.|.|GT,NA,NA,236,189,253,462,48.26175869,70.96774194,2.280193237,4.49E-11,1.14E-06,1.54E-08,84,52,52,0.037529534,0.037529534,0.049121325,1.050347776,0.094090193,0.522066362,0.601624126,2.27155169,1.779673804,2.90419603,3.60E-11,4.92E-11,3.22E-11,0.793503975,0.147446553,5.381638004,7.38E-08,NA,NA,NA,NA,NA,NA,NA,NA,NA,NA,NA,NA,NA,NA,0.039049,0.585739,0,0,0.375212
2448761|.|G|C|.|.|GT,NA,NA,253,234,236,417,51.73824131,64.05529954,1.910419383,1.00E-07,0.002539722,1.33E-05,68,43,43,0.038460053,0.038460053,-0.030522694,0.96993842,0.093776156,-0.325484593,0.744814342,1.917625459,1.51120279,2.436316886,7.78E-08,1.00E-07,7.41E-08,0.527485856,0.142654949,3.697634473,2.18E-04,NA,NA,NA,NA,NA,NA,NA,NA,NA,NA,NA,NA,NA,NA,0.033956,0,0.426146,0,0.539898
1988959|.|G|C|.|.|GT,NA,NA,231,189,258,462,47.2392638,70.96774194,2.188630491,3.34E-10,8.50E-06,9.66E-08,44,29,31,0.009559879,0.048766766,-0.10680504,0.898700867,0.093320641,-1.144495353,0.252418264,2.180818377,1.708237954,2.788346269,3.36E-10,3.60E-10,3.00E-10,0.757397969,0.14806049,5.115463071,3.13E-07,NA,NA,NA,NA,NA,NA,NA,NA,NA,NA,NA,NA,NA,NA,0.032258,0,0.367572,0,0.60017
3826918|.|C|T|.|.|GT,NA,NA,335,343,154,308,68.50715746,47.31182796,1.95335277,7.65E-08,0.001949971,2.22E-05,88,59,54,0.001824029,0.042210612,-0.116097105,0.890388758,0.099352956,-1.16853197,0.242592251,1.957411493,1.534259739,2.503529602,5.31E-08,5.90E-08,5.93E-08,0.670113892,0.146694693,4.568085444,4.92E-06,NA,NA,NA,NA,NA,NA,NA,NA,NA,NA,NA,NA,NA,NA,0.031409,0,0.404075,0.564516,0
1734366|.|G|C|.|.|GT,NA,NA,196,166,293,485,40.08179959,74.50076805,1.954438916,1.86E-07,0.004727542,4.55E-05,46,32,31,0.011351591,0.025896082,-0.120200993,0.88674219,0.095812682,-1.254541583,0.209645221,1.932939898,1.503342876,2.48867497,2.64E-07,2.79E-07,2.34E-07,0.571236078,0.151866987,3.761423656,1.69E-04,NA,NA,NA,NA,NA,NA,NA,NA,NA,NA,NA,NA,NA,NA,0.029711,0,0.315789,0,0.654499
2097524|.|C|G|.|.|GT,NA,NA,164,98,325,553,33.53783231,84.94623656,2.847472527,3.85E-13,9.76E-09,1.95E-10,25,19,18,0.014633298,0.043285251,0.005368743,1.005383181,0.099626032,0.053888961,0.957023632,2.827993628,2.131836588,3.768412894,3.08E-13,3.05E-13,2.32E-13,1.015015724,0.174805379,5.806547429,6.38E-09,NA,NA,NA,NA,NA,NA,NA,NA,NA,NA,NA,NA,NA,NA,0.028862,0,0.741087,0,0.230051
2097491|.|G|C|.|.|GT,NA,NA,323,313,166,338,66.05316973,51.92012289,2.101197121,1.54E-09,3.89E-05,3.89E-07,78,51,55,3.78E-04,0.008771714,0.013218939,1.013306695,0.097455961,0.135640124,0.892105784,2.079797145,1.634732917,2.652128511,1.94E-09,2.36E-09,2.18E-09,0.696999435,0.144273847,4.831086498,1.36E-06,NA,NA,NA,NA,NA,NA,NA,NA,NA,NA,NA,NA,NA,NA,0.028862,0,0.560272,0,0.410866
2097617|.|T|C|.|.|GT,NA,NA,205,166,284,485,41.92229039,74.50076805,2.108964025,5.64E-09,1.43E-04,1.30E-06,37,27,26,0.007632079,0.020073852,0.01849482,1.018666909,0.09376827,0.197239644,0.843640009,2.084866992,1.623135549,2.682132605,8.02E-09,8.98E-09,6.98E-09,0.666190103,0.15146834,4.398213531,1.09E-05,NA,NA,NA,NA,NA,NA,NA,NA,NA,NA,NA,NA,NA,NA,0.028862,0,0.32343,0.647708,0
2294067|.|T|C|.|.|GT,NA,NA,330,340,159,311,67.48466258,47.77265745,1.898446171,2.28E-07,0.005778648,5.02E-05,75,48,48,0.020298407,0.020298407,0.077064084,1.080111292,0.098449558,0.782777346,0.433757873,1.902806506,1.493258441,2.430313329,1.67E-07,1.77E-07,1.82E-07,0.63585788,0.146287543,4.346630397,1.38E-05,NA,NA,NA,NA,NA,NA,NA,NA,NA,NA,NA,NA,NA,NA,0.028862,0,0.562818,0.408319,0
2054658|.|A|G|.|.|GT,NA,NA,287,277,202,374,58.69120654,57.4500768,1.918325768,7.01E-08,0.001776968,1.27E-05,73,48,52,3.71E-04,0.009542211,0.10466942,1.110343493,0.094067863,1.112701155,0.265836799,1.912240038,1.509088038,2.427012262,7.17E-08,7.40E-08,7.23E-08,0.587781902,0.141627591,4.150193453,3.32E-05,NA,NA,NA,NA,NA,NA,NA,NA,NA,NA,NA,NA,NA,NA,0.028014,0.506791,0,0,0.465195
2097926|.|C|T|.|.|GT,NA,NA,300,305,189,346,61.34969325,53.14900154,1.800676555,1.19E-06,0.030190893,1.61E-04,89,56,59,0.002785269,0.019186609,-0.029151067,0.971269726,0.09528291,-0.305942242,0.759648622,1.806223668,1.42460444,2.293864273,9.59E-07,1.20E-06,9.80E-07,0.555660609,0.142454867,3.90060812,9.60E-05,HF536482,2097926,snp,C,T,T:173 C:0,CDS,+,166/867,56/288,missense_variant c.166C>T p.His56Tyr,BN373_19781,NA,metallo-beta-lactamase domain protein,0.027165,0,0.442275,0.53056,0
844538|.|G|T|.|.|GT,NA,NA,335,338,154,313,68.50715746,48.07987711,2.01442788,1.99E-08,5.09E-04,4.31E-06,68,43,44,0.020526934,0.038460053,0.144334631,1.155270634,0.100717822,1.433059491,0.151840837,2.018304616,1.582148825,2.581406372,1.24E-08,1.51E-08,1.41E-08,0.712937765,0.146911366,4.852842789,1.22E-06,NA,NA,NA,NA,NA,NA,NA,NA,NA,NA,NA,NA,NA,NA,0.026316,0,0,0.579796,0.393888
2102188|.|C|T|.|.|GT,NA,NA,211,133,278,518,43.14928425,79.56989247,2.956077243,2.02E-16,5.12E-12,5.12E-12,38,26,27,0.013852965,0.03355244,0.085182832,1.088916137,0.09481659,0.898395862,0.368974542,2.938925039,2.267207472,3.821465601,0,2.38E-16,1.48E-16,1.013137123,0.157442254,6.434975992,1.23E-10,HF536482,2102188,snp,C,T,T:122 C:0,CDS,-,292/1176,98/391,missense_variant c.292G>A p.Val98Ile,BN373_19821,NA,allinase,0.026316,0,0.671477,0.302207,0
3318708|.|G|A|.|.|GT,NA,NA,322,323,167,328,65.84867076,50.38402458,1.957991138,5.15E-08,0.001305603,4.05E-06,122,80,73,7.41E-04,0.036877469,0.149511686,1.161267041,0.097448403,1.534265117,0.124964444,1.950587131,1.533478397,2.486672054,4.38E-08,5.47E-08,4.76E-08,0.719396977,0.144808608,4.967915852,6.77E-07,NA,NA,NA,NA,NA,NA,NA,NA,NA,NA,NA,NA,NA,NA,0.026316,0.564516,0,0,0.409168
2323874|.|A|T|.|.|GT,NA,NA,232,213,257,438,47.44376278,67.28110599,1.856305146,4.86E-07,0.012334373,8.06E-05,65,42,45,0.002626377,0.024811975,-0.07968917,0.923403323,0.093947794,-0.84822822,0.396310884,1.838540191,1.445419584,2.340982063,6.70E-07,6.99E-07,6.25E-07,0.600258301,0.144949797,4.141146204,3.46E-05,HF536482,2323874,snp,A,T,T:132 A:0,NA,NA,NA,NA,NA,NA,NA,NA,0.024618,0.588285,0,0.387097,0
3138310|.|C|T|.|.|GT,NA,NA,206,183,283,468,42.12678937,71.88940092,1.861553612,1.11E-06,0.028052896,1.16E-04,66,42,46,0.00185823,0.035582724,-0.063801111,0.938191577,0.094822032,-0.672851129,0.501042006,1.856543806,1.450185401,2.379373017,8.84E-07,8.85E-07,8.02E-07,0.547352032,0.148737066,3.679997518,2.33E-04,NA,NA,NA,NA,NA,NA,NA,NA,NA,NA,NA,NA,NA,NA,0.023769,0,0.66129,0.314941,0
2578986|.|G|A|.|.|GT,NA,NA,321,317,168,334,65.64417178,51.30568356,2.013181613,1.35E-08,3.42E-04,2.95E-06,81,53,60,1.69E-05,0.007275502,0.082167511,1.085637651,0.096976804,0.84729036,0.396833299,1.993096605,1.56722913,2.540392741,1.53E-08,2.02E-08,1.68E-08,0.630811961,0.144260916,4.372715624,1.23E-05,NA,NA,NA,NA,NA,NA,NA,NA,NA,NA,NA,NA,NA,NA,0.02292,0.556027,0,0,0.421053
2802955|.|G|C|.|.|GT,NA,NA,213,192,276,459,43.55828221,70.50691244,1.844938859,1.04E-06,0.026373456,1.22E-04,56,37,37,0.022241389,0.022241389,-0.108984903,0.896743956,0.094766858,-1.150031822,0.250130765,1.826629884,1.430188525,2.335608976,1.35E-06,1.51E-06,1.24E-06,0.534713839,0.147133887,3.634199088,2.79E-04,HF536482,2802955,snp,G,C,C:174 G:0,CDS,+,163/435,55/144,missense_variant c.163G>C p.Val55Leu,BN373_26781,NA,glyoxalase family protein,0.02292,0,0.351443,0,0.625637
71889|.|T|C|.|.|GT,NA,NA,237,211,252,440,48.46625767,67.58832565,1.961182577,4.68E-08,0.001194153,9.95E-06,58,37,44,1.00E-04,0.047940324,-0.073450771,0.929181887,0.093289489,-0.787342412,0.431081449,1.955364038,1.536961537,2.490902161,4.44E-08,4.95E-08,4.12E-08,0.677177649,0.14580554,4.644389027,3.41E-06,NA,NA,NA,NA,NA,NA,NA,NA,NA,NA,NA,NA,NA,NA,0.022071,0,0.395586,0.582343,0
2291051|.|C|T|.|.|GT,NA,NA,277,265,212,386,56.64621677,59.29339478,1.903203987,1.26E-07,0.003211891,2.97E-05,66,42,44,0.00921049,0.035582724,-0.050046933,0.951184782,0.094876691,-0.5274945,0.597850235,1.90949442,1.507066136,2.422934625,7.66E-08,9.58E-08,7.59E-08,0.685091542,0.142800103,4.797556348,1.61E-06,NA,NA,NA,NA,NA,NA,NA,NA,NA,NA,NA,NA,NA,NA,0.022071,0,0.506791,0.471138,0
2063424|.|C|T|.|.|GT,NA,NA,217,193,272,458,44.37627812,70.35330261,1.893210911,4.12E-07,0.010441623,6.04E-05,57,37,43,1.54E-04,0.033143968,-0.056765734,0.944815381,0.093972758,-0.604065857,0.545799858,1.887956059,1.478691365,2.413370791,3.29E-07,3.29E-07,3.01E-07,0.568954952,0.147927066,3.846185603,1.20E-04,HF536482,2063424,snp,C,T,T:140 C:0,CDS,-,118/567,40/188,missense_variant c.118G>A p.Ala40Thr,BN373_19481,NA,"intracellular protease, PfpI family",0.021222,0,0.619694,0.359083,0
2467573|.|G|A|.|.|GT,NA,NA,238,208,251,443,48.67075665,68.04915515,2.019498927,1.13E-08,2.87E-04,1.98E-06,59,38,39,0.018337088,0.03634318,0.092143297,1.096521939,0.093448408,0.986033888,0.324116484,2.013188322,1.581838203,2.565617209,1.17E-08,1.20E-08,1.08E-08,0.678945131,0.144607462,4.695090562,2.66E-06,HF536482,2467573,snp,G,A,A:115 G:0,CDS,+,688/1587,230/528,missense_variant c.688G>A p.Ala230Thr,BN373_23431,NA,putative gamma-glutamyltransferase,0.020374,0.395586,0,0,0.584041
2461361|.|G|A|.|.|GT,NA,NA,255,239,234,412,52.14723926,63.28725038,1.878553803,2.04E-07,0.005165879,2.56E-05,57,41,40,0.001263559,0.003201544,0.041333526,1.042199648,0.091840444,0.450057992,0.652668626,1.885637001,1.486676567,2.394653763,1.59E-07,2.04E-07,1.52E-07,0.574988402,0.142371801,4.038639661,5.38E-05,NA,NA,NA,NA,NA,NA,NA,NA,NA,NA,NA,NA,NA,NA,0.019525,0.413413,0,0,0.567063
2461358|.|G|A|.|.|GT,NA,NA,256,246,233,405,52.35173824,62.21198157,1.808855857,1.03E-06,0.026062698,1.15E-04,60,42,42,0.002670436,0.002670436,0.045517614,1.046569439,0.091825338,0.495697755,0.620107671,1.815845351,1.432442719,2.304545522,7.79E-07,7.95E-07,7.50E-07,0.545016302,0.142210387,3.832464804,1.27E-04,NA,NA,NA,NA,NA,NA,NA,NA,NA,NA,NA,NA,NA,NA,0.019525,0.420204,0,0,0.560272
1143544|.|T|C|.|.|GT,NA,NA,238,213,251,438,48.67075665,67.28110599,1.949834465,6.72E-08,0.001700104,9.55E-06,51,36,35,0.00460131,0.010973563,-0.058327833,0.943340639,0.09235714,-0.631546543,0.527683227,1.944096977,1.528542431,2.475850537,5.60E-08,7.13E-08,5.20E-08,0.613293718,0.144415425,4.246732787,2.17E-05,NA,NA,NA,NA,NA,NA,NA,NA,NA,NA,NA,NA,NA,NA,0.018676,0,0.377759,0.603565,0
1179615|.|A|G|.|.|GT,NA,NA,221,197,268,454,45.19427403,69.73886329,1.900409122,2.48E-07,0.006285682,3.03E-05,66,42,43,0.01865726,0.035582724,-0.07785506,0.9250985,0.093526592,-0.83243769,0.405161935,1.908885444,1.49619415,2.438319237,1.88E-07,1.87E-07,1.71E-07,0.666337654,0.147185357,4.527200715,5.98E-06,NA,NA,NA,NA,NA,NA,NA,NA,NA,NA,NA,NA,NA,NA,0.018676,0.617148,0,0,0.364177
2359975|.|G|C|.|.|GT,NA,NA,213,182,276,469,43.55828221,72.04301075,1.988712375,5.83E-08,0.001478932,1.17E-05,46,32,33,0.004533862,0.011351591,-0.169136039,0.844394025,0.094209155,-1.795324868,0.072601955,1.967665064,1.537978555,2.520693663,6.83E-08,8.99E-08,6.12E-08,0.534793077,0.146406146,3.652804841,2.59E-04,NA,NA,NA,NA,NA,NA,NA,NA,NA,NA,NA,NA,NA,NA,0.018676,0,0.344652,0,0.636672
2565293|.|G|A|.|.|GT,NA,NA,252,213,237,438,51.53374233,67.28110599,2.186486005,2.10E-10,5.34E-06,6.43E-08,59,39,42,0.001547167,0.018337088,0.06524624,1.067421834,0.093708049,0.696271462,0.486258841,2.178710793,1.71328415,2.774878191,1.79E-10,2.28E-10,1.68E-10,0.753469498,0.144035478,5.231138253,1.68E-07,NA,NA,NA,NA,NA,NA,NA,NA,NA,NA,NA,NA,NA,NA,0.018676,0.410017,0,0,0.571307
3270116|.|G|A|.|.|GT,NA,NA,228,157,261,494,46.62576687,75.88325653,2.748663885,2.78E-15,7.04E-11,5.96E-13,64,41,43,0.008146902,0.032765759,0.107203819,1.113161115,0.094161997,1.138504096,0.254910049,2.71223362,2.110547679,3.493889437,3.77E-15,3.76E-15,3.22E-15,1.043932915,0.152760306,6.833796983,8.27E-12,NA,NA,NA,NA,NA,NA,NA,NA,NA,NA,NA,NA,NA,NA,0.018676,0.33871,0,0,0.642615
3573630|.|A|G|.|.|GT,NA,NA,259,246,230,405,52.96523517,62.21198157,1.853923648,4.00E-07,0.010170373,6.74E-05,107,65,70,0.001840124,0.03294666,-0.045538688,0.955482636,0.092898016,-0.490200868,0.623991767,1.860849156,1.467872548,2.361841183,2.69E-07,3.05E-07,2.59E-07,0.513838916,0.142052539,3.617245555,2.98E-04,NA,NA,NA,NA,NA,NA,NA,NA,NA,NA,NA,NA,NA,NA,0.018676,0.543294,0,0,0.438031
1196885|.|C|G|.|.|GT,NA,NA,319,312,170,339,65.23517382,52.07373272,2.038857466,6.90E-09,1.75E-04,1.23E-06,90,57,58,0.008045928,0.014866753,0.146690007,1.157994937,0.09867481,1.486600356,0.137120394,2.043400875,1.607276824,2.603790906,4.31E-09,5.19E-09,4.74E-09,0.657317517,0.144902025,4.536289389,5.73E-06,NA,NA,NA,NA,NA,NA,NA,NA,NA,NA,NA,NA,NA,NA,0.017827,0,0.424448,0,0.557725
1152783|.|C|T|.|.|GT,NA,NA,298,299,191,352,60.9406953,54.07066052,1.836768285,6.30E-07,0.015943003,6.73E-05,80,53,52,0.004868154,0.00968285,0.028461161,1.028870049,0.095148817,0.29912259,0.764846511,1.83103889,1.444365727,2.324893591,5.26E-07,6.60E-07,5.37E-07,0.613998198,0.142528927,4.307884788,1.65E-05,NA,NA,NA,NA,NA,NA,NA,NA,NA,NA,NA,NA,NA,NA,0.017827,0,0.4618,0.520374,0
2274232|.|G|A|.|.|GT,NA,NA,317,330,172,321,64.82617587,49.30875576,1.792758985,1.82E-06,0.046175001,3.27E-04,76,55,48,1.21E-04,0.028626656,-0.045011632,0.955986361,0.097272645,-0.462736796,0.64355304,1.797771692,1.41455449,2.289278183,1.47E-06,1.84E-06,1.53E-06,0.478077058,0.143787769,3.324879867,8.85E-04,NA,NA,NA,NA,NA,NA,NA,NA,NA,NA,NA,NA,NA,NA,0.017827,0.567912,0,0,0.414261
2461379|.|C|T|.|.|GT,NA,NA,334,329,155,322,68.30265849,49.46236559,2.108991078,1.74E-09,4.41E-05,3.58E-07,79,57,49,1.03E-04,0.042165444,-0.028485567,0.971916322,0.098665755,-0.288707737,0.772805041,2.099790868,1.646573445,2.684782533,1.66E-09,1.88E-09,1.93E-09,0.628344959,0.144713022,4.342007025,1.41E-05,NA,NA,NA,NA,NA,NA,NA,NA,NA,NA,NA,NA,NA,NA,0.017827,0,0.417657,0.564516,0
2563305|.|G|T|.|.|GT,NA,NA,285,267,204,384,58.28220859,58.98617512,2.009253139,8.48E-09,2.15E-04,2.01E-06,61,43,39,0.001868101,0.039617015,0.062023175,1.063987002,0.09304269,0.666609865,0.505021366,2.002512317,1.579846247,2.542387551,8.12E-09,9.02E-09,8.21E-09,0.774948271,0.144424185,5.365779093,8.06E-08,NA,NA,NA,NA,NA,NA,NA,NA,NA,NA,NA,NA,NA,NA,0.017827,0,0,0.488964,0.493209
2737370|.|G|A|.|.|GT,NA,NA,287,262,202,389,58.69120654,59.75422427,2.109496637,9.02E-10,2.28E-05,1.88E-07,69,46,46,0.007620522,0.007620522,-0.061814453,0.940057295,0.094083282,-0.65701846,0.511169047,2.088612263,1.64714023,2.653095815,9.98E-10,1.02E-09,1.02E-09,0.642374009,0.142892665,4.495500241,6.94E-06,NA,NA,NA,NA,NA,NA,NA,NA,NA,NA,NA,NA,NA,NA,0.017827,0.465195,0,0,0.516978
2780900|.|C|T|.|.|GT,NA,NA,216,182,273,469,44.17177914,72.04301075,2.038884193,1.51E-08,3.82E-04,2.37E-06,68,46,46,0.004903383,0.004903383,-0.049342081,0.951855462,0.093850254,-0.525753302,0.599059625,2.03235176,1.588607407,2.60379407,1.54E-08,1.61E-08,1.37E-08,0.726835659,0.150199756,4.839126754,1.30E-06,NA,NA,NA,NA,NA,NA,NA,NA,NA,NA,NA,NA,NA,NA,0.017827,0,0.651104,0.33107,0
2780858|.|G|A|.|.|GT,NA,NA,208,176,281,475,42.53578732,72.96466974,1.997735361,4.91E-08,0.001240004,7.17E-06,59,42,41,0.001547167,0.003793706,-0.013867091,0.986228614,0.094356457,-0.14696494,0.883159694,1.991543138,1.55386122,2.556132051,4.96E-08,5.21E-08,4.40E-08,0.62232645,0.150640234,4.131210068,3.61E-05,NA,NA,NA,NA,NA,NA,NA,NA,NA,NA,NA,NA,NA,NA,0.017827,0.324278,0,0,0.657895
1334754|.|C|T|.|.|GT,NA,NA,185,150,304,501,37.83231084,76.95852535,2.032565789,6.74E-08,0.001721812,1.64E-05,47,31,33,0.007942727,0.039986057,-0.126585025,0.881099231,0.097695117,-1.295714968,0.195073703,2.025687566,1.566442935,2.623817345,6.92E-08,7.19E-08,5.97E-08,0.58460463,0.154425498,3.785674249,1.53E-04,NA,NA,NA,NA,NA,NA,NA,NA,NA,NA,NA,NA,NA,NA,0.016978,0,0.689304,0.293718,0
2461295|.|A|G|.|.|GT,NA,NA,321,328,168,323,65.64417178,49.61597542,1.881587544,2.69E-07,0.006821312,3.31E-05,78,51,56,1.49E-04,0.008771714,0.006182848,1.006202002,0.09613064,0.064317146,0.948717701,1.886323238,1.483228033,2.404174589,1.99E-07,2.09E-07,2.12E-07,0.482848518,0.143712148,3.359830931,7.80E-04,NA,NA,NA,NA,NA,NA,NA,NA,NA,NA,NA,NA,NA,NA,0.016978,0.429542,0,0,0.55348
2471822|.|A|G|.|.|GT,NA,NA,245,231,244,420,50.10224949,64.51612903,1.825633383,8.57E-07,0.021694368,9.91E-05,45,31,32,0.006608823,0.01609436,-0.060267697,0.94151246,0.0926622,-0.650402181,0.515432469,1.820821068,1.434629594,2.313722777,7.94E-07,8.97E-07,7.54E-07,0.6137457,0.144361876,4.251438928,2.12E-05,NA,NA,NA,NA,NA,NA,NA,NA,NA,NA,NA,NA,NA,NA,0.016978,0.561121,0,0,0.421902
2563297|.|A|G|.|.|GT,NA,NA,277,239,212,412,56.64621677,63.28725038,2.252388095,2.27E-11,5.76E-07,8.73E-09,59,41,38,0.003793706,0.03634318,0.067284965,1.069600233,0.093494405,0.719668355,0.471729215,2.243817651,1.767815402,2.85294628,2.37E-11,2.46E-11,2.37E-11,0.807683257,0.144234379,5.599797112,2.15E-08,NA,NA,NA,NA,NA,NA,NA,NA,NA,NA,NA,NA,NA,NA,0.016978,0.526316,0,0,0.456706
2563291|.|A|G|.|.|GT,NA,NA,307,307,182,344,62.78118609,52.84178187,1.89010989,1.70E-07,0.004330113,2.83E-05,77,55,51,2.17E-04,0.005870708,0.081147028,1.084530341,0.095727065,0.847691588,0.396609752,1.883740838,1.484466295,2.394817964,1.66E-07,1.80E-07,1.73E-07,0.625215444,0.142795993,4.378382268,1.20E-05,HF536482,2563291,snp,A,G,G:140 A:1,CDS,+,787/1617,263/538,missense_variant c.787A>G p.Arg263Gly,BN373_24371,NA,"ABC transporter, ATP-binding protein",0.016978,0.442275,0,0,0.540747
2581496|.|G|A|.|.|GT,NA,NA,289,285,200,366,59.1002045,56.22119816,1.855684211,3.48E-07,0.008851643,5.40E-05,80,51,53,0.004868154,0.018316098,0.055064673,1.056608946,0.093655061,0.587951914,0.556564569,1.850017781,1.460175811,2.347471207,3.17E-07,3.66E-07,3.20E-07,0.581179084,0.14197714,4.093469447,4.25E-05,NA,NA,NA,NA,NA,NA,NA,NA,NA,NA,NA,NA,NA,NA,0.016978,0.505942,0,0,0.47708
2780865|.|T|G|.|.|GT,NA,NA,210,170,279,481,42.94478528,73.88632873,2.129664769,3.15E-09,7.97E-05,5.69E-07,65,44,44,0.005918433,0.005918433,-0.009464581,0.990580067,0.094775608,-0.099863049,0.920453053,2.122223419,1.654064481,2.727180236,2.92E-09,3.40E-09,2.54E-09,0.703047689,0.151098702,4.652903581,3.27E-06,NA,NA,NA,NA,NA,NA,NA,NA,NA,NA,NA,NA,NA,NA,0.016978,0,0,0.66129,0.321732
2748626|.|G|A|.|.|GT,NA,NA,311,318,178,333,63.599182,51.15207373,1.829605682,7.78E-07,0.019661145,9.27E-05,64,45,42,0.001562789,0.01685819,0.025297507,1.025620204,0.096756599,0.261455107,0.793741565,1.823566644,1.436296871,2.319749953,7.29E-07,8.17E-07,7.59E-07,0.530765771,0.143215958,3.706051887,2.11E-04,NA,NA,NA,NA,NA,NA,NA,NA,NA,NA,NA,NA,NA,NA,0.016978,0.551783,0,0,0.431239
430251|.|G|C|.|.|GT,NA,NA,276,222,213,429,56.44171779,65.89861751,2.503996955,5.86E-14,1.49E-09,4.96E-11,61,40,44,7.30E-04,0.020414714,0.193918351,1.213997157,0.09415543,2.059555674,0.039441037,2.510203192,1.97431892,3.198046238,3.73E-14,4.10E-14,3.79E-14,0.905037871,0.145395754,6.224651295,4.83E-10,NA,NA,NA,NA,NA,NA,NA,NA,NA,NA,NA,NA,NA,NA,0.016129,0,0.423599,0,0.560272
375414|.|A|G|.|.|GT,NA,NA,279,264,210,387,57.05521472,59.44700461,1.947564935,3.45E-08,8.77E-04,3.95E-06,71,45,49,0.001820405,0.031927162,0.003131011,1.003135918,0.093427973,0.033512568,0.973265844,1.929152167,1.522490051,2.448111042,4.77E-08,5.08E-08,4.75E-08,0.750621315,0.143697371,5.223625949,1.75E-07,NA,NA,NA,NA,NA,NA,NA,NA,NA,NA,NA,NA,NA,NA,0.016129,0.522071,0,0,0.4618
2362075|.|C|T|.|.|GT,NA,NA,203,153,286,498,41.51329243,76.49769585,2.310297546,1.32E-10,3.34E-06,4.33E-08,41,29,28,0.01150779,0.027533156,-7.90E-04,0.999210119,0.094730994,-0.00834144,0.993344571,2.300842039,1.784732278,2.971915946,1.05E-10,1.46E-10,8.82E-11,0.77261192,0.153281162,5.040488416,4.64E-07,NA,NA,NA,NA,NA,NA,NA,NA,NA,NA,NA,NA,NA,NA,0.016129,0,0.672326,0.311545,0
2528214|.|C|G|.|.|GT,NA,NA,294,276,195,375,60.12269939,57.60368664,2.048494983,4.10E-09,1.04E-04,1.03E-06,71,45,47,0.008554539,0.031927162,0.109244987,1.115435584,0.095503247,1.143887669,0.252670226,2.054082852,1.619813084,2.609627343,2.36E-09,3.04E-09,2.45E-09,0.754650397,0.14324258,5.268338497,1.38E-07,HF536482,2528214,snp,C,G,G:147 C:0,NA,NA,NA,NA,NA,NA,NA,NA,0.016129,0,0.48472,0,0.499151
2576857|.|C|T|.|.|GT,NA,NA,284,281,205,370,58.07770961,56.83563748,1.824147209,6.63E-07,0.016846849,9.57E-05,79,51,54,0.001466072,0.012812402,-0.099905746,0.904922707,0.094890445,-1.052853588,0.2924081,1.830201083,1.444844198,2.321542548,4.99E-07,5.14E-07,4.99E-07,0.574657878,0.141542723,4.059960603,4.91E-05,NA,NA,NA,NA,NA,NA,NA,NA,NA,NA,NA,NA,NA,NA,0.016129,0,0.48472,0.499151,0
2712602|.|G|A|.|.|GT,NA,NA,290,270,199,381,59.30470348,58.52534562,2.056393076,2.86E-09,7.23E-05,5.28E-07,67,43,45,0.006741447,0.027119992,-0.094110917,0.910181802,0.094704872,-0.993728353,0.320355136,2.04918301,1.616209489,2.602863051,2.63E-09,3.06E-09,2.69E-09,0.792487057,0.144157377,5.497374289,3.85E-08,NA,NA,NA,NA,NA,NA,NA,NA,NA,NA,NA,NA,NA,NA,0.016129,0.490662,0,0,0.493209
2744317|.|G|A|.|.|GT,NA,NA,195,165,294,486,39.87730061,74.65437788,1.953617811,2.40E-07,0.006053108,3.17E-05,38,26,27,0.013852965,0.03355244,-0.134734365,0.873948032,0.095279436,-1.414097005,0.157333422,1.9476521,1.513929211,2.509096778,2.04E-07,2.55E-07,1.80E-07,0.571976442,0.152300342,3.755582128,1.73E-04,NA,NA,NA,NA,NA,NA,NA,NA,NA,NA,NA,NA,NA,NA,0.016129,0.313243,0,0,0.670628
3199077|.|T|C|.|.|GT,NA,NA,215,172,274,479,43.96728016,73.57910906,2.185218978,7.68E-10,1.95E-05,2.12E-07,58,37,37,0.047940324,0.047940324,-0.037194405,0.96348881,0.094322559,-0.39433202,0.693335926,2.177282996,1.698426284,2.795821776,7.19E-10,8.32E-10,6.25E-10,0.728292808,0.15065577,4.834151433,1.34E-06,NA,NA,NA,NA,NA,NA,NA,NA,NA,NA,NA,NA,NA,NA,0.016129,0,0.327674,0.656197,0
4432867|.|A|C|.|.|GT,NA,NA,266,251,223,400,54.39672802,61.44393241,1.900916513,1.18E-07,0.003012134,3.07E-05,83,57,54,8.78E-04,0.008036706,0.073913144,1.076713282,0.093231166,0.792794374,0.427897635,1.907605489,1.505029086,2.421170534,8.49E-08,8.96E-08,8.26E-08,0.734503497,0.143442209,5.120553433,3.05E-07,HF536482,4432867,snp,A,C,C:195 A:1,CDS,+,30/297,Oct-98,missense_variant c.30A>C p.Gln10His,BN373_41911,NA,conserved hypothetical protein,0.016129,0.526316,0.457555,0,0
136094|.|G|T|.|.|GT,NA,NA,148,105,341,546,30.26584867,83.87096774,2.256891496,1.66E-08,4.23E-04,4.10E-06,23,6,22,5.72E-06,0.034689665,-0.133814501,0.874752315,0.102777831,-1.301978263,0.192923816,2.245699463,1.693302286,2.987280175,1.69E-08,1.82E-08,1.37E-08,0.84780692,0.17496135,4.84568117,1.26E-06,NA,NA,NA,NA,NA,NA,NA,NA,NA,NA,NA,NA,NA,NA,0.01528,0,0,0.219864,0.764856
944279|.|G|A|.|.|GT,NA,NA,273,244,216,407,55.82822086,62.51920123,2.108208106,8.06E-10,2.06E-05,2.82E-07,74,47,50,0.003372233,0.026516833,-0.031833312,0.968668034,0.094149983,-0.338112776,0.735278203,2.100895434,1.656264261,2.669235219,7.92E-10,8.64E-10,7.81E-10,0.601426762,0.142256474,4.227763738,2.36E-05,NA,NA,NA,NA,NA,NA,NA,NA,NA,NA,NA,NA,NA,NA,0.01528,0.438031,0,0,0.546689
1298610|.|G|A|.|.|GT,NA,NA,248,229,241,422,50.71574642,64.82334869,1.896319919,1.72E-07,0.004404389,3.83E-05,63,42,43,0.005152397,0.011141407,-0.040951357,0.95987582,0.093059178,-0.440057156,0.659895712,1.878332738,1.479847016,2.386978814,2.07E-07,2.53E-07,1.96E-07,0.666000517,0.144192881,4.618816921,3.86E-06,NA,NA,NA,NA,NA,NA,NA,NA,NA,NA,NA,NA,NA,NA,0.01528,0.417657,0,0,0.567063
1958207|.|C|G|.|.|GT,NA,NA,219,178,270,473,44.78527607,72.65745008,2.15536829,1.42E-09,3.62E-05,3.35E-07,44,32,29,0.003657767,0.048766766,-0.090540887,0.913436986,0.094271064,-0.960431366,0.336838158,2.164352749,1.690558341,2.775339958,7.91E-10,1.02E-09,6.93E-10,0.607328959,0.148365587,4.093462455,4.25E-05,NA,NA,NA,NA,NA,NA,NA,NA,NA,NA,NA,NA,NA,NA,0.01528,0,0.654499,0,0.330221
2536685|.|T|C|.|.|GT,NA,NA,452,525,37,126,92.43353783,19.35483871,2.931891892,1.11E-08,2.82E-04,2.54E-06,58,47,21,2.03E-06,0.047940324,0.185905183,1.204308066,0.172021291,1.080710315,0.279825993,2.896073554,1.991846065,4.30206057,7.21E-09,8.99E-09,1.72E-08,0.977517489,0.224377293,4.356579394,1.32E-05,NA,NA,NA,NA,NA,NA,NA,NA,NA,NA,NA,NA,NA,NA,0.01528,0,0.844652,0.140068,0
2576860|.|C|T|.|.|GT,NA,NA,283,277,206,374,57.87321063,57.4500768,1.854859626,3.47E-07,0.008826477,5.40E-05,78,49,57,5.57E-05,0.030786496,-0.0857662,0.91780879,0.095170469,-0.901185006,0.367489962,1.8609509,1.469014944,2.36079406,2.41E-07,2.67E-07,2.41E-07,0.586500868,0.141796851,4.136205153,3.53E-05,NA,NA,NA,NA,NA,NA,NA,NA,NA,NA,NA,NA,NA,NA,0.01528,0,0.491511,0.493209,0
2745100|.|T|C|.|.|GT,NA,NA,175,148,314,503,35.78732106,77.26574501,1.894151317,1.64E-06,0.041372142,1.86E-04,20,16,16,0.011817932,0.011817932,-0.139593268,0.869711903,0.097054234,-1.438301685,0.150348474,1.888516495,1.457110476,2.450929766,1.50E-06,1.73E-06,1.32E-06,0.749421872,0.159482217,4.699093639,2.61E-06,NA,NA,NA,NA,NA,NA,NA,NA,NA,NA,NA,NA,NA,NA,0.01528,0,0.286078,0.698642,0
4557789|.|G|A|.|.|GT,NA,NA,293,292,196,359,59.91820041,55.14592934,1.837905368,4.86E-07,0.012393248,1.14E-04,86,54,57,0.003353275,0.022982592,0.071643477,1.074272273,0.094366974,0.759200742,0.447732483,1.832287953,1.445891291,2.325437428,4.92E-07,5.10E-07,4.99E-07,0.533236436,0.141772907,3.761201261,1.69E-04,NA,NA,NA,NA,NA,NA,NA,NA,NA,NA,NA,NA,NA,NA,0.01528,0.496604,0,0,0.488115
4847576|.|C|T|.|.|GT,NA,NA,265,250,224,401,54.19222904,61.59754224,1.897589286,1.19E-07,0.003047586,2.88E-05,56,37,38,0.010454818,0.022241389,0.032378451,1.032908337,0.093525274,0.346200014,0.729192404,1.892035927,1.492800084,2.401214958,1.23E-07,1.26E-07,1.20E-07,0.612471184,0.142834823,4.28796823,1.80E-05,NA,NA,NA,NA,NA,NA,NA,NA,NA,NA,NA,NA,NA,NA,0.01528,0,0.549236,0.435484,0
4982829|.|T|C|.|.|GT,NA,NA,244,220,245,431,49.89775051,66.20583717,1.95109462,5.52E-08,0.001411342,1.50E-05,81,52,50,0.013999474,0.044828522,-0.108097352,0.897540215,0.092910376,-1.16345834,0.244643591,1.945312903,1.530950937,2.475070828,4.80E-08,5.85E-08,4.50E-08,0.589727512,0.142977312,4.124623027,3.71E-05,NA,NA,NA,NA,NA,NA,NA,NA,NA,NA,NA,NA,NA,NA,0.01528,0,0.408319,0.576401,0
5142449|.|G|A|.|.|GT,NA,NA,232,177,257,474,47.44376278,72.81105991,2.417463563,2.23E-12,5.70E-08,1.42E-09,47,32,33,0.007942727,0.018623837,-0.03194636,0.968558534,0.093401757,-0.342031686,0.732327047,2.388969383,1.867631383,3.061575601,3.15E-12,3.94E-12,2.76E-12,0.88010815,0.149072737,5.903884031,3.55E-09,NA,NA,NA,NA,NA,NA,NA,NA,NA,NA,NA,NA,NA,NA,0.01528,0.358234,0,0,0.626486
121034|.|T|C|.|.|GT,NA,NA,275,249,214,402,56.23721881,61.75115207,2.074653755,1.79E-09,4.54E-05,5.04E-07,96,59,65,6.75E-04,0.03154812,0.110023824,1.116304665,0.094187239,1.168139399,0.24275054,2.081019704,1.6409335,2.643409657,1.26E-09,1.32E-09,1.25E-09,0.721751803,0.143181111,5.040831146,4.64E-07,HF536482,121034,snp,T,C,C:207 T:0,NA,NA,NA,NA,NA,NA,NA,NA,0.014431,0,0.462649,0.52292,0
531028|.|G|A|.|.|GT,NA,NA,246,221,243,430,50.30674847,66.05222734,1.969722362,2.96E-08,7.58E-04,7.43E-06,70,44,44,0.041391429,0.041391429,-0.002054788,0.997947322,0.092702584,-0.022165377,0.982316036,1.963789027,1.545697671,2.498437957,3.02E-08,3.13E-08,2.84E-08,0.662390597,0.145005939,4.568023916,4.92E-06,HF536482,531028,snp,G,A,A:200 G:0,NA,NA,NA,NA,NA,NA,NA,NA,0.014431,0.412564,0,0,0.573005
944660|.|G|A|.|.|GT,NA,NA,307,304,182,347,62.78118609,53.30261137,1.925408473,8.71E-08,0.002224412,2.10E-05,81,51,56,7.52E-04,0.025654358,0.003825319,1.003832645,0.096443356,0.039663898,0.968361084,1.918788052,1.511994024,2.439504223,7.18E-08,9.21E-08,7.52E-08,0.49842457,0.142908742,3.487712241,4.87E-04,NA,NA,NA,NA,NA,NA,NA,NA,NA,NA,NA,NA,NA,NA,0.014431,0.520374,0,0,0.465195
914228|.|T|C|.|.|GT,NA,NA,217,195,272,456,44.37627812,70.04608295,1.86561086,6.05E-07,0.01543613,1.28E-04,65,45,42,0.002626377,0.024811975,-0.003640382,0.996366236,0.093535768,-0.038919679,0.968954427,1.860594396,1.457661276,2.377469178,5.91E-07,6.35E-07,5.41E-07,0.59746699,0.147238635,4.05781397,4.95E-05,NA,NA,NA,NA,NA,NA,NA,NA,NA,NA,NA,NA,NA,NA,0.014431,0,0.359083,0.626486,0
1605447|.|C|T|.|.|GT,NA,NA,268,240,221,411,54.80572597,63.13364055,2.076696833,1.67E-09,4.25E-05,5.99E-07,98,67,70,2.64E-05,3.55E-04,-0.085926761,0.917661438,0.094258105,-0.911611377,0.361973331,2.069705759,1.631524328,2.629705247,1.77E-09,1.78E-09,1.72E-09,0.77075277,0.143618357,5.366673072,8.02E-08,NA,NA,NA,NA,NA,NA,NA,NA,NA,NA,NA,NA,NA,NA,0.014431,0,0.554329,0.431239,0
1605448|.|A|G|.|.|GT,NA,NA,280,278,209,373,57.2597137,57.29646697,1.797528484,1.22E-06,0.03108198,2.80E-04,98,67,70,2.64E-05,3.55E-04,-0.119849234,0.887054164,0.093697024,-1.279114627,0.200856693,1.803714762,1.424206559,2.28751216,9.22E-07,9.49E-07,9.16E-07,0.684379109,0.142835248,4.791388122,1.66E-06,NA,NA,NA,NA,NA,NA,NA,NA,NA,NA,NA,NA,NA,NA,0.014431,0.509338,0,0,0.476231
1754175|.|C|T|.|.|GT,NA,NA,308,280,181,371,62.98568507,56.98924731,2.254696133,2.61E-11,6.64E-07,1.30E-08,77,50,51,0.005870708,0.011672721,0.13754603,1.147454522,0.096724169,1.422044062,0.15501346,2.231409748,1.75702763,2.839844157,3.34E-11,4.23E-11,3.70E-11,0.732207577,0.143784205,5.092406203,3.54E-07,NA,NA,NA,NA,NA,NA,NA,NA,NA,NA,NA,NA,NA,NA,0.014431,0,0.463497,0.522071,0
1754181|.|C|T|.|.|GT,NA,NA,241,211,248,440,49.28425358,67.58832565,2.026448555,1.16E-08,2.96E-04,3.47E-06,70,48,52,5.85E-05,0.002547565,0.037703469,1.038423262,0.094203511,0.400234218,0.688984014,2.020072703,1.587993462,2.573272098,9.29E-09,1.24E-08,8.61E-09,0.647424826,0.145136361,4.460803751,8.17E-06,NA,NA,NA,NA,NA,NA,NA,NA,NA,NA,NA,NA,NA,NA,0.014431,0,0.586587,0.398981,0
1958252|.|C|T|.|.|GT,NA,NA,232,210,257,441,47.44376278,67.74193548,1.895719844,2.35E-07,0.005986262,3.86E-05,48,34,33,0.005515201,0.013283282,-0.122031908,0.885120125,0.092838131,-1.314458915,0.188691815,1.903718189,1.495733568,2.426025718,1.58E-07,1.77E-07,1.47E-07,0.544690401,0.144461076,3.770499399,1.63E-04,NA,NA,NA,NA,NA,NA,NA,NA,NA,NA,NA,NA,NA,NA,0.014431,0,0.613752,0.371817,0
2170704|.|G|A|.|.|GT,NA,NA,259,192,230,459,52.96523517,70.50691244,2.69205163,1.27E-15,3.23E-11,1.74E-11,51,33,36,0.00460131,0.048873892,0.036104076,1.036763743,0.096016557,0.376019272,0.706902569,2.699231413,2.115684373,3.451294445,8.88E-16,8.61E-16,7.34E-16,0.936542558,0.147872891,6.333429711,2.40E-10,NA,NA,NA,NA,NA,NA,NA,NA,NA,NA,NA,NA,NA,NA,0.014431,0.401528,0,0,0.584041
2361250|.|G|A|.|.|GT,NA,NA,292,292,197,359,59.71370143,55.14592934,1.822335025,6.72E-07,0.017057451,1.09E-04,57,40,41,0.001263559,0.003201544,0.015810632,1.015936281,0.09398041,0.168233272,0.866399767,1.8168538,1.433875171,2.305650088,7.03E-07,7.05E-07,7.11E-07,0.610495475,0.14275439,4.27654431,1.90E-05,HF536482,2361250,snp,G,A,A:124 G:0,CDS,+,748/1239,250/412,missense_variant c.748G>A p.Val250Ile,BN373_22391,NA,"transporter, major facilitator family",0.014431,0.511036,0,0,0.474533
2507128|.|C|T|.|.|GT,NA,NA,236,215,253,436,48.26175869,66.97388633,1.891644453,2.58E-07,0.00652579,3.18E-05,73,46,47,0.018617751,0.034415914,0.068889666,1.071318,0.092276151,0.746559817,0.455329312,1.886381526,1.483456895,2.401584743,2.14E-07,2.72E-07,1.99E-07,0.589871219,0.144249023,4.089256244,4.33E-05,NA,NA,NA,NA,NA,NA,NA,NA,NA,NA,NA,NA,NA,NA,0.014431,0,0.589134,0.396435,0
2604898|.|C|G|.|.|GT,NA,NA,231,187,258,464,47.2392638,71.2749616,2.221614227,2.03E-10,5.16E-06,6.29E-08,52,35,34,0.017533235,0.0364834,-0.006010478,0.994007549,0.092786877,-0.064777243,0.948351361,2.213494157,1.733264641,2.831447875,1.62E-10,2.22E-10,1.44E-10,0.806711284,0.149011302,5.413759061,6.17E-08,NA,NA,NA,NA,NA,NA,NA,NA,NA,NA,NA,NA,NA,NA,0.014431,0,0.617148,0,0.368421
2582577|.|A|T|.|.|GT,NA,NA,210,185,279,466,42.94478528,71.58218126,1.895960477,4.57E-07,0.011606986,6.87E-05,56,36,39,0.004561533,0.044046546,-0.0346044,0.965987485,0.095317183,-0.36304472,0.716571479,1.890661329,1.477915685,2.421637538,3.84E-07,4.84E-07,3.47E-07,0.533983208,0.148426887,3.597617776,3.21E-04,NA,NA,NA,NA,NA,NA,NA,NA,NA,NA,NA,NA,NA,NA,0.014431,0.65365,0,0.331919,0
2748273|.|C|T|.|.|GT,NA,NA,268,246,221,405,54.80572597,62.21198157,1.996468381,1.45E-08,3.67E-04,2.30E-06,67,42,44,0.013933875,0.049800114,-0.03679361,0.963875049,0.095573762,-0.384976053,0.700255158,1.977232826,1.559497423,2.510484462,1.61E-08,1.63E-08,1.57E-08,0.618867807,0.143006887,4.327538492,1.51E-05,NA,NA,NA,NA,NA,NA,NA,NA,NA,NA,NA,NA,NA,NA,0.014431,0,0.5382,0.447368,0
2742612|.|C|T|.|.|GT,NA,NA,328,341,161,310,67.07566462,47.61904762,1.852060982,6.09E-07,0.015399491,7.39E-05,64,46,41,6.17E-04,0.032765759,0.006349975,1.006370179,0.098653448,0.064366482,0.948678418,1.845236467,1.448628929,2.355912073,6.11E-07,6.43E-07,6.55E-07,0.608632172,0.144879787,4.20094607,2.66E-05,NA,NA,NA,NA,NA,NA,NA,NA,NA,NA,NA,NA,NA,NA,0.014431,0,0.408319,0.57725,0
2869709|.|G|A|.|.|GT,NA,NA,273,258,216,393,55.82822086,60.36866359,1.925226098,6.41E-08,0.001629561,1.31E-05,67,44,48,5.22E-04,0.013933875,-0.004495265,0.995514824,0.093119462,-0.048274168,0.961497742,1.919369108,1.514646262,2.435544312,6.15E-08,6.77E-08,6.06E-08,0.798086467,0.143485646,5.562134553,2.66E-08,NA,NA,NA,NA,NA,NA,NA,NA,NA,NA,NA,NA,NA,NA,0.014431,0.466893,0,0,0.518676
2832696|.|C|G|.|.|GT,NA,NA,340,352,149,299,69.52965235,45.92933948,1.938300793,1.29E-07,0.003279975,2.45E-05,82,54,54,0.005435925,0.005435925,0.09839218,1.10339543,0.101508759,0.96929744,0.332396806,1.930229888,1.510728984,2.472899214,1.19E-07,1.37E-07,1.33E-07,0.634408152,0.148470469,4.2729585,1.93E-05,NA,NA,NA,NA,NA,NA,NA,NA,NA,NA,NA,NA,NA,NA,0.014431,0,0.378608,0,0.606961
3203822|.|C|T|.|.|GT,NA,NA,210,149,279,502,42.94478528,77.11213518,2.535902432,6.67E-13,1.69E-08,3.76E-10,48,32,36,7.17E-04,0.029304947,-0.031127752,0.969351729,0.097368045,-0.31969166,0.749202083,2.524050138,1.957004939,3.263199911,7.04E-13,7.43E-13,5.78E-13,0.890003788,0.155386087,5.727692891,1.02E-08,HF536482,3203822,snp,C,T,T:90 C:0,CDS,-,181/252,61/83,missense_variant c.181G>A p.Ala61Thr,BN373_30551,NA,conserved hypothetical protein,0.014431,0,0.672326,0.313243,0
3210820|.|C|T|.|.|GT,NA,NA,234,193,255,458,47.85276074,70.35330261,2.177628772,3.83E-10,9.72E-06,1.12E-07,74,49,50,0.003372233,0.007084253,-0.005921579,0.994095919,0.094057415,-0.062957066,0.949800693,2.16992226,1.701049498,2.772285294,3.83E-10,4.13E-10,3.45E-10,0.657014618,0.145931403,4.502215452,6.72E-06,NA,NA,NA,NA,NA,NA,NA,NA,NA,NA,NA,NA,NA,NA,0.014431,0,0.612054,0.373514,0
3210811|.|G|A|.|.|GT,NA,NA,265,251,224,400,54.19222904,61.44393241,1.885315879,1.65E-07,0.004179304,2.18E-05,90,61,57,9.73E-04,0.014866753,0.033348164,1.033910447,0.094502827,0.352880065,0.724178356,1.879857908,1.483303655,2.385543529,1.64E-07,1.73E-07,1.59E-07,0.525611063,0.142606943,3.685732633,2.28E-04,NA,NA,NA,NA,NA,NA,NA,NA,NA,NA,NA,NA,NA,NA,0.014431,0.436333,0,0,0.549236
3155657|.|T|A|.|.|GT,NA,NA,326,341,163,310,66.66666667,47.61904762,1.818181818,1.53E-06,0.038906192,1.54E-04,90,60,59,0.002060266,0.004165114,-0.116603372,0.889938098,0.099165256,-1.175849049,0.239655202,1.811709293,1.422889036,2.311931341,1.27E-06,1.61E-06,1.35E-06,0.605192408,0.144735741,4.181361175,2.90E-05,NA,NA,NA,NA,NA,NA,NA,NA,NA,NA,NA,NA,NA,NA,0.014431,0.588285,0,0.397284,0
3275902|.|C|T|.|.|GT,NA,NA,211,164,278,487,43.14928425,74.80798771,2.253838393,2.40E-10,6.09E-06,2.61E-08,44,29,30,0.022628841,0.048766766,-0.051765383,0.949551622,0.095635968,-0.541275251,0.588317876,2.263449962,1.761539462,2.913595867,1.43E-10,1.69E-10,1.22E-10,0.708934642,0.152049976,4.662510722,3.12E-06,NA,NA,NA,NA,NA,NA,NA,NA,NA,NA,NA,NA,NA,NA,0.014431,0,0.666384,0.319185,0
3277482|.|G|C|.|.|GT,NA,NA,224,186,265,465,45.80777096,71.42857143,2.113207547,2.78E-09,7.03E-05,2.75E-07,54,36,36,0.019834327,0.019834327,0.045145126,1.046179677,0.093054251,0.485148457,0.627571041,2.106073369,1.648272636,2.695000081,2.30E-09,3.00E-09,2.05E-09,0.820534645,0.149506143,5.48830054,4.06E-08,NA,NA,NA,NA,NA,NA,NA,NA,NA,NA,NA,NA,NA,NA,0.014431,0,0.362479,0,0.62309
3277329|.|C|T|.|.|GT,NA,NA,273,250,216,401,55.82822086,61.59754224,2.027277778,5.43E-09,1.38E-04,5.04E-07,95,64,65,4.25E-04,9.25E-04,0.011218205,1.011281365,0.094477078,0.118739964,0.905481374,2.020613907,1.593690956,2.565817428,5.48E-09,5.78E-09,5.40E-09,0.731062802,0.143551963,5.092670178,3.53E-07,NA,NA,NA,NA,NA,NA,NA,NA,NA,NA,NA,NA,NA,NA,0.014431,0,0.528862,0.456706,0
3277328|.|G|A|.|.|GT,NA,NA,275,257,214,394,56.23721881,60.52227343,1.970071639,2.28E-08,5.79E-04,1.90E-06,100,66,69,1.83E-04,0.00178993,0.010559073,1.010615016,0.094428707,0.111820578,0.910965671,1.951305984,1.539700304,2.476674417,2.85E-08,3.41E-08,2.82E-08,0.711232446,0.143291504,4.963535348,6.92E-07,NA,NA,NA,NA,NA,NA,NA,NA,NA,NA,NA,NA,NA,NA,0.014431,0.464346,0,0,0.521222
3391597|.|C|T|.|.|GT,NA,NA,242,201,247,450,49.48875256,69.12442396,2.193486011,2.24E-10,5.71E-06,7.52E-08,59,38,44,2.04E-04,0.03634318,-0.094501161,0.909826679,0.095389752,-0.990684623,0.321839602,2.201387925,1.727938247,2.809094963,1.42E-10,1.61E-10,1.30E-10,0.894462591,0.147715016,6.05532611,1.40E-09,NA,NA,NA,NA,NA,NA,NA,NA,NA,NA,NA,NA,NA,NA,0.014431,0,0.595925,0.389643,0
3350576|.|C|T|.|.|GT,NA,NA,312,310,177,341,63.80368098,52.38095238,1.938983051,6.01E-08,0.001533137,1.27E-05,78,54,51,9.01E-04,0.008771714,0.138197921,1.148202781,0.096006106,1.439470122,0.150017369,1.932080618,1.521493493,2.45838505,5.62E-08,6.37E-08,5.95E-08,0.585216657,0.143462027,4.07924432,4.52E-05,NA,NA,NA,NA,NA,NA,NA,NA,NA,NA,NA,NA,NA,NA,0.014431,0,0.451613,0.533956,0
3516314|.|A|G|.|.|GT,NA,NA,206,155,283,496,42.12678937,76.19047619,2.329328622,6.63E-11,1.69E-06,2.49E-08,42,30,28,0.007915897,0.043558522,-0.074155893,0.928526931,0.094771345,-0.782471681,0.433937422,2.319738477,1.800908216,2.993845656,5.95E-11,7.32E-11,4.99E-11,0.705788204,0.150821914,4.679613093,2.87E-06,NA,NA,NA,NA,NA,NA,NA,NA,NA,NA,NA,NA,NA,NA,0.014431,0.66893,0,0,0.316638
3515371|.|G|A|.|.|GT,NA,NA,318,305,171,346,65.03067485,53.14900154,2.109634743,1.15E-09,2.93E-05,3.40E-07,91,61,60,0.001516513,0.00311269,0.052208921,1.053595838,0.097676482,0.534508618,0.592989689,2.114106488,1.663024007,2.693558082,7.40E-10,8.58E-10,8.26E-10,0.674900184,0.143457027,4.704546017,2.54E-06,NA,NA,NA,NA,NA,NA,NA,NA,NA,NA,NA,NA,NA,NA,0.014431,0.534805,0,0,0.450764
3960974|.|C|T|.|.|GT,NA,NA,327,311,162,340,66.87116564,52.22734255,2.206740503,1.45E-10,3.71E-06,5.53E-08,86,54,53,0.022982592,0.039853629,0.13860854,1.148674352,0.098444658,1.407984383,0.159135694,2.210567604,1.736088548,2.821873526,8.60E-11,1.07E-10,1.01E-10,0.727504472,0.145539807,4.998663166,5.77E-07,NA,NA,NA,NA,NA,NA,NA,NA,NA,NA,NA,NA,NA,NA,0.014431,0,0.439728,0.54584,0
4432769|.|C|A|.|.|GT,NA,NA,243,207,246,444,49.69325153,68.20276498,2.118769883,1.21E-09,3.09E-05,5.63E-07,73,48,49,0.004626294,0.009542211,0.0522384,1.053626897,0.093350935,0.559591609,0.575758029,2.111609051,1.659103984,2.691502761,1.08E-09,1.30E-09,9.98E-10,0.817996519,0.146100105,5.598876994,2.16E-08,NA,NA,NA,NA,NA,NA,NA,NA,NA,NA,NA,NA,NA,NA,0.014431,0.396435,0.589134,0,0
911195|.|T|C|.|.|GT,NA,NA,287,283,202,368,58.69120654,56.52841782,1.84753175,4.74E-07,0.012104717,1.03E-04,77,51,49,0.005870708,0.022033459,-0.049861564,0.951361118,0.093489622,-0.533337964,0.593799652,1.841975593,1.453987478,2.336925377,3.81E-07,4.98E-07,3.83E-07,0.573507097,0.141662435,4.048406316,5.16E-05,NA,NA,NA,NA,NA,NA,NA,NA,NA,NA,NA,NA,NA,NA,0.013582,0,0.501698,0.48472,0
1153276|.|G|A|.|.|GT,NA,NA,302,305,187,346,61.75869121,53.14900154,1.832068028,6.26E-07,0.015857301,6.72E-05,73,50,47,0.002118173,0.018617751,0.037901871,1.038629308,0.095440845,0.397124214,0.691275865,1.826269545,1.440066691,2.320171686,6.11E-07,6.58E-07,6.27E-07,0.553399773,0.142939356,3.871570353,1.08E-04,NA,NA,NA,NA,NA,NA,NA,NA,NA,NA,NA,NA,NA,NA,0.013582,0.53056,0,0,0.455857
1164327|.|G|A|.|.|GT,NA,NA,362,391,127,260,74.02862986,39.93855607,1.895402461,7.92E-07,0.020041533,8.15E-05,73,53,47,1.42E-04,0.018617751,0.041788357,1.04267378,0.105077212,0.397691905,0.690857305,1.898389595,1.472947435,2.455324832,6.04E-07,6.26E-07,6.93E-07,0.510074897,0.151702793,3.362330286,7.73E-04,NA,NA,NA,NA,NA,NA,NA,NA,NA,NA,NA,NA,NA,NA,0.013582,0.655348,0,0,0.33107
1641554|.|G|A|.|.|GT,NA,NA,259,208,230,443,52.96523517,68.04915515,2.398348662,1.35E-12,3.44E-08,6.75E-10,58,42,38,8.62E-04,0.024746036,0.087551983,1.091499002,0.093018429,0.941232647,0.34658565,2.405508668,1.889985404,3.067324499,7.13E-13,9.40E-13,6.74E-13,0.949786199,0.146752786,6.47201478,9.67E-11,NA,NA,NA,NA,NA,NA,NA,NA,NA,NA,NA,NA,NA,NA,0.013582,0.409168,0,0,0.57725
2032383|.|A|G|.|.|GT,NA,NA,272,257,217,394,55.62372188,60.52227343,1.921641055,6.52E-08,0.001652025,1.21E-05,74,47,50,0.003372233,0.026516833,0.049152044,1.050380043,0.093697049,0.524584763,0.599871881,1.915779922,1.511835405,2.43133822,6.73E-08,6.88E-08,6.61E-08,0.708847282,0.143338817,4.945256954,7.60E-07,NA,NA,NA,NA,NA,NA,NA,NA,NA,NA,NA,NA,NA,NA,0.013582,0.520374,0,0,0.466044
2363923|.|C|T|.|.|GT,NA,NA,273,233,216,418,55.82822086,64.20890937,2.267405818,1.97E-11,5.00E-07,8.93E-09,62,41,45,4.97E-04,0.015134081,0.140290342,1.15060782,0.095732628,1.465439158,0.14280114,2.243800297,1.767412,2.853472192,2.49E-11,3.26E-11,2.46E-11,0.643549458,0.144033852,4.468043098,7.89E-06,NA,NA,NA,NA,NA,NA,NA,NA,NA,NA,NA,NA,NA,NA,0.013582,0,0.541596,0.444822,0
2360539|.|C|T|.|.|GT,NA,NA,204,169,285,482,41.71779141,74.03993856,2.041482404,2.61E-08,6.62E-04,5.34E-06,32,23,26,5.35E-04,0.020061607,0.053962337,1.05544485,0.093886677,0.574760323,0.565453404,2.034814277,1.584704335,2.616658477,2.37E-08,2.79E-08,2.08E-08,0.738951409,0.150986323,4.894161221,9.87E-07,NA,NA,NA,NA,NA,NA,NA,NA,NA,NA,NA,NA,NA,NA,0.013582,0,0.659593,0.326825,0
2347096|.|A|G|.|.|GT,NA,NA,174,146,315,505,35.58282209,77.57296467,1.910632746,1.13E-06,0.028641797,1.75E-04,24,18,19,0.006610751,0.022655845,-0.143845263,0.866021743,0.097086843,-1.481614389,0.138442928,1.904811315,1.468563303,2.474200752,1.16E-06,1.19E-06,1.02E-06,0.691750264,0.159249874,4.343804143,1.40E-05,NA,NA,NA,NA,NA,NA,NA,NA,NA,NA,NA,NA,NA,NA,0.013582,0.706282,0,0,0.280136
2359322|.|A|G|.|.|GT,NA,NA,218,198,271,453,44.5807771,69.58525346,1.840433859,1.18E-06,0.029919221,1.80E-04,50,33,42,1.16E-06,0.032839138,-0.067964107,0.934294007,0.093488802,-0.726975915,0.46724071,1.83561205,1.438883167,2.344415489,9.80E-07,1.24E-06,9.03E-07,0.538647639,0.146704458,3.671651472,2.41E-04,HF536482,2359322,snp,A,G,G:123 A:0,CDS,+,635/756,212/251,missense_variant c.635A>G p.Gln212Arg,BN373_22371,NA,conserved domain protein,0.013582,0.621392,0,0,0.365025
2595186|.|C|T|.|.|GT,NA,NA,314,318,175,333,64.21267894,51.15207373,1.878921833,2.93E-07,0.007452262,4.69E-05,79,51,55,6.39E-04,0.012812402,0.081178373,1.084564336,0.096982481,0.837041617,0.402569176,1.883916525,1.48315216,2.397718998,1.84E-07,2.25E-07,1.94E-07,0.580024613,0.144274959,4.020272238,5.81E-05,NA,NA,NA,NA,NA,NA,NA,NA,NA,NA,NA,NA,NA,NA,0.013582,0,0.434635,0.551783,0
2625223|.|G|A|.|.|GT,NA,NA,227,210,262,441,46.42126789,67.74193548,1.819465649,1.51E-06,0.038398817,2.76E-04,65,41,47,4.22E-04,0.046353474,-0.048835231,0.952338033,0.09377524,-0.520768925,0.602527753,1.802165764,1.415985963,2.296012883,1.64E-06,1.66E-06,1.53E-06,0.542233416,0.144994777,3.739675514,1.84E-04,NA,NA,NA,NA,NA,NA,NA,NA,NA,NA,NA,NA,NA,NA,0.013582,0.36927,0,0,0.617148
3210844|.|C|T|.|.|GT,NA,NA,280,255,209,396,57.2597137,60.82949309,2.080495356,1.83E-09,4.64E-05,4.50E-07,92,56,69,1.67E-06,0.047011562,-0.009005169,0.991035256,0.093979033,-0.095821048,0.923662701,2.060040004,1.624788531,2.616309229,2.03E-09,2.07E-09,2.04E-09,0.714894233,0.142403919,5.020186498,5.16E-07,NA,NA,NA,NA,NA,NA,NA,NA,NA,NA,NA,NA,NA,NA,0.013582,0,0.526316,0.460102,0
3153557|.|G|A|.|.|GT,NA,NA,334,336,155,315,68.30265849,48.38709677,2.02016129,1.47E-08,3.72E-04,2.45E-06,84,59,52,2.66E-04,0.037529534,0.052376753,1.05377268,0.099372462,0.527075127,0.598141419,2.011711816,1.577378314,2.572238506,1.40E-08,1.57E-08,1.59E-08,0.642414589,0.145174837,4.425109774,9.64E-06,HF536482,3153557,snp,G,A,A:180 G:0,NA,NA,NA,NA,NA,NA,NA,NA,0.013582,0.589983,0,0,0.396435
3157649|.|T|G|.|.|GT,NA,NA,253,231,236,420,51.73824131,64.51612903,1.949152542,4.76E-08,0.001208127,7.02E-06,77,49,50,0.011672721,0.022033459,-0.011238776,0.988824143,0.093136358,-0.120670125,0.903952322,1.930412282,1.521176687,2.452958353,5.78E-08,7.11E-08,5.51E-08,0.632403978,0.14345418,4.408403983,1.04E-05,HF536482,3157649,snp,T,G,G:136 T:0,CDS,-,307/495,103/164,missense_variant c.307A>C p.Lys103Gln,BN373_30101,vsr,very short patch repair protein,0.013582,0,0,0.562818,0.423599
3123993|.|A|G|.|.|GT,NA,NA,314,313,175,338,64.21267894,51.92012289,1.93759927,5.97E-08,0.001514363,8.70E-06,92,64,58,2.23E-04,0.016020275,-0.004092542,0.995915821,0.096055656,-0.042605949,0.966015653,1.930641103,1.51991982,2.457365509,6.02E-08,6.33E-08,6.40E-08,0.657599466,0.144274867,4.557962718,5.17E-06,NA,NA,NA,NA,NA,NA,NA,NA,NA,NA,NA,NA,NA,NA,0.013582,0.433786,0,0,0.552632
3275625|.|T|C|.|.|GT,NA,NA,287,271,202,380,58.69120654,58.37173579,1.992254576,1.23E-08,3.13E-04,1.06E-06,91,60,65,5.31E-05,0.00311269,-0.09461508,0.909723038,0.094430021,-1.001959748,0.316363034,1.985629151,1.566575198,2.520889859,1.23E-08,1.31E-08,1.24E-08,0.670479517,0.142737386,4.697294341,2.64E-06,NA,NA,NA,NA,NA,NA,NA,NA,NA,NA,NA,NA,NA,NA,0.013582,0,0.489813,0.496604,0
3357564|.|G|A|.|.|GT,NA,NA,281,230,208,421,57.46421268,64.66973886,2.47284699,1.10E-13,2.81E-09,7.21E-11,86,54,55,0.012672514,0.022982592,0.095993331,1.100751723,0.094115944,1.019947597,0.307753314,2.478819722,1.950632972,3.156197955,7.31E-14,7.78E-14,7.53E-14,0.862498206,0.14356541,6.007702036,1.88E-09,NA,NA,NA,NA,NA,NA,NA,NA,NA,NA,NA,NA,NA,NA,0.013582,0.448217,0,0,0.5382
3326757|.|C|G|.|.|GT,NA,NA,286,280,203,371,58.48670757,56.98924731,1.866748768,2.55E-07,0.006508026,4.75E-05,101,63,66,0.002653786,0.016505856,0.076706197,1.079724804,0.095509403,0.803127175,0.421901232,1.861081055,1.469007087,2.361221384,2.42E-07,2.68E-07,2.43E-07,0.667360539,0.142896227,4.670246046,3.01E-06,NA,NA,NA,NA,NA,NA,NA,NA,NA,NA,NA,NA,NA,NA,0.013582,0,0.49236,0,0.494058
4303679|.|A|G|.|.|GT,NA,NA,295,271,194,380,60.32719836,58.37173579,2.132232663,4.41E-10,1.13E-05,9.16E-08,68,43,49,3.58E-04,0.038460053,-0.102216576,0.902833998,0.095411681,-1.071321408,0.284024937,2.12430843,1.674692075,2.699628169,4.23E-10,4.74E-10,4.42E-10,0.603366886,0.142380535,4.237706269,2.26E-05,NA,NA,NA,NA,NA,NA,NA,NA,NA,NA,NA,NA,NA,NA,0.013582,0.487267,0,0,0.499151
4269966|.|C|G|.|.|GT,NA,NA,242,226,247,425,49.48875256,65.28417819,1.842463545,5.92E-07,0.015108513,7.14E-05,65,41,45,0.002626377,0.046353474,-0.044959035,0.956036645,0.095974695,-0.468446764,0.639465133,1.837546197,1.447002419,2.335966017,5.71E-07,6.20E-07,5.40E-07,0.410007321,0.144744264,2.8326326,0.004616641,NA,NA,NA,NA,NA,NA,NA,NA,NA,NA,NA,NA,NA,NA,0.013582,0,0.588285,0,0.398132
4656346|.|C|T|.|.|GT,NA,NA,237,224,252,427,48.46625767,65.59139785,1.792782738,1.93E-06,0.049194817,4.03E-04,72,47,48,0.006309827,0.012774596,-0.022934633,0.977326367,0.093783649,-0.244548307,0.806806193,1.78827142,1.407766399,2.274003724,1.85E-06,2.01E-06,1.75E-06,0.531856455,0.144780703,3.673531371,2.39E-04,NA,NA,NA,NA,NA,NA,NA,NA,NA,NA,NA,NA,NA,NA,0.013582,0,0.583192,0.403226,0
4815807|.|C|T|.|.|GT,NA,NA,184,142,305,509,37.62781186,78.18740399,2.162456707,7.15E-09,1.82E-04,2.22E-06,37,25,27,0.007632079,0.047031027,-0.001135843,0.998864802,0.096662146,-0.011750649,0.990624555,2.135024796,1.647340445,2.772167757,8.89E-09,1.19E-08,7.50E-09,0.674940663,0.156182722,4.32148099,1.55E-05,NA,NA,NA,NA,NA,NA,NA,NA,NA,NA,NA,NA,NA,NA,0.013582,0,0.702037,0.28438,0
4956286|.|A|G|.|.|GT,NA,NA,275,264,214,387,56.23721881,59.44700461,1.883761682,1.76E-07,0.004482688,4.15E-05,67,45,48,5.22E-04,0.006741447,-0.046414978,0.954645723,0.092759619,-0.500379138,0.61680814,1.878168489,1.482521242,2.382718243,1.62E-07,1.85E-07,1.60E-07,0.694638261,0.143252295,4.84905501,1.24E-06,NA,NA,NA,NA,NA,NA,NA,NA,NA,NA,NA,NA,NA,NA,0.013582,0.510187,0,0,0.476231
5299838|.|G|A|.|.|GT,NA,NA,200,161,289,490,40.8997955,75.2688172,2.106213329,9.07E-09,2.32E-04,3.22E-06,36,25,27,0.003933173,0.02881672,-0.085862809,0.917720126,0.095198098,-0.901938277,0.367089657,2.098851689,1.630876437,2.705511361,7.63E-09,9.81E-09,6.58E-09,0.652929113,0.152568323,4.279585044,1.87E-05,HF536482,5299838,snp,G,A,A:141 G:1,NA,NA,NA,NA,NA,NA,NA,NA,0.013582,0.312394,0,0,0.674024
103728|.|C|T|.|.|GT,NA,NA,296,275,193,376,60.53169734,57.75729647,2.096957136,9.74E-10,2.49E-05,2.65E-07,72,46,51,5.35E-04,0.024460907,0.04947564,1.050719997,0.095391811,0.5186571,0.603999883,2.089280199,1.647220216,2.65497573,1.01E-09,1.04E-09,1.05E-09,0.748667652,0.143202169,5.228046868,1.71E-07,NA,NA,NA,NA,NA,NA,NA,NA,NA,NA,NA,NA,NA,NA,0.012733,0,0.483871,0.503396,0
476929|.|C|T|.|.|GT,NA,NA,300,273,189,378,61.34969325,58.06451613,2.197802198,9.14E-11,2.34E-06,4.18E-08,80,55,50,0.001052735,0.032992618,-0.154067937,0.857213782,0.096761488,-1.592244396,0.111329801,2.189198218,1.725062201,2.783572459,8.76E-11,9.90E-11,9.38E-11,0.645059634,0.142225803,4.535461371,5.75E-06,NA,NA,NA,NA,NA,NA,NA,NA,NA,NA,NA,NA,NA,NA,0.012733,0,0.494907,0.49236,0
531098|.|T|C|.|.|GT,NA,NA,241,218,248,433,49.28425358,66.51305684,1.930175348,1.03E-07,0.002638795,2.16E-05,68,43,45,0.010337661,0.038460053,-0.007720447,0.992309279,0.092717699,-0.083268321,0.933638189,1.924589585,1.514202453,2.449215971,8.16E-08,8.19E-08,7.64E-08,0.635202819,0.145244576,4.373332474,1.22E-05,NA,NA,NA,NA,NA,NA,NA,NA,NA,NA,NA,NA,NA,NA,0.012733,0,0.405772,0.581494,0
870542|.|T|C|.|.|GT,NA,NA,250,223,239,428,51.12474438,65.74500768,2.00761769,1.49E-08,3.80E-04,3.38E-06,67,43,47,0.001307169,0.027119992,0.026188477,1.026534408,0.094105597,0.278288195,0.780791137,2.001342596,1.575628542,2.545548647,1.17E-08,1.17E-08,1.11E-08,0.677396151,0.144740711,4.680066484,2.87E-06,NA,NA,NA,NA,NA,NA,NA,NA,NA,NA,NA,NA,NA,NA,0.012733,0,0.415959,0.571307,0
948180|.|G|A|.|.|GT,NA,NA,245,198,244,453,50.10224949,69.58525346,2.29725534,1.87E-11,4.77E-07,1.08E-08,63,42,41,0.011141407,0.022574973,0.044375497,1.045374816,0.093948247,0.472339807,0.636684261,2.288490882,1.795836819,2.92108488,1.74E-11,2.04E-11,1.59E-11,0.78006892,0.145766836,5.351484202,8.72E-08,NA,NA,NA,NA,NA,NA,NA,NA,NA,NA,NA,NA,NA,NA,0.012733,0.391341,0,0,0.595925
948186|.|G|A|.|.|GT,NA,NA,258,224,231,427,52.7607362,65.59139785,2.129058442,5.96E-10,1.52E-05,2.18E-07,67,47,45,0.001307169,0.006741447,0.05940278,1.061202586,0.093907165,0.6325692,0.527015006,2.121747571,1.670458274,2.699078285,5.98E-10,6.40E-10,5.69E-10,0.688339869,0.143374345,4.800997485,1.58E-06,NA,NA,NA,NA,NA,NA,NA,NA,NA,NA,NA,NA,NA,NA,0.012733,0.426995,0,0,0.560272
940646|.|C|T|.|.|GT,NA,NA,230,203,259,448,47.03476483,68.8172043,1.959792305,5.51E-08,0.001405724,1.38E-05,62,42,44,0.001299003,0.007148734,0.041052519,1.041906824,0.093477148,0.439171706,0.660537125,1.953990523,1.533852353,2.492463011,5.46E-08,5.83E-08,5.01E-08,0.588261361,0.144967062,4.05789669,4.95E-05,NA,NA,NA,NA,NA,NA,NA,NA,NA,NA,NA,NA,NA,NA,0.012733,0,0.610357,0.37691,0
1137023|.|G|A|.|.|GT,NA,NA,264,236,225,415,53.98773006,63.74807988,2.063276836,3.10E-09,7.86E-05,5.95E-07,74,46,51,0.001516224,0.047392976,0.011592124,1.011659573,0.093746841,0.123653492,0.901589637,2.056441572,1.620732398,2.613361726,2.55E-09,3.32E-09,2.47E-09,0.7001415,0.143713657,4.871781245,1.11E-06,NA,NA,NA,NA,NA,NA,NA,NA,NA,NA,NA,NA,NA,NA,0.012733,0.436333,0,0,0.550934
1541944|.|A|G|.|.|GT,NA,NA,320,297,169,354,65.4396728,54.37788018,2.256888411,3.40E-11,8.67E-07,1.64E-08,108,69,70,0.002684698,0.005023518,0.09148407,1.095799321,0.097411824,0.939147488,0.347655026,2.247089031,1.76680417,2.86465916,2.85E-11,3.70E-11,3.31E-11,0.735790894,0.143874848,5.114103702,3.15E-07,NA,NA,NA,NA,NA,NA,NA,NA,NA,NA,NA,NA,NA,NA,0.012733,0.442275,0,0,0.544992
1605446|.|G|A|.|.|GT,NA,NA,268,240,221,411,54.80572597,63.13364055,2.076696833,1.67E-09,4.25E-05,5.99E-07,98,67,70,2.64E-05,3.55E-04,-0.085500432,0.918052747,0.094261981,-0.907051081,0.364379785,2.083357424,1.642146086,2.647247071,1.28E-09,1.67E-09,1.24E-09,0.777123721,0.143635901,5.410372428,6.29E-08,NA,NA,NA,NA,NA,NA,NA,NA,NA,NA,NA,NA,NA,NA,0.012733,0.431239,0,0,0.556027
2030930|.|C|T|.|.|GT,NA,NA,281,269,208,382,57.46421268,58.67895545,1.918465828,6.90E-08,0.001750078,1.26E-05,83,53,55,0.004039209,0.015232202,-0.021762147,0.978472941,0.09426492,-0.230861559,0.817422355,1.900485252,1.500063513,2.411487664,9.44E-08,1.01E-07,9.41E-08,0.607647778,0.14172202,4.287603137,1.81E-05,NA,NA,NA,NA,NA,NA,NA,NA,NA,NA,NA,NA,NA,NA,0.012733,0,0.513582,0.473684,0
2245099|.|G|A|.|.|GT,NA,NA,284,274,205,377,58.07770961,57.9109063,1.906142069,9.62E-08,0.002443774,2.32E-05,74,51,50,0.001516224,0.003372233,0.038072617,1.038806666,0.094262485,0.403899996,0.68628626,1.900214554,1.499795847,2.411311652,9.51E-08,1.02E-07,9.53E-08,0.538275046,0.142467632,3.778226955,1.58E-04,NA,NA,NA,NA,NA,NA,NA,NA,NA,NA,NA,NA,NA,NA,0.012733,0.485569,0,0,0.501698
2637582|.|G|T|.|.|GT,NA,NA,275,228,214,423,56.23721881,64.97695853,2.384099852,9.87E-13,2.51E-08,7.39E-10,57,39,39,0.007508176,0.007508176,0.04680562,1.047918295,0.093844027,0.498759712,0.617948673,2.390422629,1.881424244,3.042762807,6.90E-13,7.04E-13,6.90E-13,0.803469647,0.144121702,5.574938642,2.48E-08,NA,NA,NA,NA,NA,NA,NA,NA,NA,NA,NA,NA,NA,NA,0.012733,0,0,0.427844,0.559423
2683869|.|C|T|.|.|GT,NA,NA,306,298,183,353,62.57668712,54.22427035,1.980745957,2.29E-08,5.83E-04,5.55E-06,88,59,55,0.001824029,0.024622832,-0.004351315,0.995658138,0.096715376,-0.044990931,0.964114538,1.961586584,1.54582995,2.494031559,2.52E-08,2.55E-08,2.65E-08,0.682998253,0.143608731,4.755966088,1.97E-06,NA,NA,NA,NA,NA,NA,NA,NA,NA,NA,NA,NA,NA,NA,0.012733,0,0.458404,0.528862,0
2651935|.|G|T|.|.|GT,NA,NA,212,183,277,468,43.35378323,71.88940092,1.957270521,1.18E-07,0.002998065,2.58E-05,40,27,29,0.006426576,0.038477308,-0.026078154,0.974258944,0.09469822,-0.275381672,0.783023024,1.951449151,1.525185327,2.499945032,9.97E-08,1.25E-07,8.95E-08,0.573935078,0.147774789,3.88384975,1.03E-04,NA,NA,NA,NA,NA,NA,NA,NA,NA,NA,NA,NA,NA,NA,0.012733,0,0,0.343803,0.643463
2834787|.|A|G|.|.|GT,NA,NA,295,272,194,379,60.32719836,58.21812596,2.118803062,6.41E-10,1.63E-05,1.73E-07,69,46,45,0.007620522,0.015432297,0.074343899,1.077177182,0.095379454,0.779454022,0.435712312,2.110980685,1.664255127,2.682361257,5.87E-10,6.89E-10,6.13E-10,0.720810167,0.142699666,5.051239329,4.39E-07,HF536482,2834787,snp,A,G,G:140 A:0,CDS,+,490/813,164/270,missense_variant c.490A>G p.Ile164Val,BN373_27081,mhpR,Mhp operon transcriptional activator,0.012733,0.493209,0,0,0.494058
2950620|.|G|A|.|.|GT,NA,NA,266,245,223,406,54.39672802,62.3655914,1.976681614,2.06E-08,5.23E-04,4.29E-06,67,42,50,6.74E-05,0.049800114,0.025215406,1.025536003,0.094275264,0.267465768,0.789110568,1.970512773,1.554098475,2.501971159,1.92E-08,2.19E-08,1.87E-08,0.658697446,0.143348126,4.595089358,4.33E-06,NA,NA,NA,NA,NA,NA,NA,NA,NA,NA,NA,NA,NA,NA,0.012733,0.443124,0,0,0.544143
3210371|.|T|G|.|.|GT,NA,NA,250,204,239,447,51.12474438,68.66359447,2.292025597,1.57E-11,3.99E-07,6.05E-09,69,45,44,0.015432297,0.029493494,0.005412689,1.005427365,0.094635587,0.057195075,0.954389801,2.267178555,1.780967977,2.890844227,2.41E-11,2.60E-11,2.23E-11,0.810592042,0.14653342,5.531789569,3.17E-08,NA,NA,NA,NA,NA,NA,NA,NA,NA,NA,NA,NA,NA,NA,0.012733,0,0,0.60017,0.387097
3278553|.|C|T|.|.|GT,NA,NA,305,303,184,348,62.37218814,53.4562212,1.903788205,1.24E-07,0.00315429,9.20E-06,99,61,67,5.62E-04,0.026525107,0.063680477,1.065751812,0.095735613,0.665170198,0.505941639,1.909074118,1.504717006,2.426654742,8.83E-08,9.57E-08,9.21E-08,0.642395364,0.143560544,4.474734807,7.65E-06,NA,NA,NA,NA,NA,NA,NA,NA,NA,NA,NA,NA,NA,NA,0.012733,0,0.465195,0.522071,0
3503970|.|A|G|.|.|GT,NA,NA,276,267,213,384,56.44171779,58.98617512,1.86358601,2.53E-07,0.00644988,3.04E-05,77,48,52,0.002799054,0.039539533,-0.084585335,0.918893238,0.093299807,-0.906597109,0.364619891,1.869917951,1.476076574,2.372133715,1.96E-07,2.55E-07,1.94E-07,0.722776317,0.143586675,5.033728346,4.81E-07,NA,NA,NA,NA,NA,NA,NA,NA,NA,NA,NA,NA,NA,NA,0.012733,0.511036,0,0,0.476231
4847590|.|T|C|.|.|GT,NA,NA,265,250,224,401,54.19222904,61.59754224,1.897589286,1.19E-07,0.003047586,2.88E-05,56,37,38,0.010454818,0.022241389,0.031956568,1.032472662,0.093525983,0.34168652,0.732586818,1.879857908,1.483303655,2.385543529,1.64E-07,1.73E-07,1.59E-07,0.605807067,0.142785659,4.242772494,2.21E-05,NA,NA,NA,NA,NA,NA,NA,NA,NA,NA,NA,NA,NA,NA,0.012733,0,0.438031,0.549236,0
4839243|.|G|A|.|.|GT,NA,NA,202,178,287,473,41.30879346,72.65745008,1.870297146,9.61E-07,0.024518672,1.98E-04,42,28,29,0.019520473,0.043558522,-0.078590331,0.924418553,0.094128861,-0.83492279,0.403761182,1.865190138,1.454967196,2.393846833,8.40E-07,1.01E-06,7.59E-07,0.599835651,0.150417471,3.987805729,6.67E-05,NA,NA,NA,NA,NA,NA,NA,NA,NA,NA,NA,NA,NA,NA,0.012733,0.334465,0,0,0.652801
4766980|.|A|G|.|.|GT,NA,NA,207,185,282,466,42.33128834,71.58218126,1.848993675,1.18E-06,0.030067663,2.39E-04,63,40,43,0.005152397,0.042956546,0.044197406,1.045188661,0.094970563,0.465380057,0.641659313,1.830312183,1.430623077,2.344347684,1.47E-06,1.71E-06,1.35E-06,0.488396409,0.148751252,3.283309558,0.001025959,NA,NA,NA,NA,NA,NA,NA,NA,NA,NA,NA,NA,NA,NA,0.012733,0.657046,0,0,0.330221
5029063|.|T|C|.|.|GT,NA,NA,321,329,168,322,65.64417178,49.46236559,1.87006079,3.66E-07,0.009359838,8.07E-05,80,52,50,0.00968285,0.032992618,0.030463854,1.030932625,0.09706772,0.313841241,0.75364162,1.863387234,1.465161051,2.374836774,3.42E-07,3.86E-07,3.63E-07,0.497167486,0.144756516,3.434508506,5.94E-04,NA,NA,NA,NA,NA,NA,NA,NA,NA,NA,NA,NA,NA,NA,0.012733,0,0.555178,0.432088,0
103722|.|C|T|.|.|GT,NA,NA,336,356,153,295,68.71165644,45.31490015,1.819784093,1.70E-06,0.043377429,2.75E-04,90,60,55,0.002060266,0.044597525,0.115067132,1.121948754,0.100365989,1.146475348,0.251598522,1.824100099,1.428956604,2.334393856,1.23E-06,1.34E-06,1.32E-06,0.57384447,0.146998385,3.903746779,9.47E-05,NA,NA,NA,NA,NA,NA,NA,NA,NA,NA,NA,NA,NA,NA,0.011885,0,0.379457,0.608659,0
170517|.|T|C|.|.|GT,NA,NA,274,265,215,386,56.03271984,59.29339478,1.856322949,3.35E-07,0.008526957,6.27E-05,55,39,37,0.002667262,0.014453834,0.093523975,1.098036929,0.094230293,0.992504348,0.320951559,1.862723446,1.470402282,2.36283172,2.33E-07,2.57E-07,2.30E-07,0.68262876,0.141858692,4.812033368,1.49E-06,NA,NA,NA,NA,NA,NA,NA,NA,NA,NA,NA,NA,NA,NA,0.011885,0,0.471986,0.516129,0
389494|.|A|C|.|.|GT,NA,NA,297,293,192,358,60.73619632,54.99231951,1.890038396,1.79E-07,0.004538972,1.67E-05,58,39,46,8.22E-06,0.01192814,0.069230322,1.071683013,0.094257772,0.734478653,0.462657066,1.895622846,1.495262921,2.407323526,1.12E-07,1.36E-07,1.15E-07,0.549492205,0.142590831,3.853629294,1.16E-04,HF536482,389494,snp,A,C,C:194 A:0,CDS,-,2187/3150,729/1049,missense_variant c.2187T>G p.His729Gln,BN373_03611,cusA,cation efflux system protein CusA,0.011885,0.46944,0.518676,0,0
933323|.|G|A|.|.|GT,NA,NA,346,359,143,292,70.75664622,44.85407066,1.968015272,7.85E-08,0.002004131,1.91E-05,85,54,59,4.47E-04,0.016508822,-0.002227979,0.997774501,0.102603293,-0.021714501,0.982675697,1.959358066,1.530683965,2.515352729,7.49E-08,8.38E-08,8.55E-08,0.533819723,0.149125938,3.579657091,3.44E-04,NA,NA,NA,NA,NA,NA,NA,NA,NA,NA,NA,NA,NA,NA,0.011885,0.622241,0,0,0.365874
1297674|.|G|T|.|.|GT,NA,NA,244,225,245,426,49.89775051,65.43778802,1.885605442,2.25E-07,0.005747869,4.87E-05,70,47,44,0.005582667,0.041391429,-0.088033262,0.915730417,0.093175084,-0.944815483,0.344753086,1.880349544,1.480634283,2.390806025,2.10E-07,2.37E-07,1.99E-07,0.608730814,0.144060565,4.225520092,2.38E-05,HF536482,1297674,snp,G,T,T:180 G:0,CDS,-,1381/1551,461/516,missense_variant c.1381C>A p.Gln461Lys,BN373_12191,NA,"sugar ABC transporter, ATP-binding protein",0.011885,0,0,0.416808,0.571307
1635589|.|C|T|.|.|GT,NA,NA,317,329,172,322,64.82617587,49.46236559,1.803809995,1.76E-06,0.045016444,3.26E-04,74,47,50,0.003372233,0.026516833,0.117896691,1.125127869,0.098385841,1.198309534,0.230796536,1.797771692,1.41455449,2.289278183,1.47E-06,1.84E-06,1.53E-06,0.56309707,0.144094037,3.907844376,9.31E-05,NA,NA,NA,NA,NA,NA,NA,NA,NA,NA,NA,NA,NA,NA,0.011885,0,0.421902,0.566214,0
1805580|.|G|A|.|.|GT,NA,NA,341,355,148,296,69.73415133,45.46850998,1.921126761,1.77E-07,0.004510155,4.45E-05,84,54,52,0.011634454,0.037529534,0.111636281,1.11810611,0.100130606,1.114906674,0.264890416,1.913121697,1.49685935,2.451836152,1.83E-07,1.89E-07,2.04E-07,0.52799913,0.148015382,3.567190949,3.61E-04,NA,NA,NA,NA,NA,NA,NA,NA,NA,NA,NA,NA,NA,NA,0.011885,0.60017,0,0,0.387946
2256559|.|G|A|.|.|GT,NA,NA,283,279,206,372,57.87321063,57.14285714,1.83171521,6.47E-07,0.016433647,1.30E-04,78,51,50,0.008771714,0.01685309,0.02995651,1.03040972,0.093990069,0.318719944,0.74993889,1.826354271,1.441867547,2.316856556,5.45E-07,6.78E-07,5.44E-07,0.485487018,0.141345397,3.434756483,5.93E-04,NA,NA,NA,NA,NA,NA,NA,NA,NA,NA,NA,NA,NA,NA,0.011885,0.491511,0,0,0.496604
2358289|.|G|A|.|.|GT,NA,NA,271,241,218,410,55.4192229,62.98003072,2.114850204,7.62E-10,1.93E-05,2.28E-07,69,44,52,2.93E-05,0.029493494,0.036877364,1.03756577,0.093084427,0.396171145,0.691978776,2.107514818,1.661230099,2.678117299,6.89E-10,8.19E-10,6.76E-10,0.776280488,0.143629618,5.404738245,6.49E-08,NA,NA,NA,NA,NA,NA,NA,NA,NA,NA,NA,NA,NA,NA,0.011885,0.449915,0,0,0.5382
2604682|.|A|G|.|.|GT,NA,NA,251,207,238,444,51.32924335,68.20276498,2.262087444,3.68E-11,9.36E-07,1.34E-08,62,42,42,0.007148734,0.007148734,-0.043037862,0.957875122,0.092844357,-0.463548499,0.64297126,2.253645713,1.770804564,2.872797846,3.20E-11,4.02E-11,2.97E-11,0.796051967,0.145863281,5.45752134,4.83E-08,NA,NA,NA,NA,NA,NA,NA,NA,NA,NA,NA,NA,NA,NA,0.011885,0.583192,0,0,0.404924
2683950|.|A|G|.|.|GT,NA,NA,313,319,176,332,64.00817996,50.9984639,1.850883443,5.54E-07,0.014126751,1.10E-04,93,60,59,0.006695018,0.012400603,-0.020174456,0.980027687,0.096706952,-0.208614327,0.834749325,1.844621557,1.452467366,2.347082571,4.59E-07,5.82E-07,4.80E-07,0.657025558,0.144316903,4.55265838,5.30E-06,NA,NA,NA,NA,NA,NA,NA,NA,NA,NA,NA,NA,NA,NA,0.011885,0.433786,0,0,0.554329
2840038|.|C|T|.|.|GT,NA,NA,314,313,175,338,64.21267894,51.92012289,1.93759927,5.97E-08,0.00151681,1.23E-05,82,55,56,0.001220382,0.002642493,0.107611422,1.113614935,0.098568506,1.091742439,0.274946326,1.942508025,1.529231372,2.472520461,4.52E-08,4.60E-08,4.82E-08,0.627722528,0.143838568,4.364076601,1.28E-05,NA,NA,NA,NA,NA,NA,NA,NA,NA,NA,NA,NA,NA,NA,0.011885,0,0.449915,0.5382,0
3035865|.|C|T|.|.|GT,NA,NA,261,230,228,421,53.37423313,64.66973886,2.095366133,1.37E-09,3.50E-05,4.43E-07,77,50,51,0.005870708,0.011672721,-0.02713556,0.973229301,0.092598926,-0.293044008,0.769488514,2.088299715,1.645049521,2.654841134,1.25E-09,1.47E-09,1.20E-09,0.844647047,0.144974966,5.826157934,5.67E-09,NA,NA,NA,NA,NA,NA,NA,NA,NA,NA,NA,NA,NA,NA,0.011885,0,0.559423,0.428693,0
3210425|.|G|A|.|.|GT,NA,NA,235,182,254,469,48.05725971,72.04301075,2.384161114,4.28E-12,1.09E-07,2.01E-09,57,37,39,0.007508176,0.033143968,0.025449452,1.025776054,0.094194223,0.270180606,0.787021312,2.356595961,1.844261783,3.016595473,5.59E-12,7.50E-12,4.95E-12,0.774995203,0.148636396,5.214033869,1.85E-07,NA,NA,NA,NA,NA,NA,NA,NA,NA,NA,NA,NA,NA,NA,0.011885,0.355688,0,0,0.632428
3210427|.|G|A|.|.|GT,NA,NA,235,182,254,469,48.05725971,72.04301075,2.384161114,4.28E-12,1.09E-07,2.01E-09,57,37,39,0.007508176,0.033143968,0.025881592,1.026219429,0.09419844,0.274756059,0.783503659,2.374500796,1.857940032,3.040202227,3.75E-12,4.73E-12,3.31E-12,0.782502837,0.148720869,5.261553678,1.43E-07,NA,NA,NA,NA,NA,NA,NA,NA,NA,NA,NA,NA,NA,NA,0.011885,0.355688,0,0,0.632428
3211075|.|T|C|.|.|GT,NA,NA,279,264,210,387,57.05521472,59.44700461,1.947564935,3.45E-08,8.76E-04,5.28E-06,90,63,60,1.88E-04,0.002060266,0.113494431,1.12018565,0.093359747,1.215667723,0.224111524,1.941418831,1.532073529,2.463802253,3.56E-08,3.65E-08,3.54E-08,0.6984367,0.142430098,4.903715646,9.40E-07,NA,NA,NA,NA,NA,NA,NA,NA,NA,NA,NA,NA,NA,NA,0.011885,0,0.47708,0.511036,0
3211189|.|C|G|.|.|GT,NA,NA,333,351,156,300,68.09815951,46.08294931,1.824457594,1.35E-06,0.034363556,1.39E-04,104,71,68,2.47E-04,0.002209433,0.005319696,1.00533387,0.101963822,0.052172383,0.958391339,1.828869974,1.433915752,2.338322585,1.01E-06,1.07E-06,1.09E-06,0.54587542,0.147875899,3.691442772,2.23E-04,NA,NA,NA,NA,NA,NA,NA,NA,NA,NA,NA,NA,NA,NA,0.011885,0,0.400679,0,0.587436
3365128|.|C|T|.|.|GT,NA,NA,225,203,264,448,46.01226994,68.8172043,1.880877743,3.83E-07,0.009767287,6.89E-05,71,47,47,0.008554539,0.008554539,-0.019024107,0.981155709,0.094031499,-0.202316324,0.839669439,1.889147912,1.482400704,2.410378429,2.59E-07,2.89E-07,2.38E-07,0.469845801,0.14508373,3.238445843,0.001201828,NA,NA,NA,NA,NA,NA,NA,NA,NA,NA,NA,NA,NA,NA,0.011885,0,0.619694,0.368421,0
3609351|.|G|A|.|.|GT,NA,NA,151,116,338,535,30.8793456,82.1812596,2.060421343,3.27E-07,0.00832599,5.66E-05,47,16,37,9.85E-05,0.039986057,-0.13009774,0.87800961,0.103234154,-1.260219943,0.207590031,2.0310273,1.541668669,2.681575626,4.45E-07,5.27E-07,3.76E-07,0.629934566,0.170606201,3.692331019,2.22E-04,NA,NA,NA,NA,NA,NA,NA,NA,NA,NA,NA,NA,NA,NA,0.011885,0.233447,0,0,0.754669
3722732|.|A|G|.|.|GT,NA,NA,302,307,187,344,61.75869121,52.84178187,1.809611733,1.14E-06,0.02895539,2.21E-04,94,62,57,0.002587309,0.049450065,-0.093995428,0.910286924,0.097100892,-0.968018171,0.333035295,1.81508755,1.431280165,2.305696564,7.94E-07,8.86E-07,8.15E-07,0.550590131,0.143103782,3.847488329,1.19E-04,NA,NA,NA,NA,NA,NA,NA,NA,NA,NA,NA,NA,NA,NA,0.011885,0.465195,0,0,0.52292
4055754|.|G|A|.|.|GT,NA,NA,319,319,170,332,65.23517382,50.9984639,1.952941176,5.41E-08,0.001381302,1.02E-05,80,50,54,0.002324541,0.032992618,-0.017491582,0.982660508,0.098400035,-0.177759914,0.85891153,1.945673945,1.530476881,2.478727115,4.62E-08,5.74E-08,4.97E-08,0.549898791,0.144745959,3.799061436,1.45E-04,NA,NA,NA,NA,NA,NA,NA,NA,NA,NA,NA,NA,NA,NA,0.011885,0.557725,0,0,0.43039
4554851|.|G|C|.|.|GT,NA,NA,203,158,286,493,41.51329243,75.7296467,2.214725148,8.36E-10,2.13E-05,3.14E-07,40,28,28,0.016589003,0.016589003,0.029097166,1.029524624,0.095118336,0.305904906,0.759677051,2.206300225,1.7136761,2.845663236,7.25E-10,9.14E-10,6.16E-10,0.596604903,0.151978293,3.925592875,8.65E-05,NA,NA,NA,NA,NA,NA,NA,NA,NA,NA,NA,NA,NA,NA,0.011885,0,0.315789,0,0.672326
4757648|.|G|T|.|.|GT,NA,NA,254,243,235,408,51.94274029,62.67281106,1.81476228,9.85E-07,0.025079456,1.73E-04,85,53,55,0.008836206,0.029456362,-0.007071197,0.992953745,0.092103808,-0.076774205,0.938803171,1.798168585,1.418419294,2.282195537,1.19E-06,1.40E-06,1.14E-06,0.61242288,0.142758471,4.289923207,1.79E-05,NA,NA,NA,NA,NA,NA,NA,NA,NA,NA,NA,NA,NA,NA,0.011885,0,0,0.436333,0.551783
4757652|.|C|T|.|.|GT,NA,NA,254,244,235,407,51.94274029,62.51920123,1.802895012,1.34E-06,0.034080919,2.32E-04,86,53,56,0.006673923,0.039853629,-0.007209357,0.992816568,0.092099593,-0.078277839,0.937607045,1.798168585,1.418419294,2.282195537,1.19E-06,1.40E-06,1.14E-06,0.606567069,0.142614404,4.253196379,2.11E-05,NA,NA,NA,NA,NA,NA,NA,NA,NA,NA,NA,NA,NA,NA,0.011885,0,0.550934,0.437182,0
501193|.|C|G|.|.|GT,NA,NA,234,220,255,431,47.85276074,66.20583717,1.797754011,1.82E-06,0.046458127,3.06E-04,63,42,48,3.76E-05,0.011141407,-0.137329239,0.871683187,0.09477811,-1.448955237,0.147350084,1.805527334,1.420422374,2.297439271,1.33E-06,1.40E-06,1.25E-06,0.508846365,0.145295982,3.502136522,4.62E-04,NA,NA,NA,NA,NA,NA,NA,NA,NA,NA,NA,NA,NA,NA,0.011036,0,0.591681,0,0.397284
1661070|.|A|G|.|.|GT,NA,NA,338,337,151,314,69.1206544,48.23348694,2.085640733,3.28E-09,8.37E-05,9.85E-07,70,48,44,0.002547565,0.041391429,0.088582127,1.092623983,0.100338579,0.882832181,0.377326951,2.076425402,1.62652718,2.658056707,3.39E-09,3.54E-09,3.95E-09,0.523850685,0.146975608,3.564201512,3.65E-04,NA,NA,NA,NA,NA,NA,NA,NA,NA,NA,NA,NA,NA,NA,0.011036,0.408319,0,0,0.580645
1937078|.|G|A|.|.|GT,NA,NA,314,313,175,338,64.21267894,51.92012289,1.93759927,5.97E-08,0.001519734,1.07E-05,72,48,48,0.006309827,0.006309827,-0.03254685,0.967977099,0.096483119,-0.337332069,0.735866587,1.930641103,1.51991982,2.457365509,6.02E-08,6.33E-08,6.40E-08,0.596780799,0.143824549,4.14936672,3.33E-05,NA,NA,NA,NA,NA,NA,NA,NA,NA,NA,NA,NA,NA,NA,0.011036,0.550085,0,0,0.438879
2676742|.|C|T|.|.|GT,NA,NA,322,330,167,321,65.84867076,49.30875576,1.875557975,3.58E-07,0.009119672,7.35E-05,85,61,53,7.40E-05,0.029456362,0.044250145,1.045243785,0.097288055,0.454836363,0.649226967,1.868802957,1.469132826,2.382268195,3.07E-07,3.77E-07,3.28E-07,0.583866467,0.144058491,4.052981962,5.06E-05,NA,NA,NA,NA,NA,NA,NA,NA,NA,NA,NA,NA,NA,NA,0.011036,0,0.416808,0.572156,0
2840029|.|T|C|.|.|GT,NA,NA,313,312,176,339,64.00817996,52.07373272,1.932309878,8.18E-08,0.002079051,1.64E-05,83,55,57,8.78E-04,0.004039209,0.105794923,1.111593891,0.098396464,1.075190296,0.282289539,1.937264196,1.525340659,2.465538747,5.04E-08,6.23E-08,5.36E-08,0.631828471,0.143742875,4.395546348,1.10E-05,NA,NA,NA,NA,NA,NA,NA,NA,NA,NA,NA,NA,NA,NA,0.011036,0,0.537351,0.451613,0
3277961|.|G|T|.|.|GT,NA,NA,279,276,210,375,57.05521472,57.60368664,1.805124224,1.19E-06,0.030135547,7.42E-05,102,68,67,9.87E-04,0.001992806,-0.05524568,0.946252644,0.096015651,-0.575382027,0.565032957,1.81134285,1.430199329,2.297206167,7.71E-07,9.19E-07,7.66E-07,0.492912622,0.142284953,3.46426386,5.32E-04,NA,NA,NA,NA,NA,NA,NA,NA,NA,NA,NA,NA,NA,NA,0.011036,0,0,0.48472,0.504244
3503874|.|T|C|.|.|GT,NA,NA,313,314,176,337,64.00817996,51.76651306,1.908674725,1.17E-07,0.002973873,1.52E-05,90,62,59,4.38E-04,0.004165114,-0.031693613,0.968803366,0.096068908,-0.329904995,0.741471749,1.91364318,1.506765943,2.435184052,8.89E-08,9.02E-08,9.41E-08,0.654382385,0.143826905,4.549791182,5.37E-06,NA,NA,NA,NA,NA,NA,NA,NA,NA,NA,NA,NA,NA,NA,0.011036,0,0.548387,0.440577,0
3503862|.|G|A|.|.|GT,NA,NA,311,313,178,338,63.599182,51.92012289,1.886743009,2.22E-07,0.005650112,2.70E-05,89,61,59,6.10E-04,0.002785269,-0.031840803,0.968660778,0.095929915,-0.331917348,0.739951671,1.891833158,1.490056984,2.406680603,1.45E-07,1.70E-07,1.52E-07,0.646070228,0.143638627,4.497886397,6.86E-06,NA,NA,NA,NA,NA,NA,NA,NA,NA,NA,NA,NA,NA,NA,0.011036,0.54584,0,0,0.443124
3438130|.|G|A|.|.|GT,NA,NA,284,279,205,372,58.07770961,57.14285714,1.847154472,4.73E-07,0.012064226,5.22E-05,89,55,62,2.66E-04,0.033416722,0.108281294,1.114361164,0.094061362,1.151177182,0.249659351,1.841661806,1.453877847,2.336217542,3.81E-07,4.97E-07,3.81E-07,0.549070912,0.141658401,3.876020816,1.06E-04,NA,NA,NA,NA,NA,NA,NA,NA,NA,NA,NA,NA,NA,NA,0.011036,0.495756,0,0,0.493209
3870725|.|G|A|.|.|GT,NA,NA,265,255,224,396,54.19222904,60.82949309,1.837184874,5.87E-07,0.01498175,1.21E-04,74,48,50,0.003372233,0.014079981,0.081686062,1.085115097,0.092397817,0.884069176,0.376658871,1.83207742,1.445964072,2.324059205,4.98E-07,6.15E-07,4.85E-07,0.559277698,0.142333171,3.929355975,8.52E-05,NA,NA,NA,NA,NA,NA,NA,NA,NA,NA,NA,NA,NA,NA,0.011036,0.450764,0,0,0.5382
4033459|.|G|T|.|.|GT,NA,NA,287,271,202,380,58.69120654,58.37173579,1.992254576,1.23E-08,3.15E-04,2.52E-06,74,50,47,0.003372233,0.026516833,-0.077365218,0.925551763,0.095852329,-0.807129252,0.419592021,1.985629151,1.566575198,2.520889859,1.23E-08,1.31E-08,1.24E-08,0.627451995,0.142315885,4.408868308,1.04E-05,NA,NA,NA,NA,NA,NA,NA,NA,NA,NA,NA,NA,NA,NA,0.011036,0,0,0.481324,0.50764
4301500|.|T|C|.|.|GT,NA,NA,320,327,169,324,65.4396728,49.76958525,1.876119646,2.79E-07,0.007125607,3.58E-05,75,49,50,0.005228243,0.010582117,-0.038970262,0.96177931,0.096636762,-0.403265398,0.686752994,1.880902875,1.479239752,2.396669929,2.21E-07,2.84E-07,2.36E-07,0.548857501,0.144250765,3.804884509,1.42E-04,NA,NA,NA,NA,NA,NA,NA,NA,NA,NA,NA,NA,NA,NA,0.011036,0,0.56961,0.419355,0
4301503|.|G|C|.|.|GT,NA,NA,319,328,170,323,65.23517382,49.61597542,1.847865854,5.29E-07,0.013504502,6.49E-05,73,48,49,0.004626294,0.009542211,-0.043711023,0.957230535,0.096684871,-0.452097854,0.65119849,1.852731271,1.457343442,2.360455656,4.22E-07,5.38E-07,4.46E-07,0.542181611,0.144282407,3.757780477,1.71E-04,NA,NA,NA,NA,NA,NA,NA,NA,NA,NA,NA,NA,NA,NA,0.011036,0,0.568761,0,0.420204
4667079|.|G|A|.|.|GT,NA,NA,276,252,213,399,56.44171779,61.29032258,2.051643192,3.71E-09,9.45E-05,9.41E-07,70,44,45,0.022462895,0.041391429,-0.100725511,0.904181187,0.093550688,-1.076694499,0.281616771,2.031613688,1.602453584,2.579777101,4.12E-09,4.20E-09,4.09E-09,0.780404937,0.143801472,5.42696071,5.73E-08,NA,NA,NA,NA,NA,NA,NA,NA,NA,NA,NA,NA,NA,NA,0.011036,0.45416,0,0,0.534805
4955410|.|C|T|.|.|GT,NA,NA,347,371,142,280,70.96114519,43.01075269,1.844273186,1.30E-06,0.033097249,2.36E-04,81,60,50,1.69E-05,0.044828522,0.109745266,1.115993753,0.101487437,1.081367995,0.279533453,1.848115432,1.44268817,2.374241492,1.00E-06,1.03E-06,1.11E-06,0.433455938,0.148109528,2.926590494,0.003426998,NA,NA,NA,NA,NA,NA,NA,NA,NA,NA,NA,NA,NA,NA,0.011036,0,0.372666,0.616299,0
396166|.|C|T|.|.|GT,NA,NA,296,281,193,370,60.53169734,56.83563748,2.019434662,6.24E-09,1.58E-04,8.66E-07,65,43,49,5.08E-05,0.012502546,-0.066670418,0.935503475,0.096094104,-0.693803423,0.487805496,2.012372885,1.586986242,2.556219965,6.63E-09,6.65E-09,6.87E-09,0.681492526,0.142214323,4.792010483,1.65E-06,NA,NA,NA,NA,NA,NA,NA,NA,NA,NA,NA,NA,NA,NA,0.010187,0,0.493209,0.496604,0
396167|.|C|T|.|.|GT,NA,NA,296,281,193,370,60.53169734,56.83563748,2.019434662,6.24E-09,1.58E-04,8.66E-07,65,43,49,5.08E-05,0.012502546,-0.066670418,0.935503475,0.096094104,-0.693803423,0.487805496,2.012372885,1.586986242,2.556219965,6.63E-09,6.65E-09,6.87E-09,0.681492526,0.142214323,4.792010483,1.65E-06,NA,NA,NA,NA,NA,NA,NA,NA,NA,NA,NA,NA,NA,NA,0.010187,0,0.493209,0.496604,0
991421|.|C|T|.|.|GT,NA,NA,291,290,198,361,59.50920245,55.453149,1.829519331,6.50E-07,0.016515539,6.33E-05,85,57,59,4.47E-04,0.002194909,-0.025557833,0.974766004,0.096800604,-0.264025551,0.79176023,1.824008293,1.439573345,2.314825147,5.91E-07,6.82E-07,5.97E-07,0.562133127,0.142065534,3.956857886,7.59E-05,NA,NA,NA,NA,NA,NA,NA,NA,NA,NA,NA,NA,NA,NA,0.010187,0,0.477929,0.511885,0
1278620|.|T|C|.|.|GT,NA,NA,253,241,236,410,51.73824131,62.98003072,1.823792109,7.30E-07,0.018594334,9.84E-05,71,53,47,3.88E-05,0.008554539,-0.162638619,0.84989827,0.094092366,-1.728499615,0.08389869,1.818922684,1.434447571,2.30928312,7.49E-07,7.63E-07,7.19E-07,0.452953885,0.141801084,3.194290708,0.001401749,NA,NA,NA,NA,NA,NA,NA,NA,NA,NA,NA,NA,NA,NA,0.010187,0,0.421902,0.567912,0
2278785|.|G|A|.|.|GT,NA,NA,302,278,187,373,61.75869121,57.29646697,2.166852614,2.01E-10,5.10E-06,7.49E-08,75,47,48,0.020298407,0.036954904,0.02307413,1.023342397,0.097032079,0.237798991,0.812037002,2.158429287,1.700770841,2.744707046,1.91E-10,2.17E-10,2.05E-10,0.610816194,0.14423895,4.234752072,2.29E-05,NA,NA,NA,NA,NA,NA,NA,NA,NA,NA,NA,NA,NA,NA,0.010187,0.511036,0,0,0.478778
2864688|.|G|T|.|.|GT,NA,NA,350,358,139,293,71.57464213,45.00768049,2.060809453,1.26E-08,3.19E-04,2.88E-06,88,56,54,0.013750386,0.042210612,0.055537379,1.05710853,0.10293044,0.53956224,0.589498963,2.051084492,1.60048574,2.636758006,1.03E-08,1.35E-08,1.23E-08,0.701062767,0.149116256,4.701450974,2.58E-06,NA,NA,NA,NA,NA,NA,NA,NA,NA,NA,NA,NA,NA,NA,0.010187,0,0,0.606961,0.382852
2833326|.|G|A|.|.|GT,NA,NA,266,255,223,396,54.39672802,60.82949309,1.852387233,4.29E-07,0.010909894,7.52E-05,69,49,44,6.36E-04,0.029493494,0.112246514,1.118788623,0.092499439,1.213483188,0.224945138,1.859062784,1.467138057,2.358619093,2.65E-07,3.27E-07,2.58E-07,0.622034586,0.143230647,4.342887501,1.41E-05,NA,NA,NA,NA,NA,NA,NA,NA,NA,NA,NA,NA,NA,NA,0.010187,0.457555,0,0,0.532258
3006604|.|C|T|.|.|GT,NA,NA,232,205,257,446,47.44376278,68.50998464,1.963974566,5.63E-08,0.001428554,1.13E-05,73,46,49,0.004626294,0.034415914,-0.035502121,0.965120687,0.09390264,-0.378073721,0.705375829,1.958117395,1.53766236,2.496931783,4.72E-08,5.98E-08,4.34E-08,0.583898591,0.145212672,4.020989249,5.80E-05,NA,NA,NA,NA,NA,NA,NA,NA,NA,NA,NA,NA,NA,NA,0.010187,0,0.618846,0.370968,0
3396017|.|C|T|.|.|GT,NA,NA,265,251,224,400,54.19222904,61.44393241,1.885315879,1.65E-07,0.00420203,3.23E-05,87,54,60,5.24E-04,0.03141811,0.067443793,1.06977013,0.093025411,0.725003984,0.468449587,1.86777689,1.473862509,2.370016547,2.17E-07,2.38E-07,2.12E-07,0.588055951,0.143093878,4.109581476,3.96E-05,NA,NA,NA,NA,NA,NA,NA,NA,NA,NA,NA,NA,NA,NA,0.010187,0,0.534805,0.455008,0
3645259|.|A|G|.|.|GT,NA,NA,188,140,301,511,38.44580777,78.49462366,2.279734219,6.40E-10,1.63E-05,2.17E-07,44,29,29,0.048766766,0.048766766,0.007432759,1.00746045,0.096722073,0.076846563,0.938745609,2.270188426,1.751036238,2.949419776,5.13E-10,7.09E-10,4.24E-10,0.782372955,0.158186172,4.945899778,7.58E-07,HF536482,3645259,snp,A,G,G:219 A:0,CDS,+,70/3114,24/1037,missense_variant c.70A>G p.Thr24Ala,BN373_34621,acrD,acriflavine resistance protein D,0.010187,0.702886,0,0,0.286927
3775687|.|A|G|.|.|GT,NA,NA,302,305,187,346,61.75869121,53.14900154,1.832068028,6.26E-07,0.015959396,1.53E-04,81,54,53,0.003596348,0.007275502,0.009315673,1.009359199,0.095263647,0.097788336,0.92210037,1.826269545,1.440066691,2.320171686,6.11E-07,6.58E-07,6.27E-07,0.583113606,0.142617414,4.088656438,4.34E-05,NA,NA,NA,NA,NA,NA,NA,NA,NA,NA,NA,NA,NA,NA,0.010187,0.458404,0,0,0.531409
3908178|.|T|C|.|.|GT,NA,NA,309,309,180,342,63.19018405,52.53456221,1.9,1.64E-07,0.004189156,3.77E-05,79,53,52,0.003183011,0.006553298,0.032814336,1.033358664,0.095861132,0.342311168,0.732116732,1.893493088,1.49174557,2.408048182,1.35E-07,1.73E-07,1.42E-07,0.68232627,0.145015189,4.705205552,2.54E-06,NA,NA,NA,NA,NA,NA,NA,NA,NA,NA,NA,NA,NA,NA,0.010187,0,0.54584,0.443973,0
4504287|.|A|G|.|.|GT,NA,NA,293,290,196,361,59.91820041,55.453149,1.860890218,3.43E-07,0.008779337,8.20E-05,77,51,53,0.001263227,0.005870708,-0.048648954,0.952515448,0.093859131,-0.518318817,0.604235846,1.855107508,1.463846612,2.354586007,2.87E-07,3.61E-07,2.91E-07,0.649370662,0.142572688,4.554663802,5.25E-06,NA,NA,NA,NA,NA,NA,NA,NA,NA,NA,NA,NA,NA,NA,0.010187,0.486418,0,0,0.503396
4940445|.|G|C|.|.|GT,NA,NA,304,311,185,340,62.16768916,52.22734255,1.796471713,1.52E-06,0.038693156,2.63E-04,68,45,46,0.004903383,0.010337661,0.027427899,1.027807507,0.094764628,0.289431827,0.772250943,1.790880759,1.4119371,2.275474861,1.43E-06,1.59E-06,1.47E-06,0.535564559,0.142339961,3.762573453,1.68E-04,NA,NA,NA,NA,NA,NA,NA,NA,NA,NA,NA,NA,NA,NA,0.010187,0,0.533107,0,0.456706
4998894|.|C|G|.|.|GT,NA,NA,324,328,165,323,66.25766871,49.61597542,1.933702882,9.62E-08,0.002458329,2.46E-05,74,46,46,0.047392976,0.047392976,0.036415387,1.037086549,0.097757721,0.372506505,0.70951577,1.938227506,1.523170075,2.471980291,6.18E-08,7.37E-08,6.71E-08,0.642999198,0.145146441,4.430003197,9.42E-06,NA,NA,NA,NA,NA,NA,NA,NA,NA,NA,NA,NA,NA,NA,0.010187,0,0.421902,0,0.567912
5269978|.|C|T|.|.|GT,NA,NA,183,131,306,520,37.42331288,79.87711214,2.373896123,1.53E-10,3.92E-06,7.83E-08,35,24,24,0.040959592,0.040959592,-0.012250677,0.987824057,0.096618411,-0.126794439,0.899103097,2.385578506,1.832338805,3.113652399,8.38E-11,1.05E-10,6.75E-11,0.892897368,0.161112514,5.542073347,2.99E-08,NA,NA,NA,NA,NA,NA,NA,NA,NA,NA,NA,NA,NA,NA,0.010187,0,0.725806,0.264007,0
5214290|.|A|G|.|.|GT,NA,NA,203,166,286,485,41.51329243,74.50076805,2.073784649,1.61E-08,4.13E-04,5.58E-06,43,29,29,0.031539497,0.031539497,-0.110569392,0.8953242,0.096252325,-1.148745156,0.25066108,2.050284889,1.595902753,2.637867432,1.80E-08,1.86E-08,1.57E-08,0.706999488,0.152896635,4.624035619,3.76E-06,NA,NA,NA,NA,NA,NA,NA,NA,NA,NA,NA,NA,NA,NA,0.010187,0.677419,0,0,0.312394
262834|.|G|A|.|.|GT,NA,NA,357,381,132,270,73.00613497,41.47465438,1.916607015,3.78E-07,0.0096317,4.26E-05,83,55,52,0.004039209,0.027534178,0.024730001,1.025038323,0.10431235,0.23707644,0.81259749,1.919761894,1.493128609,2.476355385,2.97E-07,3.93E-07,3.41E-07,0.693735623,0.152606745,4.545904051,5.47E-06,NA,NA,NA,NA,NA,NA,NA,NA,NA,NA,NA,NA,NA,NA,0.009338,0.640917,0,0,0.349745
389629|.|T|C|.|.|GT,NA,NA,289,275,200,376,59.1002045,57.75729647,1.975709091,1.78E-08,4.53E-04,2.27E-06,58,41,42,8.62E-04,0.002232552,-0.054567676,0.946894424,0.094799246,-0.575612977,0.564876808,1.969152734,1.553592023,2.499824973,1.83E-08,1.89E-08,1.86E-08,0.626479011,0.143450571,4.367211706,1.26E-05,NA,NA,NA,NA,NA,NA,NA,NA,NA,NA,NA,NA,NA,NA,0.009338,0,0.494907,0.495756,0
1302671|.|T|C|.|.|GT,NA,NA,318,317,171,334,65.03067485,51.30568356,1.95937794,4.00E-08,0.001020607,1.03E-05,97,67,59,2.19E-04,0.041729321,-0.018243,0.981922396,0.098318753,-0.185549546,0.852798023,1.940191492,1.526428308,2.471475628,5.16E-08,5.88E-08,5.54E-08,0.541790499,0.143668151,3.771124609,1.63E-04,NA,NA,NA,NA,NA,NA,NA,NA,NA,NA,NA,NA,NA,NA,0.009338,0,0.559423,0.431239,0
2640066|.|G|A|.|.|GT,NA,NA,318,300,171,351,65.03067485,53.91705069,2.175789474,2.52E-10,6.41E-06,9.29E-08,71,50,45,7.67E-04,0.031927162,-0.001906117,0.998095698,0.098319776,-0.019386915,0.984532449,2.153437965,1.693926282,2.743880576,2.79E-10,2.87E-10,3.15E-10,0.680253865,0.143767438,4.731626804,2.23E-06,NA,NA,NA,NA,NA,NA,NA,NA,NA,NA,NA,NA,NA,NA,0.009338,0.5382,0,0,0.452462
2636638|.|G|A|.|.|GT,NA,NA,249,216,240,435,50.9202454,66.8202765,2.089409722,2.16E-09,5.52E-05,6.59E-07,61,39,41,0.009853448,0.039617015,0.015843875,1.015970055,0.093901752,0.168728214,0.866010425,2.082475698,1.638187652,2.651332008,1.82E-09,2.32E-09,1.70E-09,0.74629917,0.145777859,5.119427442,3.06E-07,NA,NA,NA,NA,NA,NA,NA,NA,NA,NA,NA,NA,NA,NA,0.009338,0.405772,0,0,0.58489
2903262|.|G|T|.|.|GT,NA,NA,252,220,237,431,51.53374233,66.20583717,2.083084005,2.36E-09,5.99E-05,5.82E-07,72,48,46,0.006309827,0.024460907,-0.036086718,0.964556645,0.094868656,-0.380386098,0.703658833,2.076187091,1.633993978,2.641943579,1.97E-09,2.53E-09,1.86E-09,0.735980002,0.144602428,5.089679426,3.59E-07,NA,NA,NA,NA,NA,NA,NA,NA,NA,NA,NA,NA,NA,NA,0.009338,0,0,0.40747,0.583192
4300341|.|G|C|.|.|GT,NA,NA,293,284,196,367,59.91820041,56.37480799,1.931787151,5.06E-08,0.001293479,7.19E-06,78,50,54,9.01E-04,0.01685309,-0.078283198,0.924702516,0.094657837,-0.82701232,0.408230078,1.937487732,1.52851591,2.460028465,4.01E-08,5.09E-08,4.09E-08,0.608183689,0.142172863,4.277776203,1.89E-05,NA,NA,NA,NA,NA,NA,NA,NA,NA,NA,NA,NA,NA,NA,0.009338,0,0.508489,0,0.482173
4477937|.|C|T|.|.|GT,NA,NA,209,186,280,465,42.7402863,71.42857143,1.866071429,8.79E-07,0.022478929,1.97E-04,67,42,48,5.22E-04,0.049800114,-0.051035257,0.950245167,0.095955129,-0.531865861,0.594818904,1.861034032,1.454882176,2.383172304,7.35E-07,9.28E-07,6.68E-07,0.470831376,0.148877999,3.162531609,0.001564038,NA,NA,NA,NA,NA,NA,NA,NA,NA,NA,NA,NA,NA,NA,0.009338,0,0.654499,0.336163,0
5224435|.|C|T|.|.|GT,NA,NA,257,241,232,410,52.55623722,62.98003072,1.884568608,2.01E-07,0.005153473,5.31E-05,67,46,46,0.003065318,0.003065318,0.086650368,1.090515334,0.091952505,0.942338301,0.346019465,1.891580858,1.491564133,2.401915355,1.35E-07,1.53E-07,1.30E-07,0.647274309,0.142772736,4.53359884,5.80E-06,NA,NA,NA,NA,NA,NA,NA,NA,NA,NA,NA,NA,NA,NA,0.009338,0,0.559423,0.431239,0
21503|.|A|G|.|.|GT,NA,NA,183,137,306,514,37.42331288,78.95545315,2.243738371,1.70E-09,4.33E-05,4.51E-07,17,14,13,0.01272583,0.049041748,-0.086670706,0.916979001,0.095881519,-0.903935472,0.366029619,2.234449358,1.720516605,2.908020827,1.43E-09,1.87E-09,1.18E-09,0.707909187,0.1578248,4.485411589,7.28E-06,NA,NA,NA,NA,NA,NA,NA,NA,NA,NA,NA,NA,NA,NA,0.008489,0.712224,0,0,0.279287
392328|.|A|G|.|.|GT,NA,NA,285,263,204,388,58.28220859,59.60061444,2.061060166,2.77E-09,7.04E-05,4.26E-07,62,40,49,4.82E-06,0.030015864,0.016277313,1.01641051,0.094199266,0.172796604,0.862811307,2.053919069,1.620047802,2.608551248,2.33E-09,2.96E-09,2.36E-09,0.690771927,0.143477117,4.814509378,1.48E-06,NA,NA,NA,NA,NA,NA,NA,NA,NA,NA,NA,NA,NA,NA,0.008489,0.513582,0,0,0.477929
395787|.|A|C|.|.|GT,NA,NA,319,313,170,338,65.23517382,51.92012289,2.026348431,9.80E-09,2.49E-04,1.35E-06,67,51,44,2.17E-05,0.013933875,0.102996127,1.108487116,0.097411373,1.057331637,0.290360259,2.01850593,1.587732713,2.571841704,7.91E-09,1.04E-08,8.66E-09,0.510023316,0.143225963,3.560969716,3.69E-04,NA,NA,NA,NA,NA,NA,NA,NA,NA,NA,NA,NA,NA,NA,0.008489,0.448217,0.543294,0,0
631336|.|C|T|.|.|GT,NA,NA,271,244,218,407,55.4192229,62.51920123,2.073563694,1.75E-09,4.49E-05,9.15E-07,80,51,50,0.018316098,0.032992618,0.062454676,1.064446213,0.094012619,0.664322268,0.506484072,2.066558575,1.629365054,2.625260597,1.85E-09,1.87E-09,1.81E-09,0.813665219,0.144065234,5.647894347,1.62E-08,NA,NA,NA,NA,NA,NA,NA,NA,NA,NA,NA,NA,NA,NA,0.008489,0,0.54584,0.445671,0
845635|.|G|A|.|.|GT,NA,NA,305,305,184,346,62.37218814,53.14900154,1.880434783,2.35E-07,0.006003173,4.03E-05,77,51,50,0.005870708,0.011672721,0.012030042,1.012102694,0.095611501,0.125822119,0.899872733,1.88574706,1.486396838,2.396732245,1.54E-07,1.80E-07,1.60E-07,0.740421959,0.14368064,5.153247926,2.56E-07,NA,NA,NA,NA,NA,NA,NA,NA,NA,NA,NA,NA,NA,NA,0.008489,0.53056,0,0,0.460951
1302387|.|G|A|.|.|GT,NA,NA,263,236,226,415,53.78323108,63.74807988,2.046366432,4.47E-09,1.14E-04,1.51E-06,73,49,46,0.004626294,0.034415914,-0.040168918,0.960627158,0.092648742,-0.433561397,0.664606973,2.026243342,1.597122357,2.574444813,5.31E-09,6.89E-09,5.12E-09,0.633249632,0.142672844,4.43847347,9.06E-06,HF536482,1302387,snp,G,A,A:139 G:0,CDS,+,1948/2310,650/769,missense_variant c.1948G>A p.Val650Ile,BN373_12211,NA,biotin sulfoxide reductase homolog,0.008489,0.438879,0,0,0.552632
2240706|.|C|T|.|.|GT,NA,NA,173,120,316,531,35.37832311,81.56682028,2.422547468,1.44E-10,3.66E-06,5.81E-08,35,25,26,0.005988121,0.016673848,-0.245180057,0.78256362,0.099594436,-2.461784683,0.013824763,2.410494555,1.841048965,3.165037956,1.23E-10,1.62E-10,9.77E-11,0.777533578,0.162280934,4.791281154,1.66E-06,NA,NA,NA,NA,NA,NA,NA,NA,NA,NA,NA,NA,NA,NA,0.008489,0,0.735144,0.256367,0
3320866|.|A|G|.|.|GT,NA,NA,300,277,189,374,61.34969325,57.4500768,2.143143659,3.12E-10,7.92E-06,3.34E-08,115,73,71,0.004928154,0.014964671,0.035114317,1.035738105,0.096834676,0.362621316,0.716887785,2.148364527,1.693123531,2.731399399,2.41E-10,3.15E-10,2.56E-10,0.806694995,0.143625621,5.616651048,1.95E-08,NA,NA,NA,NA,NA,NA,NA,NA,NA,NA,NA,NA,NA,NA,0.008489,0.489813,0,0,0.501698
3233508|.|C|T|.|.|GT,NA,NA,244,225,245,426,49.89775051,65.43778802,1.885605442,2.25E-07,0.005703526,1.61E-05,92,59,65,9.26E-05,0.008780931,-0.081422642,0.921804016,0.092664385,-0.878683239,0.379573049,1.867702359,1.470820683,2.374437195,2.80E-07,3.29E-07,2.65E-07,0.621002417,0.143432151,4.329590064,1.49E-05,NA,NA,NA,NA,NA,NA,NA,NA,NA,NA,NA,NA,NA,NA,0.008489,0,0.580645,0.410866,0
3402154|.|C|G|.|.|GT,NA,NA,183,137,306,514,37.42331288,78.95545315,2.243738371,1.70E-09,4.33E-05,4.83E-07,46,31,32,0.011351591,0.025896082,-0.119613143,0.887263614,0.097556849,-1.226086579,0.220166096,2.234449358,1.720516605,2.908020827,1.43E-09,1.87E-09,1.18E-09,0.640755471,0.155731975,4.11447597,3.88E-05,HF536482,3402154,snp,C,G,G:146 C:0,NA,NA,NA,NA,NA,NA,NA,NA,0.008489,0,0.709677,0,0.281834
4841541|.|G|A|.|.|GT,NA,NA,320,327,169,324,65.4396728,49.76958525,1.876119646,2.79E-07,0.007118073,6.53E-05,72,46,52,2.08E-04,0.024460907,0.062932196,1.064954629,0.0979618,0.642415677,0.520603323,1.880902875,1.479239752,2.396669929,2.21E-07,2.84E-07,2.36E-07,0.566701913,0.144837513,3.912673598,9.13E-05,HF536482,4841541,snp,G,A,A:174 G:0,CDS,+,1265/2034,422/677,missense_variant c.1265G>A p.Ser422Asn,BN373_45781,malS,"alpha-amylase, periplasmic",0.008489,0.56961,0,0,0.421902
5091917|.|T|C|.|.|GT,NA,NA,310,307,179,344,63.39468303,52.84178187,1.940567394,6.09E-08,0.001553699,1.79E-05,76,49,56,4.37E-05,0.015440262,-0.073554619,0.929085399,0.096477987,-0.762397946,0.445822532,1.933705999,1.523191928,2.459709054,5.23E-08,6.44E-08,5.53E-08,0.422722937,0.143810578,2.939442596,0.003288032,NA,NA,NA,NA,NA,NA,NA,NA,NA,NA,NA,NA,NA,NA,0.008489,0,0.529711,0.4618,0
1597297|.|C|T|.|.|GT,NA,NA,184,130,305,521,37.62781186,80.03072197,2.417755359,6.21E-11,1.58E-06,2.82E-08,51,34,34,0.024092908,0.024092908,0.045755551,1.046818486,0.098107064,0.466383853,0.640940767,2.406339064,1.84857112,3.140350631,5.26E-11,6.97E-11,4.22E-11,0.861051501,0.162170479,5.309545273,1.10E-07,NA,NA,NA,NA,NA,NA,NA,NA,NA,NA,NA,NA,NA,NA,0.00764,0,0.720713,0.271647,0
1637670|.|C|T|.|.|GT,NA,NA,313,320,176,331,64.00817996,50.84485407,1.839541903,5.74E-07,0.014667283,1.15E-04,78,52,53,0.00203114,0.004334881,0.089639018,1.093779378,0.096930819,0.924773145,0.355083923,1.844621557,1.452467366,2.347082571,4.59E-07,5.82E-07,4.80E-07,0.433584223,0.143505311,3.021381018,0.002516245,NA,NA,NA,NA,NA,NA,NA,NA,NA,NA,NA,NA,NA,NA,0.00764,0,0.447368,0.544992,0
3105000|.|A|G|.|.|GT,NA,NA,323,336,166,315,66.05316973,48.38709677,1.824171687,1.20E-06,0.030568093,2.49E-04,94,58,61,0.005078436,0.02976641,0.100913413,1.106180856,0.097528311,1.034708913,0.300804872,1.817766828,1.428628948,2.317958161,1.03E-06,1.26E-06,1.09E-06,0.549440203,0.1448302,3.793685311,1.48E-04,NA,NA,NA,NA,NA,NA,NA,NA,NA,NA,NA,NA,NA,NA,0.00764,0.410017,0,0,0.582343
3233502|.|G|A|.|.|GT,NA,NA,255,230,234,421,52.14723926,64.66973886,1.994704571,1.68E-08,4.25E-04,1.43E-06,93,57,64,3.66E-04,0.037514232,-0.041566041,0.959285981,0.092729066,-0.448252552,0.653970939,1.98852935,1.566611648,2.527508363,1.45E-08,1.78E-08,1.38E-08,0.695109155,0.143250632,4.852398518,1.22E-06,NA,NA,NA,NA,NA,NA,NA,NA,NA,NA,NA,NA,NA,NA,0.00764,0.423599,0,0,0.568761
3651183|.|A|G|.|.|GT,NA,NA,349,368,140,283,71.37014315,43.47158218,1.917061335,2.64E-07,0.006719924,5.46E-05,80,56,50,4.52E-04,0.032992618,-0.036097867,0.964545892,0.102242343,-0.353061809,0.724042103,1.90866349,1.489208231,2.453465358,2.73E-07,2.82E-07,3.07E-07,0.60078723,0.148994932,4.032266223,5.52E-05,NA,NA,NA,NA,NA,NA,NA,NA,NA,NA,NA,NA,NA,NA,0.00764,0.368421,0,0,0.623939
3777280|.|C|T|.|.|GT,NA,NA,240,191,249,460,49.0797546,70.66052227,2.321327194,1.43E-11,3.64E-07,9.56E-09,56,37,36,0.022241389,0.044046546,0.076616065,1.07962749,0.093703726,0.817641608,0.413561862,2.329442453,1.825497648,2.977559055,8.27E-12,1.01E-11,7.43E-12,0.749885829,0.146564323,5.116428162,3.11E-07,NA,NA,NA,NA,NA,NA,NA,NA,NA,NA,NA,NA,NA,NA,0.00764,0,0.617997,0.374363,0
3776233|.|G|A|.|.|GT,NA,NA,236,217,253,434,48.26175869,66.66666667,1.865612648,3.78E-07,0.009628005,9.63E-05,62,41,40,0.015134081,0.030015864,-0.238859441,0.787525569,0.095740219,-2.494870428,0.012600313,1.873412891,1.473424614,2.384721326,2.85E-07,2.87E-07,2.67E-07,0.544318023,0.143941422,3.781524564,1.56E-04,NA,NA,NA,NA,NA,NA,NA,NA,NA,NA,NA,NA,NA,NA,0.00764,0.386248,0,0,0.606112
4757409|.|G|A|.|.|GT,NA,NA,234,218,255,433,47.85276074,66.51305684,1.822665947,9.82E-07,0.025022804,1.73E-04,78,50,50,0.01685309,0.01685309,-0.048204925,0.952938487,0.093622928,-0.514883755,0.606634253,1.817944791,1.430031734,2.313725297,1.01E-06,1.03E-06,9.51E-07,0.557982048,0.144328406,3.866058416,1.11E-04,NA,NA,NA,NA,NA,NA,NA,NA,NA,NA,NA,NA,NA,NA,0.00764,0.383701,0,0,0.608659
5230178|.|C|T|.|.|GT,NA,NA,290,285,199,366,59.30470348,56.22119816,1.871462576,2.52E-07,0.006442005,6.44E-05,78,49,59,6.42E-06,0.030786496,-0.052459336,0.948892906,0.096423914,-0.544049026,0.586407737,1.865676159,1.472379821,2.367577849,2.20E-07,2.65E-07,2.22E-07,0.625536643,0.142546005,4.388314107,1.14E-05,NA,NA,NA,NA,NA,NA,NA,NA,NA,NA,NA,NA,NA,NA,0.00764,0,0.48472,0.50764,0
316943|.|C|T|.|.|GT,NA,NA,171,142,318,509,34.96932515,78.18740399,1.927517938,9.52E-07,0.024257427,1.01E-04,43,14,39,3.11E-08,0.031539497,-0.159776387,0.852334361,0.097860795,-1.63269047,0.102534113,1.921466087,1.478779986,2.500422756,9.83E-07,1.01E-06,8.59E-07,0.571359443,0.158454724,3.605821452,3.11E-04,NA,NA,NA,NA,NA,NA,NA,NA,NA,NA,NA,NA,NA,NA,0.006791,0,0.720713,0.272496,0
436222|.|G|A|.|.|GT,NA,NA,348,372,141,279,71.16564417,42.85714286,1.85106383,1.25E-06,0.031742982,9.98E-05,69,44,48,0.001550317,0.029493494,0.182137263,1.199778868,0.101570251,1.793214661,0.072938607,1.854848916,1.447445709,2.383657572,8.93E-07,9.82E-07,9.89E-07,0.622416175,0.149165118,4.172665724,3.01E-05,NA,NA,NA,NA,NA,NA,NA,NA,NA,NA,NA,NA,NA,NA,0.006791,0.632428,0,0,0.360781
581623|.|T|C|.|.|GT,NA,NA,219,193,270,458,44.78527607,70.35330261,1.924812896,1.60E-07,0.004116721,5.80E-05,67,46,48,5.22E-04,0.003065318,0.052601013,1.054009025,0.09401271,0.559509585,0.575813992,1.933439341,1.514234985,2.471731083,1.17E-07,1.20E-07,1.06E-07,0.625520118,0.147017387,4.254735643,2.09E-05,NA,NA,NA,NA,NA,NA,NA,NA,NA,NA,NA,NA,NA,NA,0.006791,0,0.360781,0.632428,0
1383687|.|C|T|.|.|GT,NA,NA,328,328,161,323,67.07566462,49.61597542,2.00621118,1.69E-08,4.31E-04,4.63E-06,77,56,49,8.22E-05,0.022033459,0.016485048,1.016621676,0.098978776,0.166551339,0.867723085,1.998139605,1.568982579,2.551010291,1.62E-08,1.80E-08,1.80E-08,0.536149296,0.144917023,3.69969852,2.16E-04,NA,NA,NA,NA,NA,NA,NA,NA,NA,NA,NA,NA,NA,NA,0.006791,0,0.421902,0.571307,0
1363760|.|G|A|.|.|GT,NA,NA,322,323,167,328,65.84867076,50.38402458,1.957991138,5.15E-08,0.001315754,1.30E-05,82,53,52,0.010637488,0.019826916,0.070910861,1.073485532,0.098359807,0.720933304,0.470950551,1.962551882,1.542892649,2.501807182,3.29E-08,3.93E-08,3.58E-08,0.539090482,0.144799099,3.723023738,1.97E-04,NA,NA,NA,NA,NA,NA,NA,NA,NA,NA,NA,NA,NA,NA,0.006791,0.564516,0,0,0.428693
1363758|.|C|T|.|.|GT,NA,NA,321,322,168,329,65.64417178,50.53763441,1.952251553,5.28E-08,0.001348799,1.32E-05,80,52,51,0.00968285,0.018316098,0.06572859,1.067936829,0.098205896,0.669293722,0.503308131,1.956885896,1.538709179,2.494244043,3.68E-08,4.05E-08,3.99E-08,0.529621895,0.144699503,3.660150057,2.52E-04,NA,NA,NA,NA,NA,NA,NA,NA,NA,NA,NA,NA,NA,NA,0.006791,0,0.43039,0.562818,0
1360523|.|C|T|.|.|GT,NA,NA,267,260,222,391,54.60122699,60.06144393,1.808679834,1.12E-06,0.028535848,2.08E-04,64,43,42,0.008146902,0.01685819,0.015744653,1.015869253,0.092773059,0.169711475,0.86523705,1.803751759,1.423984421,2.287660431,9.48E-07,1.17E-06,9.26E-07,0.606731418,0.142315647,4.263279767,2.01E-05,NA,NA,NA,NA,NA,NA,NA,NA,NA,NA,NA,NA,NA,NA,0.006791,0,0.532258,0.460951,0
1460815|.|C|T|.|.|GT,NA,NA,253,213,236,438,51.73824131,67.28110599,2.204464073,1.42E-10,3.62E-06,7.24E-08,64,42,47,2.27E-04,0.01685819,0.10825198,1.114328499,0.093161696,1.161979495,0.245243794,2.211847599,1.739089317,2.817726741,8.04E-11,1.02E-10,7.52E-11,0.798614406,0.145934321,5.472423491,4.44E-08,NA,NA,NA,NA,NA,NA,NA,NA,NA,NA,NA,NA,NA,NA,0.006791,0,0.589983,0.403226,0
1599449|.|T|C|.|.|GT,NA,NA,281,271,208,380,57.46421268,58.37173579,1.894337213,1.32E-07,0.003352414,3.32E-05,97,65,61,0.001049607,0.014389633,-0.125418794,0.882127395,0.09342012,-1.342524439,0.179426012,1.888556913,1.490711019,2.396118974,1.25E-07,1.39E-07,1.25E-07,0.678695552,0.142700467,4.756085023,1.97E-06,NA,NA,NA,NA,NA,NA,NA,NA,NA,NA,NA,NA,NA,NA,0.006791,0,0.485569,0.50764,0
1599446|.|T|C|.|.|GT,NA,NA,281,272,208,379,57.46421268,58.21812596,1.882405967,1.81E-07,0.004619508,4.48E-05,98,65,61,0.00160058,0.019690185,-0.12830877,0.879581749,0.093431707,-1.373289367,0.169662407,1.876718194,1.48141831,2.380956049,1.66E-07,1.91E-07,1.65E-07,0.662019669,0.142601926,4.642431477,3.44E-06,NA,NA,NA,NA,NA,NA,NA,NA,NA,NA,NA,NA,NA,NA,0.006791,0,0.486418,0.506791,0
1805103|.|C|T|.|.|GT,NA,NA,257,242,232,409,52.55623722,62.82642089,1.872203619,2.79E-07,0.007105425,6.70E-05,72,47,48,0.006309827,0.012774596,-0.042139102,0.95873641,0.092936606,-0.453417696,0.650247996,1.854764581,1.462900857,2.354376583,3.16E-07,4.06E-07,3.04E-07,0.514463352,0.143072784,3.595815624,3.23E-04,NA,NA,NA,NA,NA,NA,NA,NA,NA,NA,NA,NA,NA,NA,0.006791,0,0.556027,0.437182,0
2120774|.|C|A|.|.|GT,NA,NA,298,276,191,375,60.9406953,57.60368664,2.119849761,6.40E-10,1.62E-05,1.77E-07,75,53,47,4.50E-04,0.036954904,0.011259615,1.011323243,0.096165593,0.117085695,0.906792145,2.125222345,1.67516553,2.701301724,4.21E-10,4.74E-10,4.44E-10,0.663707629,0.14289285,4.644792422,3.40E-06,NA,NA,NA,NA,NA,NA,NA,NA,NA,NA,NA,NA,NA,NA,0.006791,0.495756,0.497453,0,0
2050975|.|C|T|.|.|GT,NA,NA,336,338,153,313,68.71165644,48.07987711,2.033646595,1.02E-08,2.58E-04,2.15E-06,71,47,46,0.008554539,0.016994653,0.071955273,1.074607279,0.099414091,0.723793494,0.469192524,2.037427192,1.596740251,2.606685484,8.08E-09,1.04E-08,9.26E-09,0.620946768,0.146925572,4.226267482,2.38E-05,NA,NA,NA,NA,NA,NA,NA,NA,NA,NA,NA,NA,NA,NA,0.006791,0,0.411715,0.581494,0
2208393|.|G|T|.|.|GT,NA,NA,271,233,218,418,55.4192229,64.20890937,2.230145293,4.52E-11,1.15E-06,1.69E-08,69,45,49,6.36E-04,0.015432297,0.002674693,1.002678274,0.093642757,0.028562737,0.977213332,2.23668813,1.761654453,2.84464168,3.04E-11,3.27E-11,2.99E-11,0.840833506,0.14490367,5.802706754,6.53E-09,NA,NA,NA,NA,NA,NA,NA,NA,NA,NA,NA,NA,NA,NA,0.006791,0,0,0.438031,0.555178
2158376|.|C|T|.|.|GT,NA,NA,235,215,254,436,48.05725971,66.97388633,1.876213148,3.55E-07,0.009025715,6.84E-05,44,31,30,0.009559879,0.022628841,-0.13458543,0.874078203,0.09235407,-1.457276655,0.145040028,1.871081309,1.471367423,2.382100221,3.07E-07,3.74E-07,2.86E-07,0.613241665,0.144193876,4.25289674,2.11E-05,NA,NA,NA,NA,NA,NA,NA,NA,NA,NA,NA,NA,NA,NA,0.006791,0,0.601019,0.39219,0
3069712|.|A|G|.|.|GT,NA,NA,309,317,180,334,63.19018405,51.30568356,1.808727655,1.10E-06,0.028178859,2.33E-04,90,59,58,0.004165114,0.008045928,-0.034671235,0.965922925,0.095307377,-0.363783335,0.716019808,1.802904454,1.420438943,2.292475108,1.15E-06,1.16E-06,1.19E-06,0.552969045,0.142383517,3.883659134,1.03E-04,NA,NA,NA,NA,NA,NA,NA,NA,NA,NA,NA,NA,NA,NA,0.006791,0.455857,0,0,0.537351
3230223|.|A|T|.|.|GT,NA,NA,270,244,219,407,55.21472393,62.51920123,2.056478778,3.43E-09,8.70E-05,3.35E-07,109,73,69,5.05E-04,0.007040751,0.060588802,1.062461942,0.093561658,0.647581528,0.517255648,2.049624991,1.616087043,2.603659417,2.80E-09,3.67E-09,2.74E-09,0.678197528,0.142883563,4.746504887,2.07E-06,NA,NA,NA,NA,NA,NA,NA,NA,NA,NA,NA,NA,NA,NA,0.006791,0.550085,0,0.443124,0
3410740|.|G|A|.|.|GT,NA,NA,304,286,185,365,62.16768916,56.06758833,2.097146097,1.32E-09,3.37E-05,3.87E-07,88,54,58,0.003746509,0.042210612,0.117832769,1.125055952,0.09536364,1.235615268,0.216601607,2.102264702,1.656495152,2.673387468,7.84E-10,9.77E-10,8.39E-10,0.705515026,0.143569414,4.914103966,8.92E-07,NA,NA,NA,NA,NA,NA,NA,NA,NA,NA,NA,NA,NA,NA,0.006791,0.518676,0,0,0.474533
3364496|.|C|T|.|.|GT,NA,NA,271,259,218,392,55.4192229,60.21505376,1.881477808,1.74E-07,0.004449782,3.40E-05,88,54,63,6.27E-05,0.042210612,0.004410296,1.004420036,0.093294043,0.047273072,0.962295589,1.875965534,1.480652243,2.380031587,1.73E-07,1.83E-07,1.70E-07,0.588787206,0.142671717,4.12686704,3.68E-05,NA,NA,NA,NA,NA,NA,NA,NA,NA,NA,NA,NA,NA,NA,0.006791,0,0.529711,0.463497,0
3994551|.|A|G|.|.|GT,NA,NA,310,299,179,352,63.39468303,54.07066052,2.038825881,5.46E-09,1.39E-04,1.19E-06,71,47,47,0.008554539,0.008554539,-0.064284082,0.937738567,0.096355825,-0.66715304,0.504674384,2.031204687,1.599762427,2.584270754,4.89E-09,5.83E-09,5.25E-09,0.692301236,0.143129856,4.836875108,1.32E-06,NA,NA,NA,NA,NA,NA,NA,NA,NA,NA,NA,NA,NA,NA,0.006791,0.455008,0,0,0.5382
4006639|.|C|T|.|.|GT,NA,NA,264,239,225,412,53.98773006,63.28725038,2.02264993,6.80E-09,1.74E-04,1.45E-06,64,41,49,2.44E-05,0.032765759,-0.046174307,0.954875506,0.093078845,-0.496077352,0.619839838,2.0161415,1.589412174,2.561144478,6.66E-09,7.24E-09,6.44E-09,0.622807351,0.142472283,4.371428173,1.23E-05,NA,NA,NA,NA,NA,NA,NA,NA,NA,NA,NA,NA,NA,NA,0.006791,0,0.550085,0.443124,0
4258027|.|G|A|.|.|GT,NA,NA,328,320,161,331,67.07566462,50.84485407,2.107298137,1.41E-09,3.60E-05,2.71E-07,76,50,51,0.003836236,0.00790518,0.025661577,1.02599367,0.098079028,0.261641836,0.793597587,2.09840749,1.647734457,2.678780682,1.41E-09,1.52E-09,1.62E-09,0.651211185,0.14487983,4.494836739,6.96E-06,NA,NA,NA,NA,NA,NA,NA,NA,NA,NA,NA,NA,NA,NA,0.006791,0.567912,0,0,0.425297
4408820|.|A|G|.|.|GT,NA,NA,315,306,174,345,64.41717791,52.99539171,2.041075051,5.22E-09,1.33E-04,1.59E-06,72,48,52,2.08E-04,0.006309827,-0.101427107,0.903547039,0.096945695,-1.046226004,0.2954567,2.045788609,1.610149206,2.605015705,3.74E-09,3.96E-09,4.07E-09,0.67234269,0.143811335,4.675171733,2.94E-06,NA,NA,NA,NA,NA,NA,NA,NA,NA,NA,NA,NA,NA,NA,0.006791,0.447368,0,0,0.54584
4385534|.|G|A|.|.|GT,NA,NA,334,343,155,308,68.30265849,47.31182796,1.934957209,1.09E-07,0.00278949,2.45E-05,83,51,55,0.004039209,0.047524889,0.065609707,1.067809877,0.100830494,0.650693107,0.515244614,1.927214626,1.510933084,2.464401785,1.05E-07,1.16E-07,1.16E-07,0.631408713,0.146321915,4.315202621,1.59E-05,NA,NA,NA,NA,NA,NA,NA,NA,NA,NA,NA,NA,NA,NA,0.006791,0.593379,0,0,0.39983
4924485|.|T|C|.|.|GT,NA,NA,231,196,258,455,47.2392638,69.89247312,2.078488372,3.93E-09,1.00E-04,1.33E-06,50,33,33,0.032839138,0.032839138,-0.03019477,0.970256538,0.093668999,-0.322356067,0.747182963,2.071668929,1.624609437,2.645554307,3.85E-09,4.21E-09,3.48E-09,0.781304133,0.148975313,5.244520844,1.57E-07,NA,NA,NA,NA,NA,NA,NA,NA,NA,NA,NA,NA,NA,NA,0.006791,0,0.368421,0.624788,0
4939707|.|G|A|.|.|GT,NA,NA,276,260,213,391,56.44171779,60.06144393,1.94864572,3.39E-08,8.62E-04,9.37E-06,56,39,37,0.004561533,0.022241389,0.024041575,1.024332903,0.093874698,0.25610282,0.797871444,1.942542999,1.532891116,2.465175976,3.50E-08,3.58E-08,3.46E-08,0.664942872,0.1428838,4.653731699,3.26E-06,NA,NA,NA,NA,NA,NA,NA,NA,NA,NA,NA,NA,NA,NA,0.006791,0.465195,0,0,0.528014
5005325|.|C|T|.|.|GT,NA,NA,353,366,136,285,72.18813906,43.77880184,2.021154773,3.17E-08,8.09E-04,9.30E-06,77,53,48,0.001263227,0.039539533,0.039121726,1.039897058,0.102973394,0.379920717,0.704004268,2.011583348,1.567720837,2.589452471,3.00E-08,3.40E-08,3.54E-08,0.526086877,0.14907468,3.529015633,4.17E-04,NA,NA,NA,NA,NA,NA,NA,NA,NA,NA,NA,NA,NA,NA,0.006791,0,0.367572,0.625637,0
5224297|.|C|A|.|.|GT,NA,NA,247,221,242,430,50.51124744,66.05222734,1.985901799,2.08E-08,5.32E-04,6.86E-06,66,46,42,0.00185823,0.035582724,-0.043731144,0.957211275,0.092808524,-0.471197497,0.637499706,1.99341855,1.568835736,2.536257167,1.50E-08,1.55E-08,1.41E-08,0.664083565,0.144108064,4.608233205,4.06E-06,NA,NA,NA,NA,NA,NA,NA,NA,NA,NA,NA,NA,NA,NA,0.006791,0.406621,0.586587,0,0
5299156|.|G|C|.|.|GT,NA,NA,303,302,186,349,61.96319018,53.60983103,1.882557146,1.80E-07,0.004611303,4.80E-05,85,56,56,0.00451164,0.00451164,0.080760438,1.084111153,0.09528132,0.8475999,0.39666083,1.876362651,1.479328626,2.384148118,1.89E-07,1.90E-07,1.95E-07,0.641815312,0.14274321,4.496293107,6.91E-06,NA,NA,NA,NA,NA,NA,NA,NA,NA,NA,NA,NA,NA,NA,0.006791,0,0.53056,0,0.462649
874768|.|A|G|.|.|GT,NA,NA,301,293,188,358,61.55419223,54.99231951,1.956248638,3.38E-08,8.64E-04,6.86E-06,82,52,56,0.001220382,0.019826916,0.065697108,1.067903209,0.095728071,0.686288857,0.492530974,1.949559514,1.537116225,2.477216031,3.19E-08,3.58E-08,3.31E-08,0.616125255,0.143420861,4.295924936,1.74E-05,NA,NA,NA,NA,NA,NA,NA,NA,NA,NA,NA,NA,NA,NA,0.005942,0.471986,0,0,0.522071
1117408|.|C|T|.|.|GT,NA,NA,183,141,306,510,37.42331288,78.34101382,2.163120567,6.83E-09,1.73E-04,1.23E-06,35,24,24,0.040959592,0.040959592,0.070715505,1.073275841,0.097572122,0.724751122,0.468604727,2.154785403,1.661302741,2.800241428,6.47E-09,7.41E-09,5.43E-09,0.78347495,0.159286549,4.918651034,8.71E-07,NA,NA,NA,NA,NA,NA,NA,NA,NA,NA,NA,NA,NA,NA,0.005942,0,0.713922,0.280136,0
1517365|.|G|A|.|.|GT,NA,NA,263,256,226,395,53.78323108,60.67588326,1.795578678,1.48E-06,0.037622588,3.33E-04,100,66,62,0.00178993,0.020978736,-0.043209555,0.957710676,0.093820783,-0.460554195,0.645118481,1.790799541,1.413585531,2.271403586,1.31E-06,1.54E-06,1.27E-06,0.540449956,0.142593671,3.790139844,1.51E-04,NA,NA,NA,NA,NA,NA,NA,NA,NA,NA,NA,NA,NA,NA,0.005942,0.457555,0,0,0.536503
1637282|.|C|T|.|.|GT,NA,NA,277,254,212,397,56.64621677,60.98310292,2.04221141,3.86E-09,9.87E-05,1.13E-06,67,47,43,0.001307169,0.027119992,0.060815141,1.062702446,0.093998063,0.646982912,0.517643003,2.048497411,1.615674507,2.601619928,2.73E-09,2.88E-09,2.71E-09,0.548504767,0.142108531,3.859759601,1.13E-04,NA,NA,NA,NA,NA,NA,NA,NA,NA,NA,NA,NA,NA,NA,0.005942,0,0.528862,0.465195,0
2238291|.|C|T|.|.|GT,NA,NA,170,116,319,535,34.76482618,82.1812596,2.457842395,1.01E-10,2.57E-06,4.15E-08,23,17,17,0.034689665,0.034689665,-0.20146796,0.81752977,0.100673684,-2.001197859,0.045371072,2.445143487,1.863150283,3.218599443,8.77E-11,1.15E-10,6.92E-11,0.768044323,0.164326646,4.673887913,2.96E-06,NA,NA,NA,NA,NA,NA,NA,NA,NA,NA,NA,NA,NA,NA,0.005942,0,0.744482,0.249576,0
3234395|.|C|T|.|.|GT,NA,NA,323,330,166,321,66.05316973,49.30875576,1.89271632,2.57E-07,0.006506613,1.82E-05,109,74,69,2.37E-04,0.007040751,0.10139672,1.106715611,0.098566613,1.028712635,0.303614731,1.874280834,1.473147749,2.389795766,2.76E-07,2.81E-07,2.95E-07,0.623737858,0.144640714,4.312325629,1.62E-05,NA,NA,NA,NA,NA,NA,NA,NA,NA,NA,NA,NA,NA,NA,0.005942,0,0.42275,0.571307,0
3310962|.|A|G|.|.|GT,NA,NA,305,307,184,344,62.37218814,52.84178187,1.857385639,3.35E-07,0.00849002,2.34E-05,111,72,69,0.002238346,0.013233608,0.046617901,1.047721599,0.095591246,0.487679605,0.6257768,1.862728101,1.468275889,2.36723,2.67E-07,3.39E-07,2.77E-07,0.551294056,0.141889275,3.885382153,1.02E-04,NA,NA,NA,NA,NA,NA,NA,NA,NA,NA,NA,NA,NA,NA,0.005942,0.460102,0,0,0.533956
3347897|.|C|T|.|.|GT,NA,NA,316,316,173,335,64.62167689,51.45929339,1.936416185,7.87E-08,0.002007594,1.65E-05,97,62,68,9.34E-05,0.007959455,-0.002284297,0.99771831,0.09834519,-0.023227339,0.981468931,1.917642071,1.509172037,2.4415804,8.53E-08,8.67E-08,9.09E-08,0.64903448,0.143255828,4.530597397,5.88E-06,NA,NA,NA,NA,NA,NA,NA,NA,NA,NA,NA,NA,NA,NA,0.005942,0,0.443124,0.550934,0
3776182|.|G|A|.|.|GT,NA,NA,241,218,248,433,49.28425358,66.51305684,1.930175348,1.03E-07,0.002627144,2.95E-05,74,47,49,0.007084253,0.026516833,-0.176784052,0.837960721,0.095787283,-1.845589993,0.064951761,1.937849262,1.524477993,2.466534637,6.04E-08,7.71E-08,5.64E-08,0.548278963,0.144301367,3.79954103,1.45E-04,NA,NA,NA,NA,NA,NA,NA,NA,NA,NA,NA,NA,NA,NA,0.005942,0.39219,0,0,0.601868
4409318|.|G|A|.|.|GT,NA,NA,310,285,179,366,63.39468303,56.22119816,2.224051749,5.77E-11,1.47E-06,3.35E-08,77,49,56,8.22E-05,0.022033459,-0.061430278,0.940418511,0.096524057,-0.636424537,0.524499752,2.214916143,1.743807119,2.819437062,5.19E-11,6.27E-11,5.78E-11,0.690213222,0.143296268,4.816686647,1.46E-06,NA,NA,NA,NA,NA,NA,NA,NA,NA,NA,NA,NA,NA,NA,0.005942,0.524618,0,0,0.46944
4909363|.|T|C|.|.|GT,NA,NA,278,249,211,402,56.85071575,61.75115207,2.127105579,5.66E-10,1.44E-05,2.29E-07,67,44,45,0.006741447,0.013933875,-0.032680679,0.967847564,0.093065982,-0.351156013,0.725471308,2.11957125,1.671139088,2.692797643,4.84E-10,6.09E-10,4.83E-10,0.68595643,0.142501452,4.813680277,1.48E-06,NA,NA,NA,NA,NA,NA,NA,NA,NA,NA,NA,NA,NA,NA,0.005942,0,0.460951,0.533107,0
4957792|.|G|A|.|.|GT,NA,NA,304,305,185,346,62.16768916,53.14900154,1.864138237,3.26E-07,0.00830781,7.55E-05,88,57,59,0.001824029,0.007343409,0.102687534,1.108145098,0.09485992,1.08251762,0.27902259,1.869507617,1.47377425,2.37569613,2.25E-07,2.52E-07,2.33E-07,0.565225773,0.142777777,3.958779752,7.53E-05,NA,NA,NA,NA,NA,NA,NA,NA,NA,NA,NA,NA,NA,NA,0.005942,0.529711,0,0,0.464346
5306288|.|G|A|.|.|GT,NA,NA,246,193,243,458,50.30674847,70.35330261,2.402353995,1.89E-12,4.83E-08,1.51E-09,71,46,45,0.016994653,0.031927162,-0.015729071,0.984393984,0.092482608,-0.170075992,0.864950374,2.410205442,1.889593217,3.080012331,1.03E-12,1.31E-12,9.32E-13,0.937986843,0.148832907,6.302281282,2.93E-10,NA,NA,NA,NA,NA,NA,NA,NA,NA,NA,NA,NA,NA,NA,0.005942,0.383701,0,0,0.610357
5235846|.|G|A|.|.|GT,NA,NA,226,181,263,470,46.21676892,72.19662058,2.231371972,1.65E-10,4.21E-06,8.26E-08,52,35,39,4.10E-04,0.017533235,0.010706967,1.010764491,0.094847394,0.11288625,0.910120738,2.223119135,1.738508036,2.847504168,1.62E-10,1.79E-10,1.42E-10,0.781889446,0.148681985,5.258804204,1.45E-07,NA,NA,NA,NA,NA,NA,NA,NA,NA,NA,NA,NA,NA,NA,0.005942,0.350594,0,0,0.643463
5221676|.|C|T|.|.|GT,NA,NA,225,205,264,446,46.01226994,68.50998464,1.85421286,7.42E-07,0.018995011,1.71E-04,58,37,43,3.07E-04,0.047940324,0.040508626,1.041340292,0.09389044,0.431445695,0.666144331,1.862446458,1.461854357,2.375468217,4.63E-07,5.62E-07,4.28E-07,0.672826955,0.14687998,4.580794156,4.63E-06,NA,NA,NA,NA,NA,NA,NA,NA,NA,NA,NA,NA,NA,NA,0.005942,0,0.627334,0.366723,0
5253774|.|C|T|.|.|GT,NA,NA,326,339,163,312,66.66666667,47.92626728,1.840707965,8.43E-07,0.021578145,1.89E-04,86,61,54,1.30E-04,0.022982592,0.059752603,1.061573884,0.097966187,0.609930884,0.541907593,1.84532587,1.449372577,2.354819365,5.82E-07,6.58E-07,6.21E-07,0.54277846,0.144447162,3.757626349,1.72E-04,NA,NA,NA,NA,NA,NA,NA,NA,NA,NA,NA,NA,NA,NA,0.005942,0,0.417657,0.576401,0
316580|.|G|A|.|.|GT,NA,NA,260,245,229,406,53.16973415,62.3655914,1.88147224,2.10E-07,0.005355472,2.45E-05,84,53,55,0.006037958,0.02138319,0.057178853,1.058845171,0.091636369,0.623975539,0.53264365,1.888372825,1.489458588,2.397212843,1.41E-07,1.60E-07,1.36E-07,0.724690201,0.143024695,5.066888617,4.04E-07,NA,NA,NA,NA,NA,NA,NA,NA,NA,NA,NA,NA,NA,NA,0.005093,0.433786,0,0,0.561121
577836|.|G|A|.|.|GT,NA,NA,345,350,144,301,70.55214724,46.23655914,2.060416667,7.73E-09,1.98E-04,3.54E-06,84,61,53,4.08E-05,0.02138319,0.234537894,1.264324382,0.10207466,2.297709294,0.02157834,2.063670911,1.613132227,2.64783714,6.10E-09,7.97E-09,7.21E-09,0.649477736,0.148442875,4.375270533,1.21E-05,NA,NA,NA,NA,NA,NA,NA,NA,NA,NA,NA,NA,NA,NA,0.005093,0.610357,0,0,0.38455
915904|.|G|A|.|.|GT,NA,NA,236,197,253,454,48.26175869,69.73886329,2.149716097,6.47E-10,1.65E-05,2.33E-07,59,39,46,1.92E-05,0.018337088,-0.031571627,0.968921553,0.093579243,-0.33737852,0.735831575,2.142298659,1.680532056,2.735038979,6.67E-10,6.95E-10,6.04E-10,0.746335173,0.147826572,5.048721381,4.45E-07,NA,NA,NA,NA,NA,NA,NA,NA,NA,NA,NA,NA,NA,NA,0.005093,0.375212,0,0,0.619694
963583|.|C|T|.|.|GT,NA,NA,299,302,190,349,61.14519427,53.60983103,1.818595329,8.61E-07,0.021989213,1.75E-04,77,51,52,0.002799054,0.005870708,-0.091032402,0.912988128,0.095896061,-0.949281971,0.342477221,1.824161308,1.438837924,2.316675011,6.24E-07,6.70E-07,6.37E-07,0.535760446,0.14245745,3.760845391,1.69E-04,NA,NA,NA,NA,NA,NA,NA,NA,NA,NA,NA,NA,NA,NA,0.005093,0,0.466893,0.528014,0
1297334|.|G|A|.|.|GT,NA,NA,330,346,159,305,67.48466258,46.85099846,1.8295343,1.08E-06,0.027463582,2.02E-04,88,63,54,6.27E-05,0.042210612,0.073169331,1.075912707,0.100186453,0.730331581,0.465187528,1.811647244,1.421471563,2.314328483,1.39E-06,1.51E-06,1.49E-06,0.6147921,0.145925659,4.213050015,2.52E-05,NA,NA,NA,NA,NA,NA,NA,NA,NA,NA,NA,NA,NA,NA,0.005093,0.588285,0,0,0.406621
1582948|.|G|A|.|.|GT,NA,NA,276,244,213,407,56.44171779,62.51920123,2.161394597,2.50E-10,6.36E-06,1.04E-07,102,63,75,2.15E-06,0.022297662,0.066010565,1.068238004,0.094251095,0.700369213,0.483696758,2.153580557,1.697546011,2.736762073,2.15E-10,2.69E-10,2.14E-10,0.731493997,0.143056313,5.113329018,3.17E-07,NA,NA,NA,NA,NA,NA,NA,NA,NA,NA,NA,NA,NA,NA,0.005093,0.463497,0,0,0.531409
2163703|.|C|T|.|.|GT,NA,NA,359,353,130,298,73.41513292,45.77572965,2.331270429,3.16E-11,8.05E-07,1.24E-08,75,56,47,2.24E-05,0.036954904,0.073351455,1.076108674,0.106274535,0.690207248,0.490063866,2.332638646,1.815144272,3.008578852,2.04E-11,2.36E-11,2.84E-11,0.679653482,0.150574739,4.513728453,6.37E-06,NA,NA,NA,NA,NA,NA,NA,NA,NA,NA,NA,NA,NA,NA,0.005093,0,0.375212,0.619694,0
2161859|.|T|C|.|.|GT,NA,NA,428,481,61,170,87.52556237,26.11367127,2.479806414,8.26E-09,2.10E-04,2.08E-06,70,60,26,8.00E-10,0.041391429,0.280810458,1.324202588,0.138439899,2.028392535,0.042520201,2.468908262,1.804441102,3.415270335,7.05E-09,9.21E-09,1.26E-08,0.798529471,0.18931782,4.217930835,2.47E-05,NA,NA,NA,NA,NA,NA,NA,NA,NA,NA,NA,NA,NA,NA,0.005093,0,0.794567,0.20034,0
3223474|.|A|G|.|.|GT,NA,NA,313,318,176,333,64.00817996,51.15207373,1.862296312,4.07E-07,0.010325958,4.74E-05,121,76,72,0.006150808,0.04505174,-0.017273113,0.982875212,0.096475599,-0.179041259,0.857905305,1.85595546,1.461371028,2.361509152,3.51E-07,4.28E-07,3.68E-07,0.615708771,0.143368143,4.294599601,1.75E-05,NA,NA,NA,NA,NA,NA,NA,NA,NA,NA,NA,NA,NA,NA,0.005093,0.449066,0,0,0.54584
3358308|.|T|A|.|.|GT,NA,NA,251,217,238,434,51.32924335,66.66666667,2.109243697,1.09E-09,2.79E-05,3.24E-07,77,48,52,0.002799054,0.039539533,0.084043777,1.087676508,0.093607616,0.897830551,0.369275894,2.116663973,1.665066938,2.694783908,7.84E-10,8.02E-10,7.35E-10,0.723185256,0.144822313,4.993603821,5.93E-07,NA,NA,NA,NA,NA,NA,NA,NA,NA,NA,NA,NA,NA,NA,0.005093,0.406621,0,0.588285,0
4004843|.|C|T|.|.|GT,NA,NA,367,401,122,250,75.05112474,38.40245776,1.875434365,1.62E-06,0.041268563,2.39E-04,82,55,53,0.002642493,0.010637488,-0.080184934,0.922945647,0.108659781,-0.737944923,0.460547919,1.854150628,1.434586179,2.405249673,2.02E-06,2.31E-06,2.29E-06,0.439186878,0.155448845,2.825282344,0.004723897,NA,NA,NA,NA,NA,NA,NA,NA,NA,NA,NA,NA,NA,NA,0.005093,0,0.322581,0.672326,0
4858244|.|C|T|.|.|GT,NA,NA,186,150,303,501,38.03680982,76.95852535,2.05029703,4.71E-08,0.001200974,1.23E-05,37,26,27,0.007632079,0.020073852,-0.088909932,0.914927975,0.09700948,-0.916507669,0.359400687,2.043252701,1.58024731,2.646283335,4.68E-08,5.04E-08,4.02E-08,0.660867577,0.155745837,4.24324392,2.20E-05,NA,NA,NA,NA,NA,NA,NA,NA,NA,NA,NA,NA,NA,NA,0.005093,0,0.701188,0.293718,0
4858259|.|G|C|.|.|GT,NA,NA,187,153,302,498,38.24130879,76.49769585,2.015452539,1.05E-07,0.002685936,2.58E-05,39,27,29,0.003377848,0.023702702,-0.080693466,0.922476419,0.096891752,-0.832820799,0.404945802,2.008789544,1.555107106,2.598908788,8.70E-08,1.13E-07,7.54E-08,0.668833095,0.155369581,4.304787924,1.67E-05,NA,NA,NA,NA,NA,NA,NA,NA,NA,NA,NA,NA,NA,NA,0.005093,0,0.297114,0,0.697793
5105883|.|C|T|.|.|GT,NA,NA,195,164,294,487,39.87730061,74.80798771,1.969574415,1.66E-07,0.004244427,4.42E-05,45,31,31,0.01609436,0.01609436,-0.036107367,0.964536729,0.095631497,-0.377567724,0.705751745,1.979491731,1.537946225,2.551550455,1.08E-07,1.23E-07,9.47E-08,0.65733936,0.153346594,4.2866251,1.81E-05,NA,NA,NA,NA,NA,NA,NA,NA,NA,NA,NA,NA,NA,NA,0.005093,0,0.684211,0.310696,0
216370|.|C|T|.|.|GT,NA,NA,328,338,161,313,67.07566462,48.07987711,1.886581646,3.21E-07,0.00816287,6.14E-05,87,55,54,0.017827553,0.03141811,0.05739708,1.059076265,0.099648377,0.575996132,0.564617796,1.891045162,1.484735361,2.414165299,2.09E-07,2.48E-07,2.26E-07,0.627804112,0.145194854,4.323873035,1.53E-05,NA,NA,NA,NA,NA,NA,NA,NA,NA,NA,NA,NA,NA,NA,0.004244,0,0.413413,0.582343,0
633209|.|T|C|.|.|GT,NA,NA,275,267,214,384,56.23721881,58.98617512,1.848157093,4.59E-07,0.011774815,1.53E-04,78,53,50,0.00203114,0.01685309,-0.001413142,0.998587857,0.093571995,-0.015102184,0.987950658,1.842820069,1.454866617,2.337334098,3.71E-07,4.82E-07,3.67E-07,0.685032082,0.142778969,4.797850038,1.60E-06,NA,NA,NA,NA,NA,NA,NA,NA,NA,NA,NA,NA,NA,NA,0.004244,0,0.473684,0.522071,0
808114|.|G|A|.|.|GT,NA,NA,339,353,150,298,69.32515337,45.77572965,1.907875354,2.51E-07,0.006425047,4.25E-05,75,51,47,0.002444228,0.036954904,0.040976413,1.041827532,0.100969743,0.405828635,0.684868517,1.900108801,1.487464797,2.433478811,2.32E-07,2.66E-07,2.57E-07,0.594809843,0.147185526,4.041225119,5.32E-05,NA,NA,NA,NA,NA,NA,NA,NA,NA,NA,NA,NA,NA,NA,0.004244,0.604414,0,0,0.391341
887631|.|C|T|.|.|GT,NA,NA,198,150,291,501,40.49079755,76.95852535,2.27257732,3.64E-10,9.29E-06,1.39E-07,49,32,36,0.001402689,0.044384161,-0.054168308,0.94727266,0.096814317,-0.559507201,0.575815618,2.244070266,1.738812388,2.901647329,4.51E-10,4.48E-10,3.78E-10,0.769641943,0.156250728,4.92568548,8.41E-07,NA,NA,NA,NA,NA,NA,NA,NA,NA,NA,NA,NA,NA,NA,0.004244,0,0.690153,0.305603,0
1637059|.|A|G|.|.|GT,NA,NA,266,220,223,431,54.39672802,66.20583717,2.336852833,4.37E-12,1.12E-07,1.86E-09,51,35,41,1.47E-05,0.010973563,-0.012438009,0.987639023,0.094039346,-0.132263883,0.894775574,2.327670025,1.831433364,2.9634644,3.75E-12,4.80E-12,3.63E-12,0.788889967,0.143684417,5.490435123,4.01E-08,NA,NA,NA,NA,NA,NA,NA,NA,NA,NA,NA,NA,NA,NA,0.004244,0.573005,0,0,0.42275
2242583|.|G|A|.|.|GT,NA,NA,304,291,185,360,62.16768916,55.29953917,2.032878239,5.74E-09,1.46E-04,1.62E-06,74,50,48,0.003372233,0.014079981,0.158111901,1.171297257,0.096423606,1.639763406,0.10105437,2.038067448,1.606168547,2.591310665,3.81E-09,4.32E-09,4.03E-09,0.708938275,0.143703095,4.933354254,8.08E-07,NA,NA,NA,NA,NA,NA,NA,NA,NA,NA,NA,NA,NA,NA,0.004244,0.527165,0,0,0.468591
3313299|.|C|T|.|.|GT,NA,NA,285,265,204,386,58.28220859,59.29339478,2.034961154,4.22E-09,1.07E-04,4.02E-07,99,61,66,0.001185231,0.026525107,-0.025846821,0.974484348,0.095487371,-0.27068314,0.786634745,2.028026848,1.599802514,2.575159373,4.37E-09,4.49E-09,4.43E-09,0.630052875,0.141845707,4.441818432,8.92E-06,NA,NA,NA,NA,NA,NA,NA,NA,NA,NA,NA,NA,NA,NA,0.004244,0,0.51528,0.480475,0
620658|.|T|C|.|.|GT,NA,NA,263,240,226,411,53.78323108,63.13364055,1.992865044,1.39E-08,3.57E-04,5.76E-06,67,46,48,5.22E-04,0.003065318,0.01240413,1.01248138,0.093786487,0.132259245,0.894779242,1.999691312,1.576479606,2.540168297,9.95E-09,1.04E-08,9.61E-09,0.722890368,0.142829517,5.061211306,4.17E-07,NA,NA,NA,NA,NA,NA,NA,NA,NA,NA,NA,NA,NA,NA,0.003396,0,0.440577,0.556027,0
561848|.|C|G|.|.|GT,NA,NA,326,337,163,314,66.66666667,48.23348694,1.863501484,4.61E-07,0.011834039,1.53E-04,94,60,61,0.005078436,0.00954781,0.008588955,1.008625945,0.099184442,0.086595785,0.930992817,1.856686395,1.45835281,2.369260217,4.46E-07,4.87E-07,4.78E-07,0.542454841,0.144838536,3.745238369,1.80E-04,NA,NA,NA,NA,NA,NA,NA,NA,NA,NA,NA,NA,NA,NA,0.003396,0,0.417657,0,0.578947
728819|.|C|T|.|.|GT,NA,NA,215,196,274,455,43.96728016,69.89247312,1.821558916,1.57E-06,0.040027656,3.91E-04,61,40,43,0.001868101,0.020414714,-0.085247572,0.918284914,0.094701205,-0.900174101,0.368027607,1.816889167,1.423450462,2.32163443,1.57E-06,1.64E-06,1.45E-06,0.569949312,0.146039179,3.902715117,9.51E-05,NA,NA,NA,NA,NA,NA,NA,NA,NA,NA,NA,NA,NA,NA,0.003396,0,0.639219,0.357385,0
1598055|.|A|G|.|.|GT,NA,NA,219,188,270,463,44.78527607,71.12135177,1.997576832,3.60E-08,9.16E-04,1.01E-05,90,55,58,0.008045928,0.044597525,-0.007760303,0.992269731,0.094654406,-0.081985648,0.934658126,1.991456384,1.558627206,2.54792879,3.34E-08,3.83E-08,3.01E-08,0.651840989,0.148072349,4.402179026,1.07E-05,NA,NA,NA,NA,NA,NA,NA,NA,NA,NA,NA,NA,NA,NA,0.003396,0.640068,0,0,0.356537
2163665|.|T|G|.|.|GT,NA,NA,318,315,171,336,65.03067485,51.61290323,1.983625731,2.07E-08,5.28E-04,4.84E-06,80,51,52,0.00968285,0.018316098,-0.062125044,0.939765367,0.098058767,-0.633549108,0.526375123,1.988326697,1.564251294,2.532760187,1.61E-08,2.12E-08,1.75E-08,0.581807048,0.143557662,4.052776001,5.06E-05,NA,NA,NA,NA,NA,NA,NA,NA,NA,NA,NA,NA,NA,NA,0.003396,0,0,0.44652,0.550085
2155461|.|G|A|.|.|GT,NA,NA,295,289,194,362,60.32719836,55.60675883,1.904719438,9.82E-08,0.002498589,2.03E-05,81,55,51,0.001688638,0.025654358,0.074182738,1.077003597,0.094814076,0.782402161,0.433978264,1.910364608,1.507045163,2.425760266,7.78E-08,9.87E-08,7.97E-08,0.585788239,0.142444299,4.112402122,3.92E-05,NA,NA,NA,NA,NA,NA,NA,NA,NA,NA,NA,NA,NA,NA,0.003396,0.509338,0,0,0.487267
4746449|.|C|T|.|.|GT,NA,NA,300,283,189,368,61.34969325,56.52841782,2.064052947,2.82E-09,7.17E-05,7.55E-07,81,50,50,0.044828522,0.044828522,-0.049481128,0.951723119,0.096387426,-0.51335667,0.607701849,2.056532556,1.621172352,2.613870653,2.32E-09,3.01E-09,2.44E-09,0.642993776,0.143409381,4.483624241,7.34E-06,NA,NA,NA,NA,NA,NA,NA,NA,NA,NA,NA,NA,NA,NA,0.003396,0,0.486418,0.510187,0
5145007|.|A|G|.|.|GT,NA,NA,295,287,194,364,60.32719836,55.91397849,1.928589389,6.72E-08,0.001716648,1.93E-05,68,45,45,0.010337661,0.010337661,-0.008469873,0.991565895,0.094057541,-0.090049911,0.928247552,1.910364608,1.507045163,2.425760266,7.78E-08,9.87E-08,7.97E-08,0.569598174,0.142550985,3.995750542,6.45E-05,NA,NA,NA,NA,NA,NA,NA,NA,NA,NA,NA,NA,NA,NA,0.003396,0.488115,0,0,0.508489
443880|.|T|C|.|.|GT,NA,NA,328,337,161,314,67.07566462,48.23348694,1.898225114,2.35E-07,0.005962612,2.14E-05,68,46,47,0.002186243,0.004903383,-0.108372171,0.897293588,0.098932257,-1.095417957,0.273333571,1.902663573,1.493855624,2.428828034,1.59E-07,1.81E-07,1.73E-07,0.5204368,0.144815444,3.593793494,3.26E-04,NA,NA,NA,NA,NA,NA,NA,NA,NA,NA,NA,NA,NA,NA,0.002547,0,0.580645,0.416808,0
677287|.|G|A|.|.|GT,NA,NA,227,210,262,441,46.42126789,67.74193548,1.819465649,1.51E-06,0.038484697,3.85E-04,85,57,55,0.002194909,0.008836206,-0.020763216,0.979450855,0.094243304,-0.220315026,0.825625818,1.814796347,1.425746994,2.312612971,1.25E-06,1.58E-06,1.16E-06,0.62504473,0.145494252,4.296009788,1.74E-05,NA,NA,NA,NA,NA,NA,NA,NA,NA,NA,NA,NA,NA,NA,0.002547,0.377759,0,0,0.619694
764652|.|C|T|.|.|GT,NA,NA,203,179,286,472,41.51329243,72.50384025,1.871625581,9.88E-07,0.0252533,1.40E-04,58,41,41,0.002232552,0.002232552,-0.03938867,0.961376978,0.09499094,-0.414657123,0.678392925,1.852296604,1.445624253,2.375983938,1.06E-06,1.10E-06,9.60E-07,0.558410963,0.149462634,3.736124207,1.87E-04,NA,NA,NA,NA,NA,NA,NA,NA,NA,NA,NA,NA,NA,NA,0.002547,0,0.665535,0.331919,0
1596709|.|G|A|.|.|GT,NA,NA,195,152,294,499,39.87730061,76.65130568,2.177430183,2.79E-09,7.11E-05,9.48E-07,67,42,45,0.006741447,0.049800114,0.01469737,1.014805907,0.098028449,0.149929634,0.880820131,2.169200775,1.680673775,2.804920846,2.40E-09,3.04E-09,2.04E-09,0.677876273,0.155734258,4.352775572,1.34E-05,NA,NA,NA,NA,NA,NA,NA,NA,NA,NA,NA,NA,NA,NA,0.002547,0.303056,0,0,0.694397
2208268|.|G|A|.|.|GT,NA,NA,336,353,153,298,68.71165644,45.77572965,1.853913237,7.04E-07,0.017915016,1.27E-04,74,48,47,0.014079981,0.026516833,0.083965718,1.087591609,0.100303613,0.837115589,0.402527599,1.858158007,1.455738217,2.377632642,5.60E-07,7.22E-07,6.10E-07,0.743249292,0.14804895,5.020294237,5.16E-07,NA,NA,NA,NA,NA,NA,NA,NA,NA,NA,NA,NA,NA,NA,0.002547,0.601868,0,0,0.395586
1839643|.|A|G|.|.|GT,NA,NA,300,285,189,366,61.34969325,56.22119816,2.038429407,4.23E-09,1.07E-04,1.22E-06,80,50,53,0.004868154,0.032992618,-0.06878403,0.933528272,0.096502641,-0.712768371,0.4759891,2.043778252,1.611173876,2.597597821,3.18E-09,3.19E-09,3.33E-09,0.720323766,0.143004265,5.037078887,4.73E-07,NA,NA,NA,NA,NA,NA,NA,NA,NA,NA,NA,NA,NA,NA,0.001698,0.48472,0,0,0.513582