Gene,Non.unique.Gene.name,Annotation,Number_pos_present_in,Number_neg_present_in,Number_pos_not_present_in,Number_neg_not_present_in,Sensitivity,Specificity,Odds_ratio,Naive_p,Bonferroni_p,Benjamini_H_p,Max_Pairwise_comparisons,Max_supporting_pairs,Max_opposing_pairs,Best_pairwise_comp_p,Worst_pairwise_comp_p,Df,Sum Sq,Mean Sq,F value,Pr(>F),Estimate...24,Std. Error...25,t value...26,Pr(>|t|)...27,Estimate...28,Std. Error...29,t value...30,Pr(>|t|)...31,CHROM,POS,TYPE,REF,ALT,EVIDENCE,FTYPE,STRAND,NT_POS,AA_POS,EFFECT,LOCUS_TAG,GENE,PRODUCT,missing,A_ratio,C_ratio,T_ratio,G_ratio
3535858|.|T|C|.|.|GT,NA,NA,40,12,527,561,7.054673721,97.90575916,3.548387097,5.22E-05,1,0.007919989,35,27,10,0.001878225,0.016673848,1,50.26161964,50.26161964,21.62183647,3.77E-06,1.003792874,0.249977928,4.015526015,6.32E-05,0.786735003,0.236067842,3.332664864,8.92E-04,NA,NA,NA,NA,NA,NA,NA,NA,NA,NA,NA,NA,NA,NA,0.951613,0,0.044992,0.003396,0
3535941|.|C|T|.|.|GT,NA,NA,41,12,526,561,7.231040564,97.90575916,3.644011407,3.23E-05,0.821123006,0.005164296,36,27,11,0.003933173,0.02881672,1,47.32694421,47.32694421,20.35793326,7.20E-06,0.985486251,0.247754767,3.977668173,7.40E-05,0.767400474,0.231000976,3.322065938,9.27E-04,HF536482,3535941,snp,C,T,T:14 C:0,CDS,-,454/735,152/244,missense_variant c.454G>A p.Ala152Thr,BN373_33421,NA,conserved hypothetical protein,0.949915,0,0.004244,0.04584,0
3572973|.|A|T|.|.|GT,NA,NA,14,1,553,572,2.469135802,99.82547993,14.48101266,4.55E-04,1,0.047057236,11,11,1,9.77E-04,0.01171875,1,16.87256324,16.87256324,7.225176342,0.007310564,1.196303039,0.445098119,2.687728813,0.007298923,1.023498679,0.399183174,2.563982517,0.010495845,HF536482,3572973,snp,A,T,T:214 A:0,NA,NA,NA,NA,NA,NA,NA,NA,0.865874,0.120543,0,0.013582,0
836682|.|A|C|.|.|GT,NA,NA,23,5,544,568,4.05643739,99.12739965,4.802941176,4.43E-04,1,0.039719093,17,14,4,0.01272583,0.049041748,1,21.63135938,21.63135938,9.232791246,0.002440152,0.972998785,0.338117089,2.877697747,0.004080734,0.583193576,0.318425752,1.831489987,0.067330559,NA,NA,NA,NA,NA,NA,NA,NA,NA,NA,NA,NA,NA,NA,0.851443,0.123939,0.024618,0,0
4289671|.|T|C|.|.|GT,NA,NA,146,77,421,496,25.74955908,86.56195462,2.233889626,1.52E-07,0.003869303,4.66E-05,17,4,15,0.002349854,0.049041748,1,128.7076112,128.7076112,57.06497811,9.64E-14,0.88987248,0.129532085,6.869900058,1.06E-11,0.79378039,0.123203334,6.442848295,1.83E-10,NA,NA,NA,NA,NA,NA,NA,NA,NA,NA,NA,NA,NA,NA,0.773345,0,0.194397,0.032258,0
129757|.|T|C,G|.|.|GT,NA,156,107,411,466,27.51322751,81.32635253,1.65304591,4.32E-04,1,0.026738754,87,57,55,0.005013599,0.017827553,1,55.1215135,55.1215135,23.9006964,1.18E-06,0.558142747,0.123576896,4.516562265,6.94E-06,0.50899425,0.116830165,4.356702301,1.46E-05,NA,NA,NA,NA,NA,NA,NA,NA,NA,NA,NA,NA,NA,NA,0.716469,0,0.224958,0.056027,0.002547
1086231|.|C|T|.|.|GT,NA,NA,32,6,535,567,5.643738977,98.95287958,5.652336449,9.57E-06,0.24219345,0.001090961,25,21,6,9.11E-04,0.014633298,1,30.01026374,30.01026374,12.8225677,3.59E-04,1.107042352,0.290764791,3.807346643,1.48E-04,0.564159713,0.269307346,2.094854525,0.036439911,NA,NA,NA,NA,NA,NA,NA,NA,NA,NA,NA,NA,NA,NA,0.691002,0,0.275891,0.033107,0
1096654|.|T|C|.|.|GT,NA,NA,223,144,344,429,39.329806,74.86910995,1.931262112,3.66E-07,0.009256842,5.58E-05,115,69,70,0.024793536,0.039750505,1,116.4522379,116.4522379,51.15537114,1.67E-12,0.746010011,0.110225216,6.768052133,2.09E-11,0.589319601,0.104040719,5.664316894,1.94E-08,HF536482,1096654,snp,T,C,C:237 T:0,NA,NA,NA,NA,NA,NA,NA,NA,0.673175,0,0.325976,8.49E-04,0
158002|.|C|T|.|.|GT,NA,NA,168,119,399,454,29.62962963,79.23211169,1.606368863,6.35E-04,1,0.037452937,25,7,22,1.57E-04,0.043285251,1,97.22237175,97.22237175,42.66314251,1.04E-10,0.61833207,0.11962397,5.16896464,2.78E-07,0.623435005,0.111936976,5.56951802,3.30E-08,NA,NA,NA,NA,NA,NA,NA,NA,NA,NA,NA,NA,NA,NA,0.671477,0,0.07725,0.251273,0
1096549|.|G|A|.|.|GT,NA,NA,230,151,337,422,40.5643739,73.64746946,1.907363374,4.74E-07,0.012002404,6.98E-05,125,75,76,0.019677394,0.031409334,1,114.4994293,114.4994293,50.28354357,2.54E-12,0.708655402,0.109276483,6.484976272,1.32E-10,0.57916113,0.102699407,5.639381456,2.23E-08,HF536482,1096549,snp,G,A,A:166 G:0,NA,NA,NA,NA,NA,NA,NA,NA,0.660441,0.33871,0,0,8.49E-04
3557192|.|A|G,C|.|.|GT,NA,523,491,44,82,92.23985891,14.31064572,1.985095353,4.49E-04,1,0.046985637,108,74,41,1.49E-04,0.015749291,1,47.86853205,47.86853205,20.57008,6.46E-06,0.621501115,0.165922596,3.745729204,1.89E-04,0.489020651,0.154387047,3.167497924,0.001585075,NA,NA,NA,NA,NA,NA,NA,NA,NA,NA,NA,NA,NA,NA,0.659593,0.108659,8.49E-04,0,0.2309
1068796|.|C|T|.|.|GT,NA,NA,208,124,359,449,36.68430335,78.35951134,2.097942313,2.65E-08,6.74E-04,4.52E-06,103,62,62,0.048233652,0.048233652,1,146.5700912,146.5700912,64.68462588,2.52E-15,0.806927767,0.113109128,7.134064049,1.73E-12,0.646536253,0.106593518,6.06543684,1.88E-09,NA,NA,NA,NA,NA,NA,NA,NA,NA,NA,NA,NA,NA,NA,0.655348,0,0.054329,0.290323,0
3557213|.|T|C|.|.|GT,NA,NA,419,366,148,207,73.89770723,36.12565445,1.601185202,2.67E-04,1,0.02974439,146,90,86,0.006118703,0.038179442,1,43.10918409,43.10918409,18.44542382,1.92E-05,0.495533583,0.112473791,4.405769364,1.15E-05,0.257519844,0.107098131,2.404522293,0.016378097,NA,NA,NA,NA,NA,NA,NA,NA,NA,NA,NA,NA,NA,NA,0.644312,0,0.044992,0.310696,0
3179600|.|C|T|.|.|GT,NA,NA,213,134,354,439,37.56613757,76.61431065,1.971224387,2.39E-07,0.006077445,4.71E-05,81,51,51,0.025654358,0.025654358,1,128.8508192,128.8508192,57.16263164,9.20E-14,0.717132985,0.112151909,6.394300299,2.35E-10,0.690176193,0.106342545,6.490122956,1.36E-10,HF536482,3179600,snp,C,T,T:34 C:0,CDS,+,245/1269,82/422,missense_variant c.245C>T p.Ala82Val,BN373_30291,NA,integrase,0.641766,0,0.052632,0.305603,0
3179475|.|T|C|.|.|GT,NA,NA,219,133,348,440,38.62433862,76.78883072,2.08192896,2.16E-08,5.49E-04,6.39E-06,93,59,57,0.012400603,0.037514232,1,137.7374233,137.7374233,60.96154011,1.49E-14,0.757793055,0.111452998,6.799216426,1.69E-11,0.665988844,0.105673788,6.30230882,4.42E-10,NA,NA,NA,NA,NA,NA,NA,NA,NA,NA,NA,NA,NA,NA,0.639219,0,0.308149,0.052632,0
1471226|.|C|T|.|.|GT,NA,NA,410,339,157,234,72.31040564,40.83769634,1.802604137,3.71E-06,0.094542554,0.001227825,97,64,60,0.002151553,0.024990737,1,57.20067946,57.20067946,24.68410715,7.97E-07,0.529152156,0.10953054,4.831092394,1.54E-06,0.387807429,0.102845946,3.770760478,1.72E-04,NA,NA,NA,NA,NA,NA,NA,NA,NA,NA,NA,NA,NA,NA,0.634975,0,0.343803,0.021222,0
3179559|.|C|T|.|.|GT,NA,NA,218,138,349,435,38.44797178,75.91623037,1.968979694,2.07E-07,0.005250572,4.13E-05,90,58,55,0.008045928,0.044597525,1,124.0048225,124.0048225,54.68292162,3.03E-13,0.718168814,0.111324446,6.451133081,1.64E-10,0.633784761,0.105649879,5.998916093,2.79E-09,NA,NA,NA,NA,NA,NA,NA,NA,NA,NA,NA,NA,NA,NA,0.634126,0,0.052632,0.313243,0
3179589|.|C|T|.|.|GT,NA,NA,219,138,348,435,38.62433862,75.91623037,1.983695652,1.49E-07,0.003787735,3.18E-05,87,56,54,0.009673219,0.03141811,1,129.5845265,129.5845265,57.39915711,8.21E-14,0.728311967,0.111178307,6.55084599,8.65E-11,0.670851332,0.105364374,6.366965463,2.96E-10,NA,NA,NA,NA,NA,NA,NA,NA,NA,NA,NA,NA,NA,NA,0.629881,0,0.056027,0.314092,0
3179574|.|G|A|.|.|GT,NA,NA,221,140,346,433,38.97707231,75.56719023,1.975495458,1.63E-07,0.004134028,3.39E-05,89,57,56,0.010546897,0.019186609,1,130.8382166,130.8382166,57.96837409,6.25E-14,0.728618032,0.110829745,6.574210106,7.43E-11,0.67000405,0.104914777,6.386174287,2.62E-10,NA,NA,NA,NA,NA,NA,NA,NA,NA,NA,NA,NA,NA,NA,0.627334,0.317487,0,0,0.055178
3179493|.|C|T|.|.|GT,NA,NA,221,143,346,430,38.97707231,75.04363002,1.920651603,4.82E-07,0.012242181,8.50E-05,95,61,59,0.007313123,0.023488003,1,109.0279427,109.0279427,47.80769475,8.46E-12,0.675606567,0.110871318,6.093609947,1.51E-09,0.579302267,0.105312629,5.500786298,4.82E-08,NA,NA,NA,NA,NA,NA,NA,NA,NA,NA,NA,NA,NA,NA,0.625637,0,0.055178,0.319185,0
1083295|.|G|T|.|.|GT,NA,NA,50,20,517,553,8.818342152,96.5095986,2.674081238,1.83E-04,1,0.014627987,44,32,15,0.003657767,0.048766766,1,30.37744244,30.37744244,12.97199275,3.32E-04,0.707204171,0.217785649,3.247248723,0.001199273,0.396369167,0.202746273,1.955001,0.050866619,NA,NA,NA,NA,NA,NA,NA,NA,NA,NA,NA,NA,NA,NA,0.620543,0,0,0.059423,0.320034
3268639|.|C|T|.|.|GT,NA,NA,158,70,409,503,27.8659612,87.78359511,2.775899406,2.99E-11,7.59E-07,6.20E-09,23,6,20,4.88E-04,0.034689665,1,134.3959347,134.3959347,59.32171879,3.26E-14,0.912635781,0.128276195,7.114615311,1.98E-12,0.752724617,0.123817469,6.079308707,1.73E-09,NA,NA,NA,NA,NA,NA,NA,NA,NA,NA,NA,NA,NA,NA,0.620543,0,0.178268,0.201188,0
3179736|.|T|C|.|.|GT,NA,NA,209,128,358,445,36.86067019,77.66143106,2.029613303,9.23E-08,0.002343471,2.09E-05,72,45,45,0.04437092,0.04437092,1,119.3636187,119.3636187,52.91701566,7.11E-13,0.738681154,0.113004643,6.536732751,9.47E-11,0.685501559,0.106524411,6.435159347,1.93E-10,NA,NA,NA,NA,NA,NA,NA,NA,NA,NA,NA,NA,NA,NA,0.613752,0,0.297114,0.089134,0
3179511|.|A|G|.|.|GT,NA,NA,223,139,344,434,39.329806,75.7417103,2.024050527,5.76E-08,0.001460982,1.40E-05,89,58,55,0.005544959,0.033416722,1,132.9184846,132.9184846,58.88966002,4.02E-14,0.736013835,0.110701564,6.648630887,4.58E-11,0.670111608,0.104940209,6.385651544,2.63E-10,NA,NA,NA,NA,NA,NA,NA,NA,NA,NA,NA,NA,NA,NA,0.612903,0.068761,0,0,0.318336
3179755|.|C|A|.|.|GT,NA,NA,209,128,358,445,36.86067019,77.66143106,2.029613303,9.23E-08,0.002343471,2.09E-05,72,45,45,0.04437092,0.04437092,1,119.3636187,119.3636187,52.91701566,7.11E-13,0.738681154,0.113004643,6.536732751,9.47E-11,0.685501559,0.106524411,6.435159347,1.93E-10,NA,NA,NA,NA,NA,NA,NA,NA,NA,NA,NA,NA,NA,NA,0.612903,0.297114,0.089983,0,0
3179757|.|T|C|.|.|GT,NA,NA,209,128,358,445,36.86067019,77.66143106,2.029613303,9.23E-08,0.002343471,2.09E-05,72,45,45,0.04437092,0.04437092,1,119.3636187,119.3636187,52.91701566,7.11E-13,0.738681154,0.113004643,6.536732751,9.47E-11,0.685501559,0.106524411,6.435159347,1.93E-10,NA,NA,NA,NA,NA,NA,NA,NA,NA,NA,NA,NA,NA,NA,0.612903,0,0.297114,0.089983,0
3179761|.|T|C|.|.|GT,NA,NA,209,128,358,445,36.86067019,77.66143106,2.029613303,9.23E-08,0.002343471,2.09E-05,72,45,45,0.04437092,0.04437092,1,119.3636187,119.3636187,52.91701566,7.11E-13,0.738681154,0.113004643,6.536732751,9.47E-11,0.685501559,0.106524411,6.435159347,1.93E-10,NA,NA,NA,NA,NA,NA,NA,NA,NA,NA,NA,NA,NA,NA,0.612903,0,0.297114,0.089983,0
3179550|.|C|A|.|.|GT,NA,NA,224,141,343,432,39.50617284,75.39267016,2.000868432,8.80E-08,0.00223354,2.07E-05,91,59,57,0.006105521,0.020584209,1,128.4649527,128.4649527,56.83847938,1.08E-13,0.728135314,0.110412459,6.59468434,6.51E-11,0.656742356,0.104660207,6.274995792,5.24E-10,NA,NA,NA,NA,NA,NA,NA,NA,NA,NA,NA,NA,NA,NA,0.611205,0.320034,0.068761,0,0
3179806|.|G|A|.|.|GT,NA,NA,204,124,363,449,35.97883598,78.35951134,2.03492402,1.05E-07,0.002654078,2.29E-05,68,43,43,0.038460053,0.038460053,1,123.629439,123.629439,54.89100511,2.74E-13,0.759624888,0.11382067,6.673874688,3.88E-11,0.702955669,0.107253877,6.55412827,9.03E-11,NA,NA,NA,NA,NA,NA,NA,NA,NA,NA,NA,NA,NA,NA,0.604414,0.289474,0,0,0.106112
1096336|.|T|C|.|.|GT,NA,NA,242,159,325,414,42.68077601,72.2513089,1.938809869,1.30E-07,0.003300629,2.31E-05,126,79,75,0.005536025,0.040035759,1,142.6053286,142.6053286,62.87646788,5.97E-15,0.771765901,0.107590981,7.173146799,1.32E-12,0.607790341,0.101517536,5.987047788,2.99E-09,NA,NA,NA,NA,NA,NA,NA,NA,NA,NA,NA,NA,NA,NA,0.597623,0,0.353141,0.049236,0
1092965|.|T|C|.|.|GT,NA,NA,267,183,300,390,47.08994709,68.06282723,1.896721311,1.80E-07,0.004553089,3.08E-05,143,87,86,0.011849895,0.018891135,1,143.5193826,143.5193826,63.16591423,5.20E-15,0.770816022,0.105001414,7.341006124,4.03E-13,0.5806541,0.099552447,5.832645198,7.40E-09,NA,NA,NA,NA,NA,NA,NA,NA,NA,NA,NA,NA,NA,NA,0.597623,0,0.397284,0.005093,0
3180387|.|T|C|.|.|GT,NA,NA,271,176,296,397,47.79541446,69.28446771,2.065168151,3.70E-09,9.38E-05,1.56E-06,83,57,52,8.78E-04,0.027534178,1,98.83900337,98.83900337,42.88245272,9.36E-11,0.68762854,0.105636565,6.509379959,1.13E-10,0.446468157,0.100888244,4.425373439,1.07E-05,NA,NA,NA,NA,NA,NA,NA,NA,NA,NA,NA,NA,NA,NA,0.562818,0,0.395586,0.041596,0
3179868|.|C|A|.|.|GT,NA,NA,247,159,320,414,43.56261023,72.2513089,2.009787736,2.47E-08,6.27E-04,7.21E-06,91,58,58,0.011456341,0.011456341,1,114.4978336,114.4978336,50.36578938,2.44E-12,0.686792509,0.107782781,6.372005811,2.70E-10,0.594832015,0.102812235,5.785615064,9.71E-09,NA,NA,NA,NA,NA,NA,NA,NA,NA,NA,NA,NA,NA,NA,0.560272,0.358234,0.081494,0,0
3179892|.|A|G|.|.|GT,NA,NA,268,195,299,378,47.26631393,65.96858639,1.737483921,5.96E-06,0.15122722,7.84E-04,102,63,62,0.022297662,0.037066767,1,64.43438048,64.43438048,27.75989387,1.69E-07,0.555084409,0.105678453,5.252578886,1.79E-07,0.357174061,0.100706311,3.546689943,4.09E-04,NA,NA,NA,NA,NA,NA,NA,NA,NA,NA,NA,NA,NA,NA,0.556876,0.033107,0,0,0.410017
3179901|.|C|T|.|.|GT,NA,NA,246,160,321,413,43.38624339,72.07678883,1.978154206,5.02E-08,0.001273992,1.26E-05,92,57,58,0.016020275,0.028016902,1,113.1597832,113.1597832,49.79050012,3.23E-12,0.683177241,0.107802969,6.337276668,3.36E-10,0.597214895,0.102808741,5.808989458,8.49E-09,NA,NA,NA,NA,NA,NA,NA,NA,NA,NA,NA,NA,NA,NA,0.552632,0,0.089134,0.358234,0
3180513|.|G|A|.|.|GT,NA,NA,260,158,307,415,45.85537919,72.42582897,2.224467076,1.47E-10,3.73E-06,1.49E-07,72,49,45,0.002942761,0.04437092,1,123.1755658,123.1755658,53.80179395,4.64E-13,0.775409396,0.106490257,7.281505541,6.15E-13,0.524398102,0.102184328,5.131883829,3.46E-07,NA,NA,NA,NA,NA,NA,NA,NA,NA,NA,NA,NA,NA,NA,0.548387,0.370968,0,0,0.080645
307444|.|C|T|.|.|GT,NA,NA,423,369,144,204,74.6031746,35.60209424,1.62398374,1.91E-04,1,0.01729615,88,57,57,0.007343409,0.007343409,1,36.80905457,36.80905457,15.8743483,7.27E-05,0.519764508,0.11301121,4.599229635,4.72E-06,0.393182832,0.106661118,3.68628079,2.40E-04,NA,NA,NA,NA,NA,NA,NA,NA,NA,NA,NA,NA,NA,NA,0.544143,0,0.303905,0.151952,0
3179341|.|C|T|.|.|GT,NA,NA,286,208,281,365,50.44091711,63.69982548,1.786032028,1.68E-06,0.042664467,2.45E-04,96,63,59,0.00287861,0.03154812,1,68.89522116,68.89522116,29.83459205,5.96E-08,0.545467373,0.104756349,5.207010129,2.28E-07,0.416879576,0.099100132,4.206650065,2.83E-05,NA,NA,NA,NA,NA,NA,NA,NA,NA,NA,NA,NA,NA,NA,0.535654,0,0.027165,0.437182,0
3179206|.|G|T|.|.|GT,NA,NA,293,213,274,360,51.67548501,62.82722513,1.807340393,9.79E-07,0.024835566,1.55E-04,103,66,62,0.005535899,0.048233652,1,72.62012705,72.62012705,31.45675835,2.65E-08,0.554683793,0.104432491,5.311410165,1.31E-07,0.419329524,0.098876491,4.2409426,2.44E-05,HF536482,3179206,snp,G,T,T:143 G:0,NA,NA,NA,NA,NA,NA,NA,NA,0.528862,0,0,0.447368,0.023769
3180061|.|C|G|.|.|GT,NA,NA,289,208,278,365,50.97001764,63.69982548,1.824242529,6.86E-07,0.017414482,1.15E-04,96,64,59,0.001424496,0.03154812,1,67.39801088,67.39801088,29.16541639,8.34E-08,0.541120514,0.104701136,5.168239206,2.79E-07,0.40857351,0.099141726,4.121105492,4.09E-05,HF536482,3180061,snp,C,G,G:38 C:0,CDS,+,706/1269,236/422,missense_variant c.706C>G p.Leu236Val,BN373_30291,NA,integrase,0.521222,0,0.039049,0,0.439728
3180093|.|A|C|.|.|GT,NA,NA,289,209,278,364,50.97001764,63.52530541,1.810540085,9.39E-07,0.023820975,1.50E-04,96,64,59,0.001424496,0.03154812,1,67.1384456,67.1384456,29.04972669,8.84E-08,0.540391948,0.10468014,5.162315852,2.88E-07,0.406981769,0.09909347,4.107049333,4.34E-05,NA,NA,NA,NA,NA,NA,NA,NA,NA,NA,NA,NA,NA,NA,0.521222,0.0382,0.440577,0,0
3180124|.|A|G|.|.|GT,NA,NA,286,214,281,359,50.44091711,62.65270506,1.707420095,9.77E-06,0.247987837,0.001180894,108,68,65,0.009057983,0.042807221,1,55.33747353,55.33747353,23.88232272,1.20E-06,0.49392173,0.104834227,4.711454892,2.76E-06,0.375250554,0.099188694,3.783198862,1.64E-04,NA,NA,NA,NA,NA,NA,NA,NA,NA,NA,NA,NA,NA,NA,0.516129,0.042445,0,0,0.441426
3180423|.|C|T|.|.|GT,NA,NA,293,210,274,363,51.67548501,63.35078534,1.848435871,3.80E-07,0.009640441,6.94E-05,92,63,56,5.09E-04,0.047011562,1,75.62324112,75.62324112,32.73862099,1.40E-08,0.571253949,0.10441963,5.47075247,5.51E-08,0.413714463,0.099162197,4.172098587,3.29E-05,NA,NA,NA,NA,NA,NA,NA,NA,NA,NA,NA,NA,NA,NA,0.514431,0,0.039898,0.445671,0
354815|.|A|G|.|.|GT,NA,NA,141,55,426,518,24.86772487,90.40139616,3.117285531,7.59E-12,1.93E-07,9.65E-08,17,15,4,0.002349854,0.049041748,1,168.5957489,168.5957489,75.19888329,1.74E-17,1.056132714,0.135640125,7.786285315,1.54E-14,0.90132364,0.130573707,6.902795838,9.14E-12,HF536482,354815,snp,A,G,G:146 A:0,NA,NA,NA,NA,NA,NA,NA,NA,0.512733,0.315789,0,0,0.171477
3179215|.|T|C|.|.|GT,NA,NA,299,227,268,346,52.73368607,60.38394415,1.700539154,1.07E-05,0.27194332,0.001258997,91,57,57,0.020584209,0.020584209,1,52.70493369,52.70493369,22.61692607,2.27E-06,0.521995554,0.104222468,5.008474305,6.35E-07,0.292646945,0.09946441,2.942227726,0.003335259,HF536482,3179215,snp,T,C,C:143 T:0,NA,NA,NA,NA,NA,NA,NA,NA,0.503396,0,0.466893,0.029711,0
3270957|.|C|A|.|.|GT,NA,NA,317,238,250,335,55.90828924,58.46422339,1.784789916,1.53E-06,0.038723452,1.35E-04,89,56,60,0.001335262,0.019186609,1,85.6733266,85.6733266,37.19228651,1.54E-09,0.608544979,0.103532074,5.877840144,5.45E-09,0.441178848,0.098224523,4.491534652,7.91E-06,NA,NA,NA,NA,NA,NA,NA,NA,NA,NA,NA,NA,NA,NA,0.485569,0.48472,0.029711,0,0
3179961|.|C|T|.|.|GT,NA,NA,297,234,270,339,52.38095238,59.16230366,1.593589744,1.12E-04,1,0.01014794,102,63,65,0.007206215,0.022297662,1,38.08554071,38.08554071,16.3264253,5.75E-05,0.423184481,0.104547331,4.047778888,5.52E-05,0.274595488,0.09941827,2.762022382,0.00585178,NA,NA,NA,NA,NA,NA,NA,NA,NA,NA,NA,NA,NA,NA,0.480475,0,0.047538,0.471986,0
1775434|.|G|A|.|.|GT,NA,NA,240,170,327,403,42.32804233,70.33158813,1.739881274,8.76E-06,0.222931265,0.002933306,56,37,38,0.010454818,0.022241389,1,52.20111024,52.20111024,22.58975206,2.31E-06,0.482698536,0.108452834,4.450769234,9.40E-06,0.421785556,0.1022742,4.124066048,4.04E-05,NA,NA,NA,NA,NA,NA,NA,NA,NA,NA,NA,NA,NA,NA,0.455008,0.356537,0,0,0.188455
4891279|.|T|A|.|.|GT,NA,NA,267,204,300,369,47.08994709,64.39790576,1.609852941,9.14E-05,1,0.016856067,69,45,52,2.93E-05,0.015432297,1,32.71159159,32.71159159,14.05690066,1.88E-04,0.383388733,0.106064612,3.614671527,3.14E-04,0.315348904,0.099534766,3.168228717,0.001581137,NA,NA,NA,NA,NA,NA,NA,NA,NA,NA,NA,NA,NA,NA,0.443973,0.40747,0,0.148557,0
4936985|.|T|C,G|.|.|GT,NA,249,188,318,385,43.91534392,67.19022688,1.603522682,1.24E-04,1,0.021051574,156,98,98,0.001704365,0.001704365,1,35.0204814,35.0204814,15.059336,1.11E-04,0.360959257,0.107454546,3.35918088,8.08E-04,0.329220917,0.10058502,3.27306111,0.001101047,NA,NA,NA,NA,NA,NA,NA,NA,NA,NA,NA,NA,NA,NA,0.443973,0,8.49E-04,0.555178,0
4936986|.|C|T,G|.|.|GT,NA,249,188,318,385,43.91534392,67.19022688,1.603522682,1.24E-04,1,0.021051574,156,98,98,0.001704365,0.001704365,1,36.03460142,36.03460142,15.49769927,8.84E-05,0.365638072,0.107487445,3.401681665,6.93E-04,0.33155673,0.100616824,3.295241474,0.001018592,NA,NA,NA,NA,NA,NA,NA,NA,NA,NA,NA,NA,NA,NA,0.443973,0,0.555178,8.49E-04,0
163834|.|G|A|.|.|GT,NA,NA,361,284,206,289,63.66843034,50.43630017,1.783279776,1.71E-06,0.043350434,4.01E-04,26,19,19,0.028959274,0.028959274,1,75.97074516,75.97074516,32.96496969,1.25E-08,0.499274257,0.104908285,4.759149929,2.19E-06,0.437138942,0.098461873,4.439677288,1.00E-05,NA,NA,NA,NA,NA,NA,NA,NA,NA,NA,NA,NA,NA,NA,0.443124,0.118846,0,0,0.438031
163843|.|G|A|.|.|GT,NA,NA,361,284,206,289,63.66843034,50.43630017,1.783279776,1.71E-06,0.043350434,4.01E-04,26,19,19,0.028959274,0.028959274,1,75.97074516,75.97074516,32.96496969,1.25E-08,0.499274257,0.104908285,4.759149929,2.19E-06,0.437138942,0.098461873,4.439677288,1.00E-05,NA,NA,NA,NA,NA,NA,NA,NA,NA,NA,NA,NA,NA,NA,0.443124,0.117997,0,0,0.438879
3539163|.|T|C|.|.|GT,NA,NA,294,237,273,336,51.85185185,58.63874346,1.52677702,4.55E-04,1,0.047057236,137,88,81,0.001091024,0.03992818,1,24.3115503,24.3115503,10.45932092,0.001261068,0.26103273,0.105012559,2.48572869,0.013071349,0.325386031,0.097288462,3.344549032,8.55E-04,NA,NA,NA,NA,NA,NA,NA,NA,NA,NA,NA,NA,NA,NA,0.420204,0,0.467742,0.112054,0
3270953|.|T|C|.|.|GT,NA,NA,318,240,249,333,56.08465608,58.11518325,1.771987952,2.06E-06,0.052216572,1.73E-04,91,57,61,0.001516513,0.020584209,1,83.05836429,83.05836429,36.00637376,2.76E-09,0.6013664,0.103554641,5.807237581,8.23E-09,0.426163312,0.098376768,4.331950721,1.63E-05,HF536482,3270953,snp,T,C,C:10 T:0,NA,NA,NA,NA,NA,NA,NA,NA,0.40747,0,0.487267,0.105263,0
3542317|.|T|A|.|.|GT,NA,NA,183,112,384,461,32.27513228,80.45375218,1.96156529,1.03E-06,0.026307906,2.09E-04,76,48,50,0.00790518,0.028626656,1,77.70069949,77.70069949,33.83698686,8.11E-09,0.54803309,0.11882621,4.612055622,4.44E-06,0.534230051,0.110644711,4.828337875,1.60E-06,HF536482,3542317,snp,T,A,A:44 T:0,CDS,-,259/483,87/160,missense_variant c.259A>T p.Asn87Tyr,BN373_33461,NA,conserved hypothetical protein,0.405772,0.258913,0,0.335314,0
3272718|.|A|T|.|.|GT,NA,NA,330,253,237,320,58.2010582,55.84642234,1.761144744,2.13E-06,0.054048146,1.78E-04,145,94,88,4.46E-04,0.012456898,1,49.51881265,49.51881265,21.45030601,4.12E-06,0.48042053,0.104104203,4.614804336,4.38E-06,0.417250726,0.098346657,4.242652877,2.42E-05,NA,NA,NA,NA,NA,NA,NA,NA,NA,NA,NA,NA,NA,NA,0.404924,0.081494,0,0.513582,0
3272747|.|C|T|.|.|GT,NA,NA,334,256,233,317,58.90652557,55.32286213,1.775046942,1.57E-06,0.039774678,1.38E-04,142,91,85,9.95E-04,0.023125727,1,56.82413406,56.82413406,24.69312737,7.93E-07,0.509594965,0.104017723,4.899116712,1.10E-06,0.452322756,0.098285654,4.602123902,4.73E-06,NA,NA,NA,NA,NA,NA,NA,NA,NA,NA,NA,NA,NA,NA,0.398132,0,0.083192,0.518676,0
3272748|.|A|G|.|.|GT,NA,NA,285,212,282,361,50.26455026,63.0017452,1.720945403,7.29E-06,0.184704152,5.45E-04,127,76,78,0.012660685,0.032789562,1,45.38799454,45.38799454,19.55133663,1.09E-05,0.453077751,0.105092381,4.311233112,1.76E-05,0.350970585,0.099544457,3.525767241,4.42E-04,NA,NA,NA,NA,NA,NA,NA,NA,NA,NA,NA,NA,NA,NA,0.397284,0.164686,0,0,0.438031
1262945|.|A|G|.|.|GT,NA,NA,370,313,197,260,65.25573192,45.37521815,1.560143365,2.85E-04,1,0.022255451,96,60,61,0.010345913,0.018433353,1,11.32639517,11.32639517,4.845018028,0.027958394,0.213153058,0.106991305,1.992246535,0.046582609,0.235364355,0.100176543,2.349495679,0.01899633,HF536482,1262945,snp,A,G,G:31 A:0,NA,NA,NA,NA,NA,NA,NA,NA,0.356537,0.041596,0,0,0.601868
2710936|.|T|C|.|.|GT,NA,NA,307,249,260,324,54.14462081,56.54450262,1.536422614,3.73E-04,1,0.034185083,71,47,47,0.008554539,0.008554539,1,28.71260201,28.71260201,12.31090241,4.71E-04,0.326423184,0.104635738,3.119614679,0.001856405,0.27468986,0.098195172,2.797386624,0.005252582,NA,NA,NA,NA,NA,NA,NA,NA,NA,NA,NA,NA,NA,NA,0.356537,0,0.48472,0.158744,0
3253474|.|A|G|.|.|GT,NA,NA,278,222,289,351,49.02998236,61.2565445,1.520901524,5.32E-04,1,0.024565076,54,35,39,0.001496259,0.040223564,1,59.94693544,59.94693544,25.81647932,4.49E-07,0.501267919,0.104803582,4.782927364,1.95E-06,0.346635596,0.099282599,3.491403308,5.02E-04,NA,NA,NA,NA,NA,NA,NA,NA,NA,NA,NA,NA,NA,NA,0.349745,0.212224,0,0,0.438031
3253495|.|C|T|.|.|GT,NA,NA,310,254,257,319,54.67372134,55.67190227,1.514905481,5.85E-04,1,0.026650379,90,62,58,4.38E-04,0.008045928,1,38.64375171,38.64375171,16.65953205,4.84E-05,0.316814272,0.104635704,3.027783647,0.002519006,0.355826131,0.097835995,3.636965416,2.90E-04,NA,NA,NA,NA,NA,NA,NA,NA,NA,NA,NA,NA,NA,NA,0.335314,0,0.173175,0.491511,0
3253409|.|T|A|.|.|GT,NA,NA,358,307,209,266,63.13932981,46.42233857,1.484157536,0.001173794,1,0.047588428,89,65,56,1.61E-05,0.019186609,1,27.99044589,27.99044589,11.94354777,5.72E-04,0.369704349,0.105943457,3.489638337,5.02E-04,0.176334184,0.100646456,1.752015824,0.080083523,HF536482,3253409,snp,T,A,A:82 T:0,CDS,-,92/1416,31/471,missense_variant c.92A>T p.Tyr31Phe,BN373_31021,cpsB_1,mannose-1-phosphate guanylyltransferase/mannose-6-phosphate isomerase,0.319185,0.580645,0,0.10017,0
3252814|.|G|A|.|.|GT,NA,NA,301,231,266,342,53.08641975,59.68586387,1.675324675,1.87E-05,0.474215906,0.001257867,76,52,49,0.001761872,0.015440262,1,65.46351145,65.46351145,28.13541675,1.40E-07,0.524610026,0.10412988,5.038035467,5.47E-07,0.319596549,0.100125297,3.19196607,0.00145801,NA,NA,NA,NA,NA,NA,NA,NA,NA,NA,NA,NA,NA,NA,0.316638,0.466893,0,0,0.216469
3252790|.|A|G|.|.|GT,NA,NA,237,146,330,427,41.7989418,74.52006981,2.100435866,7.06E-09,1.79E-04,9.17E-07,65,41,44,0.005918433,0.046353474,1,99.2757251,99.2757251,43.13195689,8.29E-11,0.635977932,0.109595657,5.802948326,8.44E-09,0.480124187,0.104825617,4.580218086,5.24E-06,NA,NA,NA,NA,NA,NA,NA,NA,NA,NA,NA,NA,NA,NA,0.314941,0.348048,0,0,0.337012
3252643|.|G|A|.|.|GT,NA,NA,311,237,256,336,54.85008818,58.63874346,1.722310127,6.43E-06,0.163035612,4.88E-04,86,56,53,0.006673923,0.039853629,1,89.57009329,89.57009329,39.18366148,5.76E-10,0.561497033,0.103802817,5.409265831,7.71E-08,0.518892392,0.098252852,5.281194196,1.58E-07,NA,NA,NA,NA,NA,NA,NA,NA,NA,NA,NA,NA,NA,NA,0.314941,0.478778,0,0,0.206282
2728403|.|A|G|.|.|GT,NA,NA,361,298,206,275,63.66843034,47.9930192,1.617172737,7.47E-05,1,0.008698734,74,46,51,0.001516224,0.047392976,1,54.35225192,54.35225192,23.5522363,1.41E-06,0.478875692,0.105373387,4.544560129,6.09E-06,0.422674502,0.098675268,4.283489766,2.02E-05,NA,NA,NA,NA,NA,NA,NA,NA,NA,NA,NA,NA,NA,NA,0.308149,0.114601,0,0,0.57725
2728608|.|G|A|.|.|GT,NA,NA,377,315,190,258,66.49029982,45.02617801,1.625162907,7.95E-05,1,0.009136312,75,50,51,0.002444228,0.005228243,1,63.59980711,63.59980711,27.63479494,1.80E-07,0.543483872,0.106286487,5.113386372,3.71E-07,0.45945444,0.100069011,4.591375843,4.98E-06,NA,NA,NA,NA,NA,NA,NA,NA,NA,NA,NA,NA,NA,NA,0.308149,0.606961,0,0,0.08489
2728602|.|T|C|.|.|GT,NA,NA,365,305,202,268,64.37389771,46.77137871,1.587729265,1.49E-04,1,0.015849741,74,50,50,0.003372233,0.003372233,1,63.71842995,63.71842995,27.60525356,1.82E-07,0.524864303,0.105530983,4.973556464,7.58E-07,0.425743804,0.099944366,4.259807951,2.24E-05,NA,NA,NA,NA,NA,NA,NA,NA,NA,NA,NA,NA,NA,NA,0.308149,0,0.586587,0.105263,0
1205688|.|T|A,G|.|.|GT,NA,119,75,448,498,20.98765432,86.91099476,1.76375,3.88E-04,1,0.027907663,55,37,37,0.014453834,0.014453834,1,56.82571414,56.82571414,24.61595921,8.24E-07,0.624851312,0.138253647,4.519600915,6.84E-06,0.565195293,0.133144349,4.244981454,2.39E-05,HF536482,1205688,snp,T,A,A:123 T:0,CDS,+,1337/1668,446/555,missense_variant c.1337T>A p.Ile446Asn,BN373_11361,NA,"oligopeptide/dipeptide ABC transporter, periplasmic oligopeptide/dipeptide-binding protein",0.306452,0.168081,0,0.524618,8.49E-04
1210319|.|T|C|.|.|GT,NA,NA,317,261,250,312,55.90828924,54.45026178,1.515770115,4.78E-04,1,0.032685301,75,47,56,2.24E-05,0.036954904,1,10.32911688,10.32911688,4.419860483,0.035777315,0.201092866,0.10489435,1.917099126,0.055475504,0.236499995,0.097847492,2.417026647,0.015829414,NA,NA,NA,NA,NA,NA,NA,NA,NA,NA,NA,NA,NA,NA,0.306452,0,0.505093,0.188455,0
1210313|.|C|T|.|.|GT,NA,NA,300,244,267,329,52.91005291,57.41710297,1.515011973,5.78E-04,1,0.037908787,74,47,56,1.11E-05,0.026516833,1,17.14797982,17.14797982,7.333094659,0.006887398,0.223485545,0.10495107,2.129426068,0.033433189,0.2242282,0.098082607,2.28611583,0.022459941,NA,NA,NA,NA,NA,NA,NA,NA,NA,NA,NA,NA,NA,NA,0.306452,0,0.219015,0.474533,0
3253372|.|G|T|.|.|GT,NA,NA,383,329,184,244,67.54850088,42.58289703,1.543742566,4.84E-04,1,0.022702429,86,66,56,6.67E-07,0.006673923,1,33.18192619,33.18192619,14.20968721,1.73E-04,0.375092384,0.107898965,3.476329775,5.27E-04,0.26077729,0.101435665,2.570863904,0.010290973,NA,NA,NA,NA,NA,NA,NA,NA,NA,NA,NA,NA,NA,NA,0.306452,0,0,0.62309,0.070458
1210463|.|G|A|.|.|GT,NA,NA,267,206,300,367,47.08994709,64.04886562,1.585582524,1.51E-04,1,0.013498866,68,43,51,4.45E-05,0.038460053,1,36.01650096,36.01650096,15.4898408,8.88E-05,0.363522436,0.106059429,3.427535275,6.31E-04,0.327888217,0.099525223,3.294523809,0.001021168,NA,NA,NA,NA,NA,NA,NA,NA,NA,NA,NA,NA,NA,NA,0.305603,0.413413,0,0,0.280985
2728458|.|C|A|.|.|GT,NA,NA,409,346,158,227,72.1340388,39.61605585,1.698306139,3.47E-05,0.87561179,0.004313359,76,52,51,0.001761872,0.003836236,1,62.29007174,62.29007174,27.01440623,2.46E-07,0.575571224,0.109744547,5.244645306,1.87E-07,0.453132133,0.103462386,4.379679908,1.32E-05,HF536482,2728458,snp,C,A,A:106 C:0,NA,NA,NA,NA,NA,NA,NA,NA,0.305603,0.66129,0.033107,0,0
2728612|.|T|A|.|.|GT,NA,NA,377,315,190,258,66.49029982,45.02617801,1.625162907,7.95E-05,1,0.009136312,75,50,51,0.002444228,0.005228243,1,63.59980711,63.59980711,27.63479494,1.80E-07,0.543483872,0.106286487,5.113386372,3.71E-07,0.45945444,0.100069011,4.591375843,4.98E-06,HF536482,2728612,snp,T,A,A:12 T:0,NA,NA,NA,NA,NA,NA,NA,NA,0.303905,0.606961,0,0.089134,0
3242322|.|G|T|.|.|GT,NA,NA,370,294,197,279,65.25573192,48.69109948,1.782347457,2.03E-06,0.051341188,1.71E-04,58,38,39,0.01192814,0.024746036,1,62.39485784,62.39485784,27.06339323,2.40E-07,0.502289945,0.105462895,4.762717215,2.16E-06,0.432726266,0.098467654,4.394603201,1.23E-05,NA,NA,NA,NA,NA,NA,NA,NA,NA,NA,NA,NA,NA,NA,0.300509,0,0,0.282683,0.416808
3242268|.|T|G|.|.|GT,NA,NA,399,335,168,238,70.37037037,41.53577661,1.687313433,3.32E-05,0.840194761,0.002111042,55,38,39,0.002667262,0.006455803,1,49.2936182,49.2936182,21.19853274,4.68E-06,0.434320158,0.1089305,3.98713087,7.11E-05,0.335015501,0.102014636,3.283994465,0.001059659,NA,NA,NA,NA,NA,NA,NA,NA,NA,NA,NA,NA,NA,NA,0.29966,0,0,0.356537,0.343803
3251244|.|T|C|.|.|GT,NA,NA,327,269,240,304,57.67195767,53.05410122,1.539776952,3.00E-04,1,0.015062399,90,64,56,7.66E-05,0.026301665,1,26.20887012,26.20887012,11.22022148,8.40E-04,0.354435773,0.104633768,3.387393749,7.30E-04,0.248299201,0.098813263,2.512812473,0.012136714,NA,NA,NA,NA,NA,NA,NA,NA,NA,NA,NA,NA,NA,NA,0.298812,0,0.520374,0.180815,0
3251766|.|G|A|.|.|GT,NA,NA,353,298,214,275,62.25749559,47.9930192,1.522219783,5.17E-04,1,0.023939011,89,64,62,4.32E-05,2.66E-04,1,52.64996353,52.64996353,22.60033273,2.29E-06,0.402671276,0.10548147,3.81745983,1.42E-04,0.297609202,0.099406868,2.9938495,0.002823902,NA,NA,NA,NA,NA,NA,NA,NA,NA,NA,NA,NA,NA,NA,0.297963,0.56961,0,0,0.132428
3245234|.|G|T|.|.|GT,NA,NA,237,186,330,387,41.7989418,67.53926702,1.494281525,0.001159551,1,0.047161887,41,28,28,0.027533156,0.027533156,1,50.29702994,50.29702994,21.65660652,3.71E-06,0.423302725,0.107949112,3.921317354,9.33E-05,0.355086656,0.102494136,3.464458249,5.54E-04,NA,NA,NA,NA,NA,NA,NA,NA,NA,NA,NA,NA,NA,NA,0.297963,0,0,0.371817,0.330221
3241741|.|A|G|.|.|GT,NA,NA,268,211,299,362,47.26631393,63.17626527,1.537764111,3.97E-04,1,0.019407122,57,37,38,0.016348104,0.033143968,1,38.36425041,38.36425041,16.51133124,5.22E-05,0.31930076,0.106024511,3.011574923,0.002656328,0.341122639,0.100321586,3.400291515,7.00E-04,NA,NA,NA,NA,NA,NA,NA,NA,NA,NA,NA,NA,NA,NA,0.296265,0.285229,0,0,0.418506
3241747|.|C|A|.|.|GT,NA,NA,268,212,299,361,47.26631393,63.0017452,1.526282577,5.00E-04,1,0.023224215,58,37,39,0.01192814,0.047940324,1,39.27781796,39.27781796,16.89874972,4.27E-05,0.323619742,0.105982112,3.05353174,0.00231418,0.336380805,0.100407953,3.350141062,8.38E-04,NA,NA,NA,NA,NA,NA,NA,NA,NA,NA,NA,NA,NA,NA,0.296265,0.419355,0.28438,0,0
2854586|.|G|A|.|.|GT,NA,NA,344,268,223,305,60.670194,53.22862129,1.755571916,2.67E-06,0.067837195,6.85E-04,78,53,50,0.00203114,0.01685309,1,54.60524594,54.60524594,23.69224109,1.32E-06,0.455396269,0.104468242,4.359183806,1.42E-05,0.43250004,0.097614142,4.43071085,1.04E-05,NA,NA,NA,NA,NA,NA,NA,NA,NA,NA,NA,NA,NA,NA,0.287776,0.248727,0,0,0.463497
142872|.|G|T|.|.|GT,NA,NA,138,92,429,481,24.33862434,83.94415358,1.681818182,5.17E-04,1,0.031224997,34,9,28,1.95E-04,0.009041185,1,80.30958811,80.30958811,35.06600662,4.40E-09,0.66883463,0.129374149,5.169770258,2.77E-07,0.620273053,0.121690572,5.097133205,4.14E-07,HF536482,142872,snp,G,T,T:15 G:0,NA,NA,NA,NA,NA,NA,NA,NA,0.280985,0,0,0.201188,0.517827
550134|.|T|C|.|.|GT,NA,NA,361,298,206,275,63.66843034,47.9930192,1.617172737,7.47E-05,1,0.012660614,96,61,61,0.010345913,0.010345913,1,36.1639605,36.1639605,15.52033054,8.74E-05,0.330326145,0.105903225,3.119132073,0.001859422,0.293300236,0.099131202,2.958707553,0.003163502,NA,NA,NA,NA,NA,NA,NA,NA,NA,NA,NA,NA,NA,NA,0.275891,0,0.581494,0.142615,0
3248516|.|A|T|.|.|GT,NA,NA,337,267,230,306,59.4356261,53.40314136,1.679237909,1.47E-05,0.373504857,0.001012208,79,56,50,2.64E-04,0.023819793,1,56.3271678,56.3271678,24.3073412,9.64E-07,0.466835048,0.10432404,4.474855914,8.41E-06,0.372351807,0.098720836,3.771765128,1.72E-04,HF536482,3248516,snp,A,T,T:73 A:0,NA,NA,NA,NA,NA,NA,NA,NA,0.274194,0.197793,0,0.528014,0
551268|.|C|T|.|.|GT,NA,NA,287,192,280,381,50.61728395,66.4921466,2.033984375,5.42E-09,1.39E-04,5.78E-06,61,47,40,2.72E-05,0.020414714,1,93.32258844,93.32258844,40.56388281,2.92E-10,0.663894882,0.104579777,6.348214756,3.14E-10,0.460262392,0.099419631,4.629492046,4.16E-06,NA,NA,NA,NA,NA,NA,NA,NA,NA,NA,NA,NA,NA,NA,0.242784,0,0.330221,0.426995,0
455787|.|C|T|.|.|GT,NA,NA,248,168,319,405,43.73897707,70.68062827,1.874160322,4.41E-07,0.011278847,1.88E-04,48,33,34,0.005515201,0.013283282,1,50.59308489,50.59308489,21.80205398,3.44E-06,0.534475395,0.107895479,4.953640331,8.39E-07,0.366903229,0.102465405,3.580752257,3.59E-04,NA,NA,NA,NA,NA,NA,NA,NA,NA,NA,NA,NA,NA,NA,0.2309,0,0.403226,0.365874,0
457370|.|T|C|.|.|GT,NA,NA,358,298,209,275,63.13932981,47.9930192,1.580713529,1.59E-04,1,0.024763925,69,47,47,0.003544813,0.003544813,1,26.96218581,26.96218581,11.51398278,7.18E-04,0.402409619,0.105595342,3.81086525,1.46E-04,0.19579497,0.099708481,1.96367418,0.049849993,NA,NA,NA,NA,NA,NA,NA,NA,NA,NA,NA,NA,NA,NA,0.229202,0,0.574703,0.196095,0
457416|.|C|T|.|.|GT,NA,NA,355,296,212,277,62.61022928,48.34205934,1.567041688,2.06E-04,1,0.029914992,77,49,52,0.002799054,0.022033459,1,27.25740958,27.25740958,11.66796549,6.62E-04,0.384967908,0.105512196,3.648563127,2.76E-04,0.246785176,0.0989722,2.493479737,0.012813598,HF536482,457416,snp,C,T,T:133 C:0,CDS,+,811/873,271/290,missense_variant c.811C>T p.Arg271Cys,BN373_04231,NA,2-oxo-3-deoxygalactonate kinase,0.227504,0,0.202037,0.570458,0
812432|.|G|A|.|.|GT,NA,NA,356,288,211,285,62.78659612,49.7382199,1.669628752,2.19E-05,0.559985771,0.003999898,48,34,33,0.005515201,0.013283282,1,61.64367865,61.64367865,26.63033376,2.98E-07,0.494513956,0.104928096,4.712884118,2.74E-06,0.384396483,0.098271443,3.911578674,9.80E-05,NA,NA,NA,NA,NA,NA,NA,NA,NA,NA,NA,NA,NA,NA,0.219015,0.565365,0,0,0.21562
812810|.|A|G|.|.|GT,NA,NA,355,291,212,282,62.61022928,49.21465969,1.622738767,6.16E-05,1,0.00874207,56,37,39,0.004561533,0.022241389,1,40.0702537,40.0702537,17.28853261,3.49E-05,0.439795324,0.105192119,4.180877113,3.13E-05,0.369413003,0.098607017,3.746315576,1.90E-04,NA,NA,NA,NA,NA,NA,NA,NA,NA,NA,NA,NA,NA,NA,0.216469,0.217317,0,0,0.566214
254343|.|G|A,C|.|.|GT,NA,547,524,20,49,96.47266314,8.551483421,2.557538168,4.35E-04,1,0.034742643,58,43,18,3.07E-04,0.00535486,1,46.14485042,46.14485042,19.81932935,9.49E-06,0.949892749,0.216972806,4.37793458,1.31E-05,0.620452282,0.200975974,3.087196292,0.002077294,NA,NA,NA,NA,NA,NA,NA,NA,NA,NA,NA,NA,NA,NA,0.21562,0.678268,0.046689,0,0.059423
1262888|.|A|C|.|.|GT,NA,NA,349,282,218,291,61.55202822,50.78534031,1.652010541,3.02E-05,0.76825016,0.003640996,82,51,59,8.72E-05,0.03524144,1,33.70050546,33.70050546,14.54314415,1.46E-04,0.388816525,0.10502673,3.702072083,2.24E-04,0.373401423,0.09898037,3.772479569,1.71E-04,HF536482,1262888,snp,A,C,C:45 A:0,NA,NA,NA,NA,NA,NA,NA,NA,0.187606,0.256367,0.556027,0,0
157340|.|G|A|.|.|GT,NA,NA,25,6,542,567,4.409171076,98.95287958,4.358856089,4.26E-04,1,0.026478074,29,23,6,0.0023157,0.0023157,1,36.95435364,36.95435364,15.83588168,7.42E-05,1.068449701,0.321386467,3.324501221,9.14E-04,0.774618176,0.287142201,2.697681404,0.007102227,HF536482,157340,snp,G,A,A:121 G:1,CDS,-,782/864,261/287,missense_variant c.782C>T p.Pro261Leu,BN373_01471,NA,conserved hypothetical protein,0.182513,0.026316,0,0,0.791171
415047|.|G|A|.|.|GT,NA,NA,141,53,426,520,24.86772487,90.7504363,3.247408982,1.90E-12,4.84E-08,4.84E-08,18,16,4,0.001312256,0.030883789,1,175.3873644,175.3873644,78.53367737,3.64E-18,1.076779097,0.135787745,7.929869481,5.21E-15,0.941171947,0.130938204,7.187909387,1.30E-12,HF536482,415047,snp,G,A,A:179 G:1,CDS,+,602/972,201/323,missense_variant c.602G>A p.Arg201Gln,BN373_03781,NA,ribose high-affinity ABC transport system permease component,0.179117,0.169779,0,0,0.651104
413696|.|A|T|.|.|GT,NA,NA,337,262,230,311,59.4356261,54.27574171,1.739246598,3.70E-06,0.094000665,5.37E-04,61,45,44,2.64E-04,7.30E-04,1,126.7553155,126.7553155,55.91486516,1.68E-13,0.668730735,0.10329245,6.474149192,1.41E-10,0.58415298,0.096910918,6.027731369,2.35E-09,NA,NA,NA,NA,NA,NA,NA,NA,NA,NA,NA,NA,NA,NA,0.179117,0.471986,0,0.348896,0
412273|.|G|A,C|.|.|GT,NA,320,258,247,315,56.43738977,54.97382199,1.581771961,1.19E-04,1,0.008805662,210,136,120,2.25E-05,0.045114088,1,19.4563739,19.4563739,8.393681041,0.003848986,0.272839987,0.104749067,2.604700882,0.00931531,0.362420686,0.097101704,3.732382331,2.01E-04,NA,NA,NA,NA,NA,NA,NA,NA,NA,NA,NA,NA,NA,NA,0.179117,0.504244,8.49E-04,0,0.315789
412324|.|C|A|.|.|GT,NA,NA,264,211,303,362,46.56084656,63.17626527,1.494814884,9.49E-04,1,0.04716384,63,44,45,8.98E-04,0.002227532,1,55.2289735,55.2289735,24.0246918,1.11E-06,0.394029827,0.105866382,3.721954227,2.07E-04,0.467723633,0.099239935,4.713058666,2.79E-06,NA,NA,NA,NA,NA,NA,NA,NA,NA,NA,NA,NA,NA,NA,0.178268,0.415959,0.405772,0,0
359228|.|A|G|.|.|GT,NA,NA,345,271,222,302,60.84656085,52.70506108,1.731824075,4.69E-06,0.119075144,6.40E-04,69,52,48,2.93E-05,0.001550317,1,42.11254561,42.11254561,18.07678083,2.32E-05,0.465464563,0.10448716,4.45475371,9.23E-06,0.293067464,0.097979096,2.991122358,0.002849011,NA,NA,NA,NA,NA,NA,NA,NA,NA,NA,NA,NA,NA,NA,0.151104,0.306452,0,0,0.542445
2333347|.|A|G,T|.|.|GT,NA,309,240,258,333,54.4973545,58.11518325,1.661773256,2.51E-05,0.637404157,0.003886611,213,125,122,0.013449713,0.039573323,1,35.06924517,35.06924517,15.0682983,1.11E-04,0.394702776,0.104462013,3.778433564,1.66E-04,0.307948797,0.097757422,3.150132155,0.001681369,NA,NA,NA,NA,NA,NA,NA,NA,NA,NA,NA,NA,NA,NA,0.144312,0.374363,0,0.011036,0.470289
3271308|.|C|G|.|.|GT,NA,NA,130,57,437,516,22.92768959,90.05235602,2.693002529,3.57E-09,9.05E-05,4.95E-07,37,10,31,4.13E-05,0.007632079,1,141.8410425,141.8410425,62.71537016,6.44E-15,0.976477521,0.13854731,7.047971696,3.14E-12,0.829538104,0.133338501,6.221294669,7.29E-10,NA,NA,NA,NA,NA,NA,NA,NA,NA,NA,NA,NA,NA,NA,0.144312,0,0.692699,0,0.162988
3271307|.|G|A|.|.|GT,NA,NA,131,60,436,513,23.10405644,89.52879581,2.568922018,1.30E-08,3.29E-04,1.60E-06,40,11,33,4.23E-05,0.006426576,1,135.595591,135.595591,59.78721586,2.61E-14,0.931312755,0.137908484,6.753121566,2.30E-11,0.795297414,0.132791319,5.989076841,2.96E-09,HF536482,3271307,snp,G,A,A:15 G:0,NA,NA,NA,NA,NA,NA,NA,NA,0.135823,0.167233,0,0,0.696944
2412944|.|G|A|.|.|GT,NA,NA,165,104,402,469,29.1005291,81.84991274,1.850961538,1.45E-05,0.369020196,0.002598734,36,11,29,3.13E-04,0.02881672,1,93.75693288,93.75693288,41.02837814,2.32E-10,0.63271591,0.122275014,5.174531474,2.70E-07,0.615922927,0.115956431,5.311675438,1.34E-07,NA,NA,NA,NA,NA,NA,NA,NA,NA,NA,NA,NA,NA,NA,0.134975,0.235144,0,0,0.629881
3304085|.|A|G|.|.|GT,NA,NA,391,305,176,268,68.95943563,46.77137871,1.952086438,6.02E-08,0.001525073,6.63E-06,125,82,75,6.18E-04,0.031409334,1,50.50129648,50.50129648,21.70785992,3.61E-06,0.548455253,0.106436907,5.152867247,3.02E-07,0.324870499,0.101095592,3.213498145,0.001354039,NA,NA,NA,NA,NA,NA,NA,NA,NA,NA,NA,NA,NA,NA,0.134126,0.252971,0,0,0.612903
3304052|.|G|A|.|.|GT,NA,NA,335,257,232,316,59.08289242,55.14834206,1.775459546,1.56E-06,0.039618398,1.38E-04,117,72,73,0.009340761,0.015864497,1,43.18910771,43.18910771,18.5721478,1.80E-05,0.495148612,0.104092101,4.756831774,2.22E-06,0.321157938,0.098077816,3.274521727,0.001095433,NA,NA,NA,NA,NA,NA,NA,NA,NA,NA,NA,NA,NA,NA,0.13073,0.526316,0,0,0.342954
3302435|.|G|A|.|.|GT,NA,NA,25,6,542,567,4.409171076,98.95287958,4.358856089,4.26E-04,1,0.020441905,30,24,6,0.001430906,0.001430906,1,33.10719101,33.10719101,14.17943486,1.76E-04,0.998152728,0.316621173,3.152514147,0.001661021,0.732849236,0.282463679,2.594490163,0.009614436,HF536482,3302435,snp,G,A,A:170 G:0,CDS,-,238/774,80/257,stop_gained c.238C>T p.Gln80*,BN373_31371,NA,"ABC transporter, ATP-binding protein",0.129032,0.026316,0,0,0.844652
5178190|.|G|T|.|.|GT,NA,NA,241,164,326,409,42.50440917,71.37870855,1.843651803,9.93E-07,0.025352653,3.29E-04,56,36,38,0.010454818,0.044046546,1,112.1751828,112.1751828,49.31929828,4.06E-12,0.638134381,0.108106782,5.902815418,4.71E-09,0.589339891,0.102647527,5.741393939,1.25E-08,NA,NA,NA,NA,NA,NA,NA,NA,NA,NA,NA,NA,NA,NA,0.129032,0,0,0.2309,0.640068
2232353|.|T|C|.|.|GT,NA,NA,417,364,150,209,73.54497354,36.47469459,1.596208791,2.79E-04,1,0.040927212,81,53,50,0.007275502,0.044828522,1,36.56172404,36.56172404,15.76142386,7.71E-05,0.405830053,0.112356743,3.611977732,3.17E-04,0.38034725,0.104711773,3.632325568,2.95E-04,HF536482,2232353,snp,T,C,C:40 T:0,CDS,-,1603/1617,535/538,missense_variant c.1603A>G p.Lys535Glu,BN373_21011,NA,"transporter, small conductance mechanosensitive ion channel (MscS) family",0.119694,0,0.685059,0.195246,0
671421|.|C|T|.|.|GT,NA,NA,328,250,239,323,57.84832451,56.36998255,1.773121339,1.60E-06,0.040802077,7.03E-04,76,52,49,0.001761872,0.015440262,1,65.92503073,65.92503073,28.44154027,1.20E-07,0.536977761,0.103847979,5.170806096,2.75E-07,0.370532312,0.099175471,3.736128591,1.98E-04,NA,NA,NA,NA,NA,NA,NA,NA,NA,NA,NA,NA,NA,NA,0.112903,0,0.487267,0.39983,0
2146665|.|T|G|.|.|GT,NA,NA,135,75,432,498,23.80952381,86.91099476,2.075,2.93E-06,0.074633302,6.85E-04,26,6,24,1.05E-05,0.009355307,1,99.44739031,99.44739031,43.47078352,7.02E-11,0.779850229,0.133507896,5.841229255,6.76E-09,0.661189453,0.126996155,5.206373782,2.35E-07,NA,NA,NA,NA,NA,NA,NA,NA,NA,NA,NA,NA,NA,NA,0.101868,0,0,0.717317,0.180815
2074262|.|G|C,T|.|.|GT,NA,260,204,307,369,45.85537919,64.39790576,1.531902663,4.69E-04,1,0.045738831,191,114,120,4.82E-04,0.009013933,1,61.56860851,61.56860851,26.53618926,3.13E-07,0.454563234,0.106062959,4.285786838,1.97E-05,0.36069818,0.100082881,3.60399477,3.29E-04,NA,NA,NA,NA,NA,NA,NA,NA,NA,NA,NA,NA,NA,NA,0.101019,0,0.403226,8.49E-04,0.494907
2146666|.|G|C|.|.|GT,NA,NA,135,75,432,498,23.80952381,86.91099476,2.075,2.93E-06,0.074633302,6.85E-04,26,6,24,1.05E-05,0.009355307,1,99.44739031,99.44739031,43.47078352,7.02E-11,0.779850229,0.133507896,5.841229255,6.76E-09,0.661189453,0.126996155,5.206373782,2.35E-07,NA,NA,NA,NA,NA,NA,NA,NA,NA,NA,NA,NA,NA,NA,0.101019,0,0.181664,0,0.717317
2443628|.|C|T|.|.|GT,NA,NA,288,216,279,357,50.79365079,62.30366492,1.70609319,9.94E-06,0.251765,0.001416096,70,44,46,0.01152641,0.041391429,1,53.82379736,53.82379736,23.26689394,1.63E-06,0.491152529,0.104754936,4.688586014,3.08E-06,0.391198084,0.098002342,3.991721779,7.05E-05,NA,NA,NA,NA,NA,NA,NA,NA,NA,NA,NA,NA,NA,NA,0.098472,0,0.556876,0.344652,0
1924216|.|T|A|.|.|GT,NA,NA,378,307,189,266,66.66666667,46.42233857,1.732899023,7.41E-06,0.187713646,0.001915445,72,47,47,0.012774596,0.012774596,1,70.18105693,70.18105693,30.52470497,4.22E-08,0.486564145,0.106321997,4.576326222,5.25E-06,0.467064795,0.09940702,4.698509155,2.99E-06,HF536482,1924216,snp,T,A,A:162 T:1,CDS,+,248/564,83/187,missense_variant c.248T>A p.Val83Glu,BN373_18131,NA,putative lipoprotein,0.096774,0.599321,0,0.303905,0
2146668|.|G|A|.|.|GT,NA,NA,135,73,432,500,23.80952381,87.2600349,2.140410959,1.24E-06,0.031589827,3.33E-04,25,6,23,1.94E-05,0.014633298,1,102.0205532,102.0205532,44.64976742,3.94E-11,0.790878713,0.133962262,5.903742607,4.69E-09,0.679452753,0.127651267,5.322726295,1.27E-07,NA,NA,NA,NA,NA,NA,NA,NA,NA,NA,NA,NA,NA,NA,0.096774,0.179966,0,0,0.72326
2070231|.|G|A|.|.|GT,NA,NA,341,280,226,293,60.14109347,51.13438045,1.578903287,1.41E-04,1,0.017504027,74,51,46,0.001516224,0.047392976,1,43.21396612,43.21396612,18.54194081,1.83E-05,0.42892378,0.104704348,4.096523102,4.49E-05,0.288622801,0.098765049,2.9223172,0.003554099,NA,NA,NA,NA,NA,NA,NA,NA,NA,NA,NA,NA,NA,NA,0.086587,0.547538,0,0,0.365874
2065786|.|A|G|.|.|GT,NA,NA,239,155,328,418,42.15167549,72.94938918,1.965027537,8.21E-08,0.002081506,2.60E-05,45,30,30,0.035697804,0.035697804,1,110.0315383,110.0315383,48.15159778,7.16E-12,0.63595031,0.108894005,5.840085565,6.80E-09,0.548541982,0.103217614,5.314422212,1.32E-07,NA,NA,NA,NA,NA,NA,NA,NA,NA,NA,NA,NA,NA,NA,0.080645,0.573854,0,0,0.345501
3247861|.|C|T|.|.|GT,NA,NA,257,171,310,402,45.32627866,70.15706806,1.948953028,7.02E-08,0.001778278,7.60E-06,66,45,44,0.004272405,0.00921049,1,95.61827535,95.61827535,41.85162698,1.55E-10,0.60474058,0.106978767,5.652902897,1.99E-08,0.536211488,0.100575488,5.331433133,1.21E-07,NA,NA,NA,NA,NA,NA,NA,NA,NA,NA,NA,NA,NA,NA,0.073854,0,0.550085,0.376061,0
1539034|.|A|G|.|.|GT,NA,NA,267,203,300,370,47.08994709,64.57242583,1.622167488,7.07E-05,1,0.016082788,94,57,60,0.00954781,0.049450065,1,40.16227349,40.16227349,17.20829698,3.64E-05,0.393205674,0.106066929,3.707146767,2.20E-04,0.267190483,0.099939603,2.673519562,0.007630671,HF536482,1539034,snp,A,G,G:189 A:0,NA,NA,NA,NA,NA,NA,NA,NA,0.073005,0.51528,0,0,0.411715
2202064|.|C|T|.|.|GT,NA,NA,374,297,193,276,65.96119929,48.16753927,1.800805987,1.42E-06,0.036163684,3.65E-04,100,66,62,0.00178993,0.020978736,1,62.07421453,62.07421453,26.98682932,2.49E-07,0.477948795,0.105795056,4.517685558,6.90E-06,0.459127071,0.098708307,4.651351914,3.75E-06,NA,NA,NA,NA,NA,NA,NA,NA,NA,NA,NA,NA,NA,NA,0.071307,0,0.410017,0.518676,0
3348984|.|G|A|.|.|GT,NA,NA,298,233,269,340,52.55731922,59.33682373,1.616541953,6.83E-05,1,0.010820127,78,49,56,1.49E-04,0.030786496,1,54.34712931,54.34712931,23.60097333,1.38E-06,0.442751662,0.104476099,4.23782727,2.44E-05,0.444907392,0.098238107,4.528867744,6.66E-06,HF536482,3348984,snp,G,A,A:169 G:0,NA,NA,NA,NA,NA,NA,NA,NA,0.071307,0.464346,0,0,0.464346
2398150|.|C|T|.|.|GT,NA,NA,19,3,548,570,3.350970018,99.47643979,6.587591241,4.09E-04,1,0.043638775,19,17,3,7.29E-04,0.004425049,1,66.93579495,66.93579495,29.16839659,8.33E-08,1.718665625,0.378389813,4.542050458,6.16E-06,1.830485089,0.373820467,4.896695743,1.14E-06,HF536482,2398150,snp,C,T,T:180 C:0,CDS,-,277/1338,93/445,missense_variant c.277G>A p.Ala93Thr,BN373_22741,NA,major facilitator family transporter,0.06961,0,0.910866,0.019525,0
2392635|.|C|T|.|.|GT,NA,NA,317,255,250,318,55.90828924,55.4973822,1.581270588,1.19E-04,1,0.014978679,77,48,57,2.93E-05,0.039539533,1,77.75033341,77.75033341,33.62008468,9.03E-09,0.512109557,0.103948495,4.92657021,9.61E-07,0.396576372,0.098414921,4.029636662,6.02E-05,NA,NA,NA,NA,NA,NA,NA,NA,NA,NA,NA,NA,NA,NA,0.067063,0,0.495756,0.437182,0
2044046|.|G|A|.|.|GT,NA,NA,251,179,316,394,44.2680776,68.7609075,1.748355845,6.03E-06,0.152802292,0.001148889,49,33,33,0.021294114,0.021294114,1,55.69894559,55.69894559,24.0547988,1.10E-06,0.461842182,0.107451983,4.298126171,1.87E-05,0.389802168,0.100664339,3.872296492,1.15E-04,NA,NA,NA,NA,NA,NA,NA,NA,NA,NA,NA,NA,NA,NA,0.066214,0.375212,0,0,0.558574
3254699|.|G|A|.|.|GT,NA,NA,346,282,221,291,61.02292769,50.78534031,1.615577164,6.59E-05,1,0.003882822,95,70,60,4.27E-06,0.013378703,1,57.38878255,57.38878255,24.69625603,7.92E-07,0.393501798,0.104933367,3.750015927,1.86E-04,0.331770962,0.098069467,3.383019946,7.45E-04,NA,NA,NA,NA,NA,NA,NA,NA,NA,NA,NA,NA,NA,NA,0.066214,0.487267,0,0,0.44652
2100005|.|G|A|.|.|GT,NA,NA,397,342,170,231,70.01763668,40.31413613,1.577347781,3.16E-04,1,0.033954695,75,50,47,0.005228243,0.036954904,1,10.07565352,10.07565352,4.305516681,0.038249159,0.264715798,0.109716164,2.412732906,0.015990739,0.217748285,0.102707452,2.12008263,0.034249597,NA,NA,NA,NA,NA,NA,NA,NA,NA,NA,NA,NA,NA,NA,0.064516,0.58489,0,0,0.350594
2285569|.|C|T|.|.|GT,NA,NA,281,218,286,355,49.55908289,61.95462478,1.59997113,1.03E-04,1,0.018518624,67,42,45,0.006741447,0.049800114,1,61.75678659,61.75678659,26.80577918,2.73E-07,0.493746439,0.104834952,4.709750226,2.79E-06,0.442435203,0.098863569,4.475209693,8.53E-06,HF536482,2285569,snp,C,T,T:193 C:0,CDS,-,365/387,122/128,missense_variant c.365G>A p.Arg122Lys,BN373_21491,NA,conserved hypothetical protein,0.064516,0,0.497453,0.438031,0
2062128|.|G|A|.|.|GT,NA,NA,362,295,205,278,63.84479718,48.51657941,1.6640926,2.68E-05,0.679388987,0.004327318,73,46,48,0.009542211,0.034415914,1,27.77046392,27.77046392,12.03608248,5.44E-04,0.342173126,0.105810892,3.233817611,0.001256576,0.423464104,0.098322089,4.306907088,1.82E-05,NA,NA,NA,NA,NA,NA,NA,NA,NA,NA,NA,NA,NA,NA,0.063667,0.514431,0,0,0.421902
2206057|.|A|C|.|.|GT,NA,NA,341,273,226,300,60.14109347,52.35602094,1.658076437,2.45E-05,0.623854036,0.00392361,72,49,51,5.35E-04,0.002942761,1,56.59712088,56.59712088,24.7836625,7.57E-07,0.515395954,0.104251326,4.943783187,8.81E-07,0.521918408,0.097104731,5.374798943,9.58E-08,NA,NA,NA,NA,NA,NA,NA,NA,NA,NA,NA,NA,NA,NA,0.062818,0.4618,0.475382,0,0
3323198|.|G|A|.|.|GT,NA,NA,224,121,343,452,39.50617284,78.88307155,2.439534491,1.55E-11,3.93E-07,3.36E-09,56,37,36,0.022241389,0.044046546,1,106.8021897,106.8021897,46.60645261,1.52E-11,0.769589214,0.112036094,6.869118593,1.06E-11,0.546352654,0.108418949,5.039272739,5.56E-07,NA,NA,NA,NA,NA,NA,NA,NA,NA,NA,NA,NA,NA,NA,0.061969,0.303905,0,0,0.634126
3254286|.|A|G|.|.|GT,NA,NA,294,225,273,348,51.85185185,60.73298429,1.665641026,2.36E-05,0.598728379,0.001547102,86,54,57,0.003353275,0.022982592,1,57.97576028,57.97576028,24.93798145,7.00E-07,0.566909072,0.104126141,5.444445218,6.36E-08,0.329440856,0.099274135,3.318496379,9.38E-04,NA,NA,NA,NA,NA,NA,NA,NA,NA,NA,NA,NA,NA,NA,0.060272,0.48472,0,0,0.455008
1433517|.|C|G|.|.|GT,NA,NA,391,321,176,252,68.95943563,43.97905759,1.744052676,7.74E-06,0.197106989,0.002348385,77,52,51,0.002799054,0.005870708,1,67.83152313,67.83152313,29.48105899,7.12E-08,0.517363127,0.107380694,4.818027409,1.65E-06,0.461093445,0.099821014,4.619202167,4.36E-06,NA,NA,NA,NA,NA,NA,NA,NA,NA,NA,NA,NA,NA,NA,0.059423,0,0.375212,0,0.565365
1539431|.|G|C|.|.|GT,NA,NA,244,164,323,409,43.0335097,71.37870855,1.883938685,3.95E-07,0.010057685,1.48E-04,66,47,42,7.56E-04,0.035582724,1,94.78295744,94.78295744,41.03288567,2.32E-10,0.646268587,0.107881099,5.990563599,2.80E-09,0.435866596,0.104494498,4.171191849,3.30E-05,HF536482,1539431,snp,G,C,C:148 G:0,NA,NA,NA,NA,NA,NA,NA,NA,0.057725,0,0.357385,0,0.58489
2286412|.|A|C|.|.|GT,NA,NA,407,353,160,220,71.78130511,38.39441536,1.585339943,2.71E-04,1,0.040509277,82,52,56,0.001220382,0.019826916,1,74.4130559,74.4130559,32.51172699,1.57E-08,0.546250698,0.110239978,4.955105302,8.32E-07,0.528582323,0.102465356,5.158644257,3.01E-07,NA,NA,NA,NA,NA,NA,NA,NA,NA,NA,NA,NA,NA,NA,0.057725,0.328523,0.613752,0,0
2710173|.|A|C|.|.|GT,NA,NA,302,229,265,344,53.2627866,60.03490401,1.711922221,8.23E-06,0.208023894,0.001292074,68,45,44,0.010337661,0.020526934,1,42.25925535,42.25925535,18.27285859,2.10E-05,0.432950854,0.104512186,4.142587278,3.69E-05,0.398388657,0.098947877,4.026247665,6.10E-05,HF536482,2710173,snp,A,C,C:150 A:0,NA,NA,NA,NA,NA,NA,NA,NA,0.057725,0.47708,0.465195,0,0
2710175|.|G|T|.|.|GT,NA,NA,299,228,268,345,52.73368607,60.20942408,1.688187353,1.41E-05,0.356839486,0.002027497,65,42,43,0.012502546,0.024811975,1,42.13176778,42.13176778,18.22558725,2.15E-05,0.419892279,0.104598859,4.014310304,6.35E-05,0.403634857,0.098947366,4.079288553,4.88E-05,NA,NA,NA,NA,NA,NA,NA,NA,NA,NA,NA,NA,NA,NA,0.057725,0,0,0.4618,0.480475
2710176|.|A|G|.|.|GT,NA,NA,299,228,268,345,52.73368607,60.20942408,1.688187353,1.41E-05,0.356839486,0.002027497,65,42,43,0.012502546,0.024811975,1,42.13176778,42.13176778,18.22558725,2.15E-05,0.419892279,0.104598859,4.014310304,6.35E-05,0.403634857,0.098947366,4.079288553,4.88E-05,NA,NA,NA,NA,NA,NA,NA,NA,NA,NA,NA,NA,NA,NA,0.057725,0.480475,0,0,0.4618
2709452|.|A|T|.|.|GT,NA,NA,265,189,302,384,46.7372134,67.01570681,1.782823505,2.31E-06,0.058290083,4.22E-04,65,45,46,0.001090084,0.002626377,1,78.81594267,78.81594267,34.38519512,6.17E-09,0.576059374,0.105928276,5.438202098,6.58E-08,0.4979985,0.099316187,5.014273272,6.32E-07,HF536482,2709452,snp,A,T,T:185 A:0,NA,NA,NA,NA,NA,NA,NA,NA,0.056876,0.547538,0,0.395586,0
2941833|.|G|A|.|.|GT,NA,NA,278,209,289,364,49.02998236,63.52530541,1.675336501,2.09E-05,0.529616148,0.004236929,67,43,48,5.22E-04,0.027119992,1,59.44183476,59.44183476,25.64861363,4.89E-07,0.467818745,0.105272761,4.443872666,9.70E-06,0.373579559,0.099430284,3.757200959,1.82E-04,HF536482,2941833,snp,G,A,A:145 G:0,NA,NA,NA,NA,NA,NA,NA,NA,0.056876,0.424448,0,0,0.518676
3273941|.|C|T|.|.|GT,NA,NA,378,307,189,266,66.66666667,46.42233857,1.732899023,7.41E-06,0.187750694,5.51E-04,105,66,65,0.010817906,0.018740915,1,39.41342253,39.41342253,16.84667546,4.39E-05,0.391296985,0.106587421,3.671136634,2.53E-04,0.220863891,0.101205467,2.182331623,0.029321665,HF536482,3273941,snp,C,T,T:138 C:1,NA,NA,NA,NA,NA,NA,NA,NA,0.056876,0,0.34635,0.596774,0
1148129|.|A|G|.|.|GT,NA,NA,265,199,302,374,46.7372134,65.27050611,1.649139738,4.08E-05,1,0.003887942,58,38,39,0.01192814,0.024746036,1,75.9783394,75.9783394,33.16227978,1.13E-08,0.543750057,0.105693481,5.14459408,3.16E-07,0.506229899,0.100052834,5.059625791,5.01E-07,NA,NA,NA,NA,NA,NA,NA,NA,NA,NA,NA,NA,NA,NA,0.056027,0.533107,0,0,0.410866
1148130|.|C|G|.|.|GT,NA,NA,265,199,302,374,46.7372134,65.27050611,1.649139738,4.08E-05,1,0.003887942,58,38,39,0.01192814,0.024746036,1,75.9783394,75.9783394,33.16227978,1.13E-08,0.543750057,0.105693481,5.14459408,3.16E-07,0.506229899,0.100052834,5.059625791,5.01E-07,NA,NA,NA,NA,NA,NA,NA,NA,NA,NA,NA,NA,NA,NA,0.056027,0,0.533107,0,0.410866
2710188|.|G|A|.|.|GT,NA,NA,302,228,265,345,53.2627866,60.20942408,1.724428997,6.21E-06,0.15683398,0.001005346,67,45,43,0.006741447,0.027119992,1,42.25925535,42.25925535,18.27285859,2.10E-05,0.443524742,0.104486183,4.244817142,2.37E-05,0.398388657,0.098947877,4.026247665,6.10E-05,NA,NA,NA,NA,NA,NA,NA,NA,NA,NA,NA,NA,NA,NA,0.056027,0.464346,0,0,0.479626
2710191|.|C|T|.|.|GT,NA,NA,299,227,268,346,52.73368607,60.38394415,1.700539154,1.07E-05,0.270786023,0.001611822,64,42,42,0.01685819,0.01685819,1,42.13176778,42.13176778,18.22558725,2.15E-05,0.430478922,0.104574997,4.116461245,4.13E-05,0.403634857,0.098947366,4.079288553,4.88E-05,NA,NA,NA,NA,NA,NA,NA,NA,NA,NA,NA,NA,NA,NA,0.056027,0,0.483022,0.460951,0
2440993|.|G|T|.|.|GT,NA,NA,371,313,196,260,65.43209877,45.37521815,1.572341397,2.24E-04,1,0.019524485,73,50,46,0.002118173,0.034415914,1,33.39835179,33.39835179,14.29425303,1.66E-04,0.384784352,0.106608253,3.609329865,3.20E-04,0.247796165,0.100752146,2.459462892,0.014086156,NA,NA,NA,NA,NA,NA,NA,NA,NA,NA,NA,NA,NA,NA,0.055178,0,0,0.598472,0.34635
2995198|.|A|C|.|.|GT,NA,NA,382,324,185,249,67.37213404,43.45549738,1.586886887,1.96E-04,1,0.031350327,77,52,49,0.002799054,0.022033459,1,49.38563534,49.38563534,21.21775528,4.64E-06,0.475245237,0.10720522,4.43304196,1.02E-05,0.318387587,0.101527403,3.135976868,0.001763817,NA,NA,NA,NA,NA,NA,NA,NA,NA,NA,NA,NA,NA,NA,0.055178,0.372666,0.572156,0,0
2470484|.|A|G|.|.|GT,NA,NA,297,239,270,334,52.38095238,58.28970332,1.537238494,3.66E-04,1,0.029253857,65,43,45,0.002626377,0.012502546,1,50.65750991,50.65750991,21.95689038,3.18E-06,0.441493922,0.104432241,4.227563403,2.55E-05,0.420385129,0.097456308,4.313575376,1.77E-05,NA,NA,NA,NA,NA,NA,NA,NA,NA,NA,NA,NA,NA,NA,0.054329,0.533107,0,0,0.412564
4937098|.|A|G,T|.|.|GT,NA,278,220,289,353,49.02998236,61.60558464,1.54347279,3.37E-04,1,0.045751242,172,114,104,2.35E-05,0.007433865,1,48.53845942,48.53845942,20.90657824,5.44E-06,0.429045647,0.105132228,4.081009764,4.80E-05,0.34702998,0.098777199,3.513259984,4.63E-04,NA,NA,NA,NA,NA,NA,NA,NA,NA,NA,NA,NA,NA,NA,0.052632,0.50764,0,8.49E-04,0.438879
450193|.|C|T,A|.|.|GT,NA,234,176,333,397,41.26984127,69.28446771,1.58507371,2.13E-04,1,0.030683107,161,102,97,8.76E-04,0.011437303,1,27.43688691,27.43688691,11.82944913,6.08E-04,0.351711849,0.108894719,3.229833832,0.001274053,0.373156366,0.102193494,3.651468898,2.75E-04,HF536482,450193,snp,C,T,T:105 C:0,CDS,+,187/336,63/111,missense_variant c.187C>T p.His63Tyr,BN373_04161,NA,conserved hypothetical protein,0.051783,8.49E-04,0.589983,0.357385,0
4048970|.|A|G|.|.|GT,NA,NA,357,296,210,277,62.96296296,48.34205934,1.590878378,1.26E-04,1,0.015623754,88,54,56,0.013750386,0.042210612,1,101.2326148,101.2326148,44.17101347,4.98E-11,0.55303024,0.104909079,5.271519371,1.62E-07,0.495153535,0.098479252,5.027998519,5.89E-07,NA,NA,NA,NA,NA,NA,NA,NA,NA,NA,NA,NA,NA,NA,0.050934,0.428693,0,0,0.520374
4048981|.|A|G|.|.|GT,NA,NA,317,260,250,313,55.90828924,54.62478185,1.526476923,3.83E-04,1,0.040205518,84,53,54,0.011634454,0.02138319,1,87.73569012,87.73569012,38.01701407,1.02E-09,0.49082541,0.104046029,4.717387221,2.69E-06,0.42285214,0.09879669,4.280023334,2.05E-05,NA,NA,NA,NA,NA,NA,NA,NA,NA,NA,NA,NA,NA,NA,0.050934,0.447368,0,0,0.501698
1686822|.|C|T|.|.|GT,NA,NA,378,299,189,274,66.66666667,47.81849913,1.83277592,7.29E-07,0.018630802,2.36E-04,85,54,55,0.008836206,0.016508822,1,57.85488562,57.85488562,25.21882706,6.08E-07,0.545990705,0.10568333,5.166289733,2.82E-07,0.486761364,0.098784863,4.927489399,9.77E-07,NA,NA,NA,NA,NA,NA,NA,NA,NA,NA,NA,NA,NA,NA,0.050085,0,0.404075,0.54584,0
3273956|.|G|T|.|.|GT,NA,NA,289,212,278,361,50.97001764,63.0017452,1.770208362,2.35E-06,0.059480373,1.95E-04,97,59,69,3.80E-05,0.041729321,1,70.96777003,70.96777003,30.79523323,3.69E-08,0.55859577,0.104548549,5.34293183,1.10E-07,0.438439392,0.098662305,4.443838921,9.84E-06,HF536482,3273956,snp,G,T,T:140 G:0,NA,NA,NA,NA,NA,NA,NA,NA,0.050085,0,0,0.442275,0.50764
5117782|.|A|C|.|.|GT,NA,NA,330,267,237,306,58.2010582,53.40314136,1.595790073,9.11E-05,1,0.018762591,77,56,49,8.22E-05,0.022033459,1,75.0670153,75.0670153,32.38656828,1.67E-08,0.459099928,0.10428428,4.402388641,1.17E-05,0.367054815,0.098139953,3.740116063,1.95E-04,NA,NA,NA,NA,NA,NA,NA,NA,NA,NA,NA,NA,NA,NA,0.050085,0.427844,0.522071,0,0
2709322|.|G|A|.|.|GT,NA,NA,260,200,307,373,45.85537919,65.09598604,1.579478827,1.81E-04,1,0.018622602,60,40,41,0.006217603,0.013489294,1,66.82511907,66.82511907,29.12366208,8.52E-08,0.545581383,0.10583446,5.155044819,2.99E-07,0.485875694,0.098976627,4.908994238,1.07E-06,HF536482,2709322,snp,G,A,A:171 G:0,NA,NA,NA,NA,NA,NA,NA,NA,0.049236,0.39983,0,0,0.550934
4069009|.|G|A|.|.|GT,NA,NA,325,251,242,322,57.31922399,56.19546248,1.722860624,5.10E-06,0.13020707,8.98E-04,77,49,52,0.002799054,0.022033459,1,105.6405345,105.6405345,46.43390024,1.65E-11,0.58508361,0.103614764,5.6467205,2.06E-08,0.555031269,0.097069772,5.717858967,1.43E-08,NA,NA,NA,NA,NA,NA,NA,NA,NA,NA,NA,NA,NA,NA,0.049236,0.459253,0,0,0.491511
3980595|.|A|G|.|.|GT,NA,NA,313,248,254,325,55.20282187,56.71902269,1.614887605,7.08E-05,1,0.009767881,81,53,50,0.007275502,0.044828522,1,40.33005213,40.33005213,17.51862323,3.10E-05,0.435843434,0.104269271,4.179979671,3.14E-05,0.444080029,0.097411909,4.558785792,5.79E-06,NA,NA,NA,NA,NA,NA,NA,NA,NA,NA,NA,NA,NA,NA,0.049236,0.512733,0,0,0.438031
3678220|.|G|A|.|.|GT,NA,NA,315,242,252,331,55.55555556,57.76614311,1.709710744,8.59E-06,0.21860425,0.002281463,69,49,47,6.36E-04,0.003544813,1,79.96028094,79.96028094,34.60385468,5.54E-09,0.518942821,0.103945687,4.992442073,6.89E-07,0.40498658,0.098078666,4.129201553,3.95E-05,HF536482,3678220,snp,G,A,A:186 G:0,CDS,+,569/1233,190/410,missense_variant c.569G>A p.Ser190Asn,BN373_34901,NA,"transporter, major facilitator family",0.048387,0.489813,0,0,0.4618
4054295|.|C|T|.|.|GT,NA,NA,208,137,359,436,36.68430335,76.09075044,1.843889149,3.26E-06,0.08315466,5.90E-04,47,31,32,0.018623837,0.039986057,1,111.2737628,111.2737628,48.63187953,5.67E-12,0.659697905,0.11265037,5.856153918,6.19E-09,0.554158084,0.106785497,5.18945082,2.56E-07,NA,NA,NA,NA,NA,NA,NA,NA,NA,NA,NA,NA,NA,NA,0.048387,0,0.651952,0.29966,0
4061611|.|A|C|.|.|GT,NA,NA,551,520,16,53,97.17813051,9.2495637,3.509975962,4.93E-06,0.125754159,8.73E-04,33,28,9,6.62E-05,0.013530987,1,26.03836454,26.03836454,11.22193454,8.39E-04,0.779385678,0.217569063,3.582244961,3.55E-04,0.74624443,0.207521407,3.595987705,3.39E-04,NA,NA,NA,NA,NA,NA,NA,NA,NA,NA,NA,NA,NA,NA,0.048387,0.058574,0.893039,0,0
941543|.|G|A|.|.|GT,NA,NA,340,282,227,291,59.96472663,50.78534031,1.5455994,2.85E-04,1,0.044214794,76,53,48,7.65E-04,0.028626656,1,37.70501429,37.70501429,16.1732788,6.22E-05,0.368101571,0.104907572,3.508817929,4.68E-04,0.284010741,0.09894587,2.870364785,0.00418809,HF536482,941543,snp,G,A,A:149 G:1,NA,NA,NA,NA,NA,NA,NA,NA,0.047538,0.541596,0,0,0.410866
3164860|.|T|C|.|.|GT,NA,NA,309,228,258,345,54.4973545,60.20942408,1.812270502,8.09E-07,0.020539208,1.31E-04,79,52,52,0.006553298,0.006553298,1,113.4347541,113.4347541,49.77617347,3.25E-12,0.595656396,0.103734951,5.74209938,1.20E-08,0.539004688,0.096818563,5.567162643,3.34E-08,NA,NA,NA,NA,NA,NA,NA,NA,NA,NA,NA,NA,NA,NA,0.046689,0,0.425297,0.528014,0
3164746|.|A|T|.|.|GT,NA,NA,326,271,241,302,57.49559083,52.70506108,1.507433664,5.86E-04,1,0.04441981,81,50,58,1.27E-04,0.044828522,1,40.53789274,40.53789274,17.36123038,3.36E-05,0.431790646,0.104386734,4.136451346,3.79E-05,0.256014226,0.098965042,2.586915753,0.009826873,NA,NA,NA,NA,NA,NA,NA,NA,NA,NA,NA,NA,NA,NA,0.046689,0.426146,0,0.527165,0
3164759|.|C|A|.|.|GT,NA,NA,326,271,241,302,57.49559083,52.70506108,1.507433664,5.86E-04,1,0.04441981,81,50,58,1.27E-04,0.044828522,1,40.53789274,40.53789274,17.36123038,3.36E-05,0.431790646,0.104386734,4.136451346,3.79E-05,0.256014226,0.098965042,2.586915753,0.009826873,NA,NA,NA,NA,NA,NA,NA,NA,NA,NA,NA,NA,NA,NA,0.046689,0.527165,0.426146,0,0
3164762|.|C|A|.|.|GT,NA,NA,326,271,241,302,57.49559083,52.70506108,1.507433664,5.86E-04,1,0.04441981,81,50,58,1.27E-04,0.044828522,1,40.53789274,40.53789274,17.36123038,3.36E-05,0.431790646,0.104386734,4.136451346,3.79E-05,0.256014226,0.098965042,2.586915753,0.009826873,NA,NA,NA,NA,NA,NA,NA,NA,NA,NA,NA,NA,NA,NA,0.046689,0.527165,0.426146,0,0
1269148|.|A|G|.|.|GT,NA,NA,191,133,376,440,33.68606702,76.78883072,1.680531115,1.04E-04,1,0.010031473,43,30,30,0.013718185,0.013718185,1,70.76153087,70.76153087,30.75731344,3.76E-08,0.567053695,0.115234709,4.920858467,9.89E-07,0.501938464,0.108431067,4.62910194,4.17E-06,NA,NA,NA,NA,NA,NA,NA,NA,NA,NA,NA,NA,NA,NA,0.04584,0.667233,0,0,0.286927
1269149|.|T|C|.|.|GT,NA,NA,191,133,376,440,33.68606702,76.78883072,1.680531115,1.04E-04,1,0.010031473,43,30,30,0.013718185,0.013718185,1,70.76153087,70.76153087,30.75731344,3.76E-08,0.567053695,0.115234709,4.920858467,9.89E-07,0.501938464,0.108431067,4.62910194,4.17E-06,NA,NA,NA,NA,NA,NA,NA,NA,NA,NA,NA,NA,NA,NA,0.04584,0,0.286927,0.667233,0
4375148|.|T|G|.|.|GT,NA,NA,343,278,224,295,60.49382716,51.48342059,1.62488759,5.23E-05,1,0.009457208,82,51,55,0.002642493,0.03524144,1,35.14124481,35.14124481,15.09457203,1.09E-04,0.3751389,0.104869049,3.577212749,3.62E-04,0.307390615,0.099120406,3.101183978,0.001982538,NA,NA,NA,NA,NA,NA,NA,NA,NA,NA,NA,NA,NA,NA,0.044992,0,0,0.416808,0.5382
4900910|.|G|A|.|.|GT,NA,NA,446,394,121,179,78.65961199,31.2390925,1.674581533,1.62E-04,1,0.026032189,76,52,48,0.001761872,0.028626656,1,45.80156359,45.80156359,19.67589381,1.02E-05,0.547612243,0.11817164,4.634041139,4.00E-06,0.349280029,0.111959396,3.119702697,0.001863199,NA,NA,NA,NA,NA,NA,NA,NA,NA,NA,NA,NA,NA,NA,0.044143,0.694397,0,0,0.26146
93313|.|C|T|.|.|GT,NA,NA,317,258,250,315,55.90828924,54.97382199,1.548139535,2.43E-04,1,0.034607814,60,40,39,0.013489294,0.027340134,1,55.45023111,55.45023111,23.86740978,1.20E-06,0.420562354,0.104313978,4.031697018,5.91E-05,0.336998049,0.098655638,3.415902586,6.62E-04,NA,NA,NA,NA,NA,NA,NA,NA,NA,NA,NA,NA,NA,NA,0.043294,0,0.45416,0.502547,0
2480742|.|C|A|.|.|GT,NA,NA,361,296,206,277,63.66843034,48.34205934,1.639940304,4.53E-05,1,0.005029529,68,49,44,3.58E-04,0.020526934,1,63.53409468,63.53409468,27.59251952,1.84E-07,0.491016564,0.105265437,4.664556342,3.46E-06,0.445339707,0.098161498,4.536806351,6.42E-06,HF536482,2480742,snp,C,A,A:184 C:0,CDS,+,710/726,237/241,missense_variant c.710C>A p.Thr237Lys,BN373_23561,NA,class I glutamine amidotransferase family protein,0.043294,0.575552,0.381154,0,0
4374915|.|C|T|.|.|GT,NA,NA,260,196,307,377,45.85537919,65.79406632,1.628996876,6.54E-05,1,0.011493195,56,36,43,7.33E-05,0.044046546,1,108.5768808,108.5768808,47.1777777,1.15E-11,0.580160417,0.105828419,5.482085249,5.17E-08,0.459421321,0.100063602,4.59129306,4.98E-06,NA,NA,NA,NA,NA,NA,NA,NA,NA,NA,NA,NA,NA,NA,0.043294,0,0.60017,0.356537,0
2165596|.|G|A|.|.|GT,NA,NA,299,238,268,335,52.73368607,58.46422339,1.570378151,1.83E-04,1,0.022710771,71,46,49,0.001820405,0.016994653,1,48.35000673,48.35000673,20.86164111,5.56E-06,0.401403904,0.104552066,3.839272788,1.30E-04,0.366758773,0.097771798,3.751171397,1.86E-04,NA,NA,NA,NA,NA,NA,NA,NA,NA,NA,NA,NA,NA,NA,0.042445,0.466044,0,0,0.491511
2043385|.|G|A|.|.|GT,NA,NA,268,198,299,375,47.26631393,65.44502618,1.697577785,1.41E-05,0.358178266,0.002436587,58,37,40,0.00535486,0.047940324,1,24.83295999,24.83295999,10.65022545,0.001138588,0.339183665,0.106369836,3.188720381,0.001468013,0.283381951,0.099677185,2.842997115,0.004561888,NA,NA,NA,NA,NA,NA,NA,NA,NA,NA,NA,NA,NA,NA,0.041596,0.410866,0,0,0.547538
3630913|.|G|A|.|.|GT,NA,NA,273,209,294,364,48.14814815,63.52530541,1.61722488,7.49E-05,1,0.010642048,111,70,69,0.007584812,0.013233608,1,30.16989948,30.16989948,12.94889031,3.36E-04,0.382877541,0.105717763,3.621695437,3.06E-04,0.294069335,0.098957865,2.971662083,0.003034197,NA,NA,NA,NA,NA,NA,NA,NA,NA,NA,NA,NA,NA,NA,0.041596,0.419355,0,0,0.539049
2165765|.|G|T|.|.|GT,NA,NA,461,411,106,162,81.30511464,28.27225131,1.714226691,1.57E-04,1,0.019893112,61,43,39,0.001868101,0.039617015,1,42.32511053,42.32511053,18.17205378,2.21E-05,0.469045159,0.122921267,3.815817806,1.43E-04,0.350253068,0.11568659,3.027602999,0.002529441,HF536482,2165765,snp,G,T,T:151 G:0,CDS,-,392/675,131/224,missense_variant c.392C>A p.Ala131Glu,BN373_20401,NA,putative o-methyltransferase,0.040747,0,0,0.760611,0.198642
2982817|.|C|T|.|.|GT,NA,NA,393,336,174,237,69.31216931,41.36125654,1.593134236,2.11E-04,1,0.032445335,80,53,53,0.004868154,0.004868154,1,45.8482287,45.8482287,19.87303045,9.23E-06,0.474607505,0.108484208,4.374899465,1.33E-05,0.440307058,0.101983057,4.317453021,1.74E-05,NA,NA,NA,NA,NA,NA,NA,NA,NA,NA,NA,NA,NA,NA,0.040747,0,0.357385,0.601868,0
3137549|.|G|A|.|.|GT,NA,NA,314,232,253,341,55.37918871,59.5113438,1.824212894,6.07E-07,0.01541316,1.03E-04,82,54,56,0.001220382,0.005435925,1,99.50000102,99.50000102,43.38250258,7.33E-11,0.623582888,0.103498327,6.025052806,2.28E-09,0.483879255,0.09770435,4.952484244,8.62E-07,NA,NA,NA,NA,NA,NA,NA,NA,NA,NA,NA,NA,NA,NA,0.040747,0.440577,0,0,0.518676
4064473|.|A|G|.|.|GT,NA,NA,277,219,290,354,48.85361552,61.78010471,1.543977326,3.35E-04,1,0.035597255,78,55,51,3.78E-04,0.008771714,1,43.4437856,43.4437856,18.5958503,1.78E-05,0.415812822,0.105227663,3.951554264,8.24E-05,0.24695735,0.099445199,2.483351148,0.01318141,HF536482,4064473,snp,A,G,G:139 A:0,CDS,+,682/1017,228/338,missense_variant c.682A>G p.Ile228Val,BN373_38451,pduO,"propanediol utilization protein, PduO",0.040747,0.52292,0,0,0.436333
2978165|.|T|C|.|.|GT,NA,NA,362,303,205,270,63.84479718,47.12041885,1.573532963,1.94E-04,1,0.031322173,73,54,47,5.06E-05,0.018617751,1,31.27485739,31.27485739,13.37579509,2.68E-04,0.381192939,0.105972123,3.597105813,3.36E-04,0.231541077,0.100200032,2.310788449,0.021051172,NA,NA,NA,NA,NA,NA,NA,NA,NA,NA,NA,NA,NA,NA,0.039898,0,0.580645,0.379457,0
3137759|.|C|T|.|.|GT,NA,NA,234,178,333,395,41.26984127,68.93542757,1.559368357,3.50E-04,1,0.02810944,73,47,49,0.004626294,0.018617751,1,56.38551038,56.38551038,24.43203444,9.05E-07,0.467035998,0.108454788,4.306273686,1.80E-05,0.43094631,0.100748546,4.277444447,2.08E-05,NA,NA,NA,NA,NA,NA,NA,NA,NA,NA,NA,NA,NA,NA,0.036503,0,0.63837,0.325127,0
2500546|.|C|A|.|.|GT,NA,NA,126,69,441,504,22.22222222,87.95811518,2.086956522,4.75E-06,0.120380421,7.67E-04,23,6,20,4.88E-04,0.034689665,1,88.60345126,88.60345126,38.63083045,7.56E-10,0.770799872,0.137604792,5.601548192,2.66E-08,0.642757551,0.129834587,4.950588038,8.71E-07,HF536482,2500546,snp,C,A,A:128 C:0,CDS,+,596/696,199/231,missense_variant c.596C>A p.Ala199Glu,BN373_23751,NA,TENA/THI-4 family protein,0.033956,0.169779,0.796265,0,0
3826918|.|C|T|.|.|GT,NA,NA,370,308,197,265,65.25573192,46.2478185,1.615960182,8.68E-05,1,0.021682992,81,58,56,1.27E-04,7.52E-04,1,86.25059142,86.25059142,37.75831808,1.16E-09,0.545613093,0.105758912,5.159027085,2.93E-07,0.531003699,0.099278019,5.348653264,1.10E-07,NA,NA,NA,NA,NA,NA,NA,NA,NA,NA,NA,NA,NA,NA,0.031409,0,0.404075,0.564516,0
67863|.|C|T|.|.|GT,NA,NA,343,279,224,294,60.49382716,51.30890052,1.613575269,6.71E-05,1,0.011356877,78,55,50,3.78E-04,0.01685309,1,67.29202689,67.29202689,29.11552498,8.55E-08,0.523034218,0.104344773,5.012557903,6.22E-07,0.405981192,0.098915573,4.104320278,4.39E-05,NA,NA,NA,NA,NA,NA,NA,NA,NA,NA,NA,NA,NA,NA,0.029711,0,0.423599,0.546689,0
663580|.|T|G|.|.|GT,NA,NA,314,239,253,334,55.37918871,58.28970332,1.734433658,4.88E-06,0.124702819,0.001948482,70,47,49,0.001093245,0.005582667,1,48.54884578,48.54884578,20.95834686,5.30E-06,0.448063978,0.104254574,4.297787224,1.87E-05,0.373438417,0.097767922,3.819641563,1.42E-04,HF536482,663580,snp,T,G,G:132 T:0,CDS,-,1313/1608,438/535,missense_variant c.1313A>C p.Asn438Thr,BN373_06131,NA,conserved hypothetical protein,0.029711,0,0,0.48472,0.485569
2097491|.|G|C|.|.|GT,NA,NA,352,284,215,289,62.08112875,50.43630017,1.66603341,2.27E-05,0.57530842,0.003835389,77,49,51,0.005870708,0.022033459,1,66.04432173,66.04432173,28.67219504,1.07E-07,0.547136814,0.10453306,5.234103089,1.97E-07,0.443553611,0.098650657,4.496205353,7.74E-06,NA,NA,NA,NA,NA,NA,NA,NA,NA,NA,NA,NA,NA,NA,0.028862,0,0.560272,0,0.410866
650173|.|G|A|.|.|GT,NA,NA,226,167,341,406,39.85890653,70.85514834,1.611252568,1.45E-04,1,0.038235498,63,42,41,0.011141407,0.022574973,1,80.2967046,80.2967046,35.17434402,4.17E-09,0.498351338,0.109589429,4.54743985,6.01E-06,0.552129058,0.102081841,5.408690227,7.98E-08,HF536482,650173,snp,G,A,A:165 G:0,NA,NA,NA,NA,NA,NA,NA,NA,0.028014,0.340407,0,0,0.631579
2099277|.|G|T|.|.|GT,NA,NA,194,128,373,445,34.21516755,77.66143106,1.808185322,9.94E-06,0.251892954,0.001773894,40,27,27,0.038477308,0.038477308,1,67.84828061,67.84828061,29.27647514,7.89E-08,0.546263296,0.11554327,4.727781153,2.55E-06,0.413446055,0.109967359,3.759716133,1.80E-04,NA,NA,NA,NA,NA,NA,NA,NA,NA,NA,NA,NA,NA,NA,0.027165,0,0,0.283531,0.689304
728588|.|C|T|.|.|GT,NA,NA,388,326,179,247,68.4303351,43.10645724,1.642321006,6.76E-05,1,0.019406353,79,58,52,3.76E-05,0.006553298,1,66.99626624,66.99626624,29.07851943,8.71E-08,0.503190395,0.107491105,4.681228238,3.19E-06,0.451103684,0.100928742,4.469526471,8.75E-06,NA,NA,NA,NA,NA,NA,NA,NA,NA,NA,NA,NA,NA,NA,0.026316,0,0.370968,0.602716,0
1203896|.|C|G|.|.|GT,NA,NA,209,142,358,431,36.86067019,75.21815009,1.771952947,1.23E-05,0.312935977,0.001748246,58,37,44,1.00E-04,0.047940324,1,104.7996532,104.7996532,46.05562888,1.99E-11,0.630991077,0.11232751,5.617422464,2.44E-08,0.602138433,0.105616828,5.701159992,1.57E-08,HF536482,1203896,snp,C,G,G:140 C:0,CDS,-,130/1116,44/371,missense_variant c.130G>C p.Glu44Gln,BN373_11351,NA,putative carboxylate-amine ligase ybdK,0.026316,0,0.667233,0,0.306452
3318708|.|G|A|.|.|GT,NA,NA,353,292,214,281,62.25749559,49.04013962,1.587392779,1.30E-04,1,0.007238921,121,74,84,2.32E-05,0.017729521,1,48.73623394,48.73623394,21.03101454,5.10E-06,0.466914538,0.10506408,4.444092976,9.69E-06,0.372671066,0.098895406,3.768335451,1.74E-04,NA,NA,NA,NA,NA,NA,NA,NA,NA,NA,NA,NA,NA,NA,0.026316,0.564516,0,0,0.409168
2195682|.|A|G|.|.|GT,NA,NA,379,320,188,253,66.84303351,44.15357766,1.593866356,1.61E-04,1,0.020227801,91,62,59,7.05E-04,0.006105521,1,35.48428131,35.48428131,15.23206614,1.02E-04,0.384176137,0.107245783,3.582202739,3.55E-04,0.299012817,0.09979902,2.996149836,0.002802879,NA,NA,NA,NA,NA,NA,NA,NA,NA,NA,NA,NA,NA,NA,0.025467,0.390492,0,0,0.584041
3316952|.|A|G|.|.|GT,NA,NA,434,378,133,195,76.54320988,34.03141361,1.683375104,8.53E-05,1,0.004938864,112,76,71,1.98E-04,0.005890173,1,62.01030278,62.01030278,26.7475507,2.81E-07,0.515079252,0.114911694,4.482391939,8.13E-06,0.401401399,0.1081735,3.710718438,2.18E-04,NA,NA,NA,NA,NA,NA,NA,NA,NA,NA,NA,NA,NA,NA,0.025467,0.28438,0,0,0.690153
3503244|.|G|A|.|.|GT,NA,NA,163,102,404,471,28.74779541,82.19895288,1.863060571,1.31E-05,0.334238623,0.00142837,21,5,18,0.001489639,0.026603699,1,80.82623022,80.82623022,35.52416523,3.51E-09,0.669848906,0.122754438,5.45682026,5.95E-08,0.659564362,0.115487817,5.711116377,1.49E-08,HF536482,3503244,snp,G,A,A:17 G:0,NA,NA,NA,NA,NA,NA,NA,NA,0.025467,0.230051,0,0,0.744482
3824494|.|G|C|.|.|GT,NA,NA,374,312,193,261,65.96119929,45.54973822,1.621064169,8.27E-05,1,0.021070704,81,57,53,3.17E-04,0.007275502,1,24.07172424,24.07172424,10.3656226,0.001325989,0.354740802,0.106739353,3.323430322,9.17E-04,0.347047503,0.099792957,3.477675307,5.28E-04,NA,NA,NA,NA,NA,NA,NA,NA,NA,NA,NA,NA,NA,NA,0.025467,0,0.604414,0,0.370119
4051073|.|A|G|.|.|GT,NA,NA,257,181,310,392,45.32627866,68.41186736,1.795473178,1.99E-06,0.050801568,3.71E-04,44,29,31,0.009559879,0.048766766,1,45.66743176,45.66743176,19.63107474,1.04E-05,0.460766075,0.107118678,4.301454082,1.84E-05,0.325310598,0.100976127,3.221658518,0.001316458,NA,NA,NA,NA,NA,NA,NA,NA,NA,NA,NA,NA,NA,NA,0.025467,0.588285,0,0,0.386248
4165889|.|T|C|.|.|GT,NA,NA,383,325,184,248,67.54850088,43.28097731,1.588361204,1.93E-04,1,0.028168792,89,56,58,0.005544959,0.019186609,1,67.19227315,67.19227315,29.39152916,7.45E-08,0.456174689,0.107374781,4.248434163,2.33E-05,0.526596642,0.099874586,5.272578967,1.65E-07,NA,NA,NA,NA,NA,NA,NA,NA,NA,NA,NA,NA,NA,NA,0.025467,0,0.621392,0.353141,0
4731075|.|A|G|.|.|GT,NA,NA,379,303,188,270,66.84303351,47.12041885,1.796397725,1.75E-06,0.044622393,4.80E-04,77,52,48,0.002799054,0.039539533,1,76.20348346,76.20348346,32.98483501,1.24E-08,0.48541688,0.106168422,4.572139935,5.36E-06,0.413789081,0.099612534,4.153986081,3.55E-05,NA,NA,NA,NA,NA,NA,NA,NA,NA,NA,NA,NA,NA,NA,0.025467,0.370968,0,0,0.603565
461667|.|G|A|.|.|GT,NA,NA,268,194,299,379,47.26631393,66.14310646,1.751060235,4.43E-06,0.113456679,0.001157721,72,45,51,5.35E-04,0.04437092,1,58.44510962,58.44510962,25.3105836,5.80E-07,0.485666837,0.106015433,4.581095617,5.14E-06,0.420812002,0.099885933,4.212925579,2.75E-05,NA,NA,NA,NA,NA,NA,NA,NA,NA,NA,NA,NA,NA,NA,0.024618,0.404924,0,0,0.570458
663729|.|G|A|.|.|GT,NA,NA,364,294,203,279,64.19753086,48.69109948,1.701618578,1.18E-05,0.301952073,0.004026028,83,52,52,0.027534178,0.027534178,1,31.2831145,31.2831145,13.42238484,2.62E-04,0.362403944,0.10578116,3.425978182,6.34E-04,0.290873908,0.09968656,2.917884901,0.003604561,NA,NA,NA,NA,NA,NA,NA,NA,NA,NA,NA,NA,NA,NA,0.024618,0.57725,0,0,0.398132
3270739|.|A|G|.|.|GT,NA,NA,250,171,317,402,44.09171076,70.15706806,1.854004095,6.48E-07,0.016424638,6.02E-05,74,47,48,0.014079981,0.026516833,1,98.36029744,98.36029744,43.18528734,8.07E-11,0.619037733,0.107276555,5.770484823,1.02E-08,0.563825764,0.100372999,5.617305162,2.53E-08,NA,NA,NA,NA,NA,NA,NA,NA,NA,NA,NA,NA,NA,NA,0.024618,0.628183,0,0,0.347199
4051906|.|C|T|.|.|GT,NA,NA,326,267,241,306,57.49559083,53.40314136,1.550282064,2.39E-04,1,0.026610714,83,56,52,0.001931437,0.027534178,1,50.92400452,50.92400452,22.01756127,3.08E-06,0.407525103,0.104432438,3.902284695,1.01E-04,0.390871311,0.097343022,4.015401443,6.39E-05,HF536482,4051906,snp,C,T,T:127 C:0,CDS,-,518/1377,173/458,missense_variant c.518G>A p.Arg173Gln,BN373_38301,cobB,"cobyrinic acid a,c-diamide synthase",0.024618,0,0.453311,0.522071,0
441181|.|G|A|.|.|GT,NA,NA,324,254,243,319,57.14285714,55.67190227,1.674540682,1.54E-05,0.390500037,0.001698917,73,51,51,9.14E-04,9.14E-04,1,34.87164151,34.87164151,15.05476547,1.11E-04,0.379272809,0.104455099,3.630964999,2.95E-04,0.371160775,0.096992801,3.826683754,1.38E-04,NA,NA,NA,NA,NA,NA,NA,NA,NA,NA,NA,NA,NA,NA,0.023769,0.48472,0,0,0.491511
2098730|.|T|G|.|.|GT,NA,NA,22,3,545,570,3.880070547,99.47643979,7.669724771,6.94E-05,1,0.009826323,21,20,2,2.10E-05,2.21E-04,1,70.77254976,70.77254976,30.84267679,3.60E-08,1.655458062,0.355272395,4.659686722,3.54E-06,1.736207197,0.354002284,4.904508454,1.10E-06,HF536482,2098730,snp,T,G,G:170 T:0,CDS,+,111/912,37/303,missense_variant c.111T>G p.Asp37Glu,BN373_19791,NA,NmrA family protein,0.023769,0,0,0.95416,0.022071
4213829|.|A|T|.|.|GT,NA,NA,530,497,37,76,93.47442681,13.26352531,2.190439937,1.50E-04,1,0.016107649,44,37,15,5.30E-06,0.048766766,1,37.03899012,37.03899012,15.85775431,7.33E-05,0.727239103,0.173751899,4.185503053,3.06E-05,0.425401174,0.16840337,2.526084683,0.011690585,NA,NA,NA,NA,NA,NA,NA,NA,NA,NA,NA,NA,NA,NA,0.023769,0.095925,0,0.880306,0
4773406|.|G|A|.|.|GT,NA,NA,243,155,324,418,42.85714286,72.94938918,2.022580645,2.14E-08,5.46E-04,1.65E-05,44,32,29,0.003657767,0.048766766,1,101.398216,101.398216,44.7369572,3.78E-11,0.644325494,0.108584138,5.933882281,3.92E-09,0.616577201,0.102043572,6.042293422,2.16E-09,NA,NA,NA,NA,NA,NA,NA,NA,NA,NA,NA,NA,NA,NA,0.023769,0.348896,0,0,0.627334
1202563|.|G|T|.|.|GT,NA,NA,294,233,273,340,51.85185185,59.33682373,1.571475735,1.80E-04,1,0.015635406,82,52,53,0.010637488,0.019826916,1,27.92868579,27.92868579,11.973622,5.63E-04,0.335053489,0.104867551,3.19501588,0.001436645,0.274451913,0.098719371,2.78012217,0.0055378,NA,NA,NA,NA,NA,NA,NA,NA,NA,NA,NA,NA,NA,NA,0.02292,0,0,0.459253,0.517827
3389331|.|G|A|.|.|GT,NA,NA,282,218,285,355,49.73544974,61.95462478,1.611298889,8.05E-05,1,0.012228627,68,45,45,0.010337661,0.010337661,1,69.86683847,69.86683847,30.2261194,4.90E-08,0.60449013,0.104323981,5.794354504,8.87E-09,0.407592034,0.099646435,4.090382494,4.66E-05,HF536482,3389331,snp,G,A,A:158 G:0,NA,NA,NA,NA,NA,NA,NA,NA,0.02292,0.443973,0,0,0.533107
376856|.|C|T|.|.|GT,NA,NA,328,252,239,321,57.84832451,56.02094241,1.748157003,2.87E-06,0.072814949,4.31E-04,73,49,49,0.004626294,0.004626294,1,64.13865808,64.13865808,27.77784991,1.67E-07,0.495552124,0.104034669,4.763336383,2.15E-06,0.412364447,0.097724043,4.219682637,2.67E-05,NA,NA,NA,NA,NA,NA,NA,NA,NA,NA,NA,NA,NA,NA,0.022071,0,0.465195,0.512733,0
1214035|.|G|A|.|.|GT,NA,NA,248,190,319,383,43.73897707,66.84118674,1.567134136,2.58E-04,1,0.020866763,81,50,52,0.013999474,0.044828522,1,56.61653242,56.61653242,24.4348849,9.04E-07,0.408353535,0.107352218,3.803866772,1.50E-04,0.381156728,0.100670932,3.78616467,1.62E-04,NA,NA,NA,NA,NA,NA,NA,NA,NA,NA,NA,NA,NA,NA,0.022071,0.378608,0,0,0.599321
1922697|.|T|C|.|.|GT,NA,NA,319,243,248,330,56.26102293,57.59162304,1.746814018,3.70E-06,0.093648923,0.001052235,76,53,54,3.13E-04,7.65E-04,1,81.10724332,81.10724332,35.43329395,3.67E-09,0.59567287,0.103569113,5.751452852,1.14E-08,0.503162018,0.097703942,5.149864046,3.15E-07,HF536482,1922697,snp,T,C,C:154 T:0,NA,NA,NA,NA,NA,NA,NA,NA,0.022071,0,0.490662,0.487267,0
2493467|.|A|G|.|.|GT,NA,NA,428,364,139,209,75.48500882,36.47469459,1.767965847,1.20E-05,0.304343123,0.001593419,75,48,48,0.020298407,0.020298407,1,66.58335328,66.58335328,28.94196835,9.33E-08,0.601944285,0.112652254,5.34338429,1.10E-07,0.494248244,0.106705315,4.631899009,4.11E-06,NA,NA,NA,NA,NA,NA,NA,NA,NA,NA,NA,NA,NA,NA,0.022071,0.306452,0,0,0.671477
4369026|.|T|C|.|.|GT,NA,NA,273,181,294,392,48.14814815,68.41186736,2.011049724,1.21E-08,3.08E-04,1.10E-05,66,44,44,0.00921049,0.00921049,1,87.48031696,87.48031696,38.17677637,9.46E-10,0.544788127,0.106073558,5.135946601,3.30E-07,0.50040866,0.099197648,5.044561717,5.41E-07,NA,NA,NA,NA,NA,NA,NA,NA,NA,NA,NA,NA,NA,NA,0.022071,0,0.376061,0.601868,0
4389505|.|A|G|.|.|GT,NA,NA,380,324,187,249,67.01940035,43.45549738,1.561695385,3.19E-04,1,0.043796037,93,61,60,0.003461853,0.006695018,1,26.95889191,26.95889191,11.56171786,7.00E-04,0.359266579,0.107506323,3.341818121,8.59E-04,0.286235799,0.100822902,2.838995846,0.004619006,NA,NA,NA,NA,NA,NA,NA,NA,NA,NA,NA,NA,NA,NA,0.022071,0.359083,0,0,0.618846
1211438|.|C|G|.|.|GT,NA,NA,220,153,347,420,38.80070547,73.29842932,1.740407979,1.70E-05,0.433099171,0.00232849,44,29,30,0.022628841,0.048766766,1,40.38001003,40.38001003,17.32706635,3.42E-05,0.423978833,0.111241435,3.811339115,1.46E-04,0.309008918,0.105354515,2.933039156,0.003434678,HF536482,1211438,snp,C,G,G:130 C:0,CDS,-,884/924,295/307,missense_variant c.884G>C p.Gly295Ala,BN373_11421,NA,putative membrane protein,0.021222,0,0.65365,0,0.325127
2063424|.|C|T|.|.|GT,NA,NA,233,177,334,396,41.09347443,69.10994764,1.560742921,3.45E-04,1,0.036602528,55,36,36,0.030028945,0.030028945,1,66.85095807,66.85095807,28.67608484,1.07E-07,0.534486076,0.108298116,4.935321999,9.19E-07,0.297132747,0.103328225,2.87562036,0.004119576,HF536482,2063424,snp,C,T,T:140 C:0,CDS,-,118/567,40/188,missense_variant c.118G>A p.Ala40Thr,BN373_19481,NA,"intracellular protease, PfpI family",0.021222,0,0.619694,0.359083,0
2218067|.|C|T|.|.|GT,NA,NA,297,238,270,335,52.38095238,58.46422339,1.548319328,2.91E-04,1,0.033813091,77,48,56,8.22E-05,0.039539533,1,58.70330036,58.70330036,25.3942149,5.56E-07,0.475081649,0.10430264,4.554838217,5.81E-06,0.398782272,0.097754945,4.079407657,4.88E-05,NA,NA,NA,NA,NA,NA,NA,NA,NA,NA,NA,NA,NA,NA,0.021222,0,0.510187,0.468591,0
2456618|.|G|A|.|.|GT,NA,NA,279,190,288,383,49.20634921,66.84118674,1.952796053,4.08E-08,0.001032768,1.41E-05,58,39,40,0.00535486,0.01192814,1,95.34314258,95.34314258,41.58627814,1.77E-10,0.605630668,0.105218904,5.755911186,1.11E-08,0.499781583,0.100119367,4.991857215,7.07E-07,NA,NA,NA,NA,NA,NA,NA,NA,NA,NA,NA,NA,NA,NA,0.021222,0.393039,0,0,0.585739
3276021|.|T|C|.|.|GT,NA,NA,244,159,323,414,43.0335097,72.2513089,1.966937321,6.77E-08,0.001715183,7.39E-06,76,50,50,0.00790518,0.00790518,1,109.0048396,109.0048396,47.68579898,8.98E-12,0.652720101,0.108154793,6.035054794,2.15E-09,0.536966094,0.101669649,5.281478803,1.58E-07,NA,NA,NA,NA,NA,NA,NA,NA,NA,NA,NA,NA,NA,NA,0.021222,0,0.353141,0.625637,0
3677876|.|G|A|.|.|GT,NA,NA,410,344,157,229,72.31040564,39.96509599,1.738446156,1.51E-05,0.385211052,0.00347037,74,53,54,9.61E-05,2.56E-04,1,96.47044732,96.47044732,42.15094323,1.34E-10,0.661165045,0.109248371,6.051944211,1.94E-09,0.53425602,0.103465542,5.163613044,2.93E-07,NA,NA,NA,NA,NA,NA,NA,NA,NA,NA,NA,NA,NA,NA,0.021222,0.668081,0,0,0.310696
4549977|.|T|C|.|.|GT,NA,NA,266,199,301,374,46.91358025,65.27050611,1.660862452,3.16E-05,0.805884673,0.007393437,86,59,53,7.32E-04,0.039853629,1,35.79689853,35.79689853,15.41674299,9.22E-05,0.369515111,0.106316764,3.475605337,5.29E-04,0.347496699,0.099369016,3.4970327,4.92E-04,NA,NA,NA,NA,NA,NA,NA,NA,NA,NA,NA,NA,NA,NA,0.021222,0,0.402377,0.576401,0
4979436|.|T|G|.|.|GT,NA,NA,404,348,163,225,71.25220459,39.26701571,1.602496298,2.22E-04,1,0.041048239,74,50,50,0.003372233,0.003372233,1,26.82805045,26.82805045,11.52896436,7.13E-04,0.368287288,0.110314287,3.338527574,8.70E-04,0.327111192,0.103091813,3.173008423,0.001555599,HF536482,4979436,snp,T,G,G:225 T:0,NA,NA,NA,NA,NA,NA,NA,NA,0.021222,0,0,0.320034,0.658744
377003|.|G|A|.|.|GT,NA,NA,266,180,301,393,46.91358025,68.58638743,1.929457364,8.83E-08,0.002242885,2.46E-05,57,37,41,0.001263559,0.033143968,1,119.2377252,119.2377252,52.56676711,8.42E-13,0.681003251,0.105762066,6.439012361,1.77E-10,0.594206332,0.099426725,5.976324088,3.19E-09,NA,NA,NA,NA,NA,NA,NA,NA,NA,NA,NA,NA,NA,NA,0.020374,0.390492,0,0,0.589134
1146509|.|A|G|.|.|GT,NA,NA,341,285,226,288,60.14109347,50.2617801,1.524732184,4.45E-04,1,0.031558105,80,50,57,1.83E-04,0.032992618,1,58.17782757,58.17782757,25.19187259,6.16E-07,0.464172937,0.104660567,4.43503176,1.01E-05,0.412673942,0.098279678,4.198975302,2.93E-05,NA,NA,NA,NA,NA,NA,NA,NA,NA,NA,NA,NA,NA,NA,0.020374,0.427844,0,0,0.551783
1213159|.|A|G|.|.|GT,NA,NA,372,313,195,260,65.60846561,45.37521815,1.584664537,1.75E-04,1,0.015253762,84,56,53,0.002985323,0.02138319,1,29.4205243,29.4205243,12.58181237,4.08E-04,0.411732585,0.106559392,3.86387889,1.18E-04,0.229298144,0.099900265,2.295270616,0.021927918,NA,NA,NA,NA,NA,NA,NA,NA,NA,NA,NA,NA,NA,NA,0.020374,0.373514,0,0,0.606112
2933464|.|G|A|.|.|GT,NA,NA,430,379,137,194,75.8377425,33.85689354,1.606609788,3.30E-04,1,0.047612523,74,53,48,2.56E-04,0.014079981,1,29.23719335,29.23719335,12.56497017,4.12E-04,0.378870989,0.115063944,3.29269949,0.001022809,0.345224673,0.108498358,3.181842379,0.001509398,NA,NA,NA,NA,NA,NA,NA,NA,NA,NA,NA,NA,NA,NA,0.020374,0.690153,0,0,0.289474
3154767|.|C|T|.|.|GT,NA,NA,287,219,280,354,50.61728395,61.78010471,1.656849315,2.95E-05,0.748565725,0.003132074,82,52,58,2.22E-04,0.019826916,1,93.18197828,93.18197828,40.75938876,2.65E-10,0.589279862,0.104265851,5.651705278,2.01E-08,0.515917615,0.097878282,5.271012156,1.67E-07,HF536482,3154767,snp,C,T,T:202 C:0,CDS,-,598/1680,200/559,missense_variant c.598G>A p.Gly200Ser,BN373_30071,NA,putative diguanylate cyclase YedQ,0.020374,0,0.533107,0.44652,0
4162458|.|G|T,A|.|.|GT,NA,277,218,290,355,48.85361552,61.95462478,1.555441316,2.65E-04,1,0.036156121,194,119,121,6.99E-04,0.001943484,1,29.94111427,29.94111427,12.85673858,3.53E-04,0.338653907,0.10549528,3.210133265,0.00136383,0.300396751,0.098524035,3.048969222,0.002357873,NA,NA,NA,NA,NA,NA,NA,NA,NA,NA,NA,NA,NA,NA,0.020374,8.49E-04,0,0.426995,0.551783
983577|.|G|T|.|.|GT,NA,NA,370,306,197,267,65.25573192,46.59685864,1.638797651,5.28E-05,1,0.004542967,93,64,63,3.66E-04,8.10E-04,1,77.89107457,77.89107457,33.94353132,7.69E-09,0.578952853,0.105529059,5.486193638,5.06E-08,0.490881217,0.100174011,4.900285146,1.12E-06,NA,NA,NA,NA,NA,NA,NA,NA,NA,NA,NA,NA,NA,NA,0.019525,0,0,0.57725,0.403226
1175419|.|A|G|.|.|GT,NA,NA,389,325,178,248,68.60670194,43.28097731,1.667623163,4.00E-05,1,0.003846011,73,53,49,1.42E-04,0.004626294,1,60.67953211,60.67953211,26.24646345,3.62E-07,0.453332982,0.107737442,4.207757043,2.78E-05,0.411064275,0.10107098,4.067085095,5.14E-05,NA,NA,NA,NA,NA,NA,NA,NA,NA,NA,NA,NA,NA,NA,0.019525,0.373514,0,0,0.606961
1213177|.|C|T|.|.|GT,NA,NA,270,202,297,371,47.61904762,64.7469459,1.669666967,2.52E-05,0.642317021,0.003195607,73,47,50,0.002118173,0.018617751,1,67.72366641,67.72366641,29.18268716,8.27E-08,0.555075794,0.105361324,5.268306929,1.65E-07,0.356319254,0.099700464,3.573897665,3.69E-04,NA,NA,NA,NA,NA,NA,NA,NA,NA,NA,NA,NA,NA,NA,0.019525,0,0.567912,0.412564,0
1213819|.|A|G|.|.|GT,NA,NA,354,287,213,286,62.43386243,49.91273997,1.656180988,2.90E-05,0.737783718,0.003513256,91,56,61,0.001516513,0.035449595,1,34.58660328,34.58660328,14.84831503,1.24E-04,0.341811917,0.105389098,3.243332798,0.001215725,0.296798607,0.098480789,3.013771629,0.002646525,NA,NA,NA,NA,NA,NA,NA,NA,NA,NA,NA,NA,NA,NA,0.019525,0.419355,0,0,0.561121
1214185|.|G|A|.|.|GT,NA,NA,210,154,357,419,37.03703704,73.12390925,1.600458365,2.88E-04,1,0.022401459,64,41,44,0.003689964,0.032765759,1,55.51713559,55.51713559,24.00066928,1.13E-06,0.484261746,0.111830487,4.330319576,1.62E-05,0.422338726,0.105558881,4.000977669,6.78E-05,NA,NA,NA,NA,NA,NA,NA,NA,NA,NA,NA,NA,NA,NA,0.019525,0.315789,0,0,0.664686
2452335|.|C|T|.|.|GT,NA,NA,294,211,273,362,51.85185185,63.17626527,1.847612104,3.84E-07,0.009726761,9.09E-05,61,41,40,0.009853448,0.020414714,1,67.10055326,67.10055326,29.07975596,8.70E-08,0.539053201,0.104504391,5.158187097,2.94E-07,0.42245113,0.098315038,4.296912626,1.90E-05,NA,NA,NA,NA,NA,NA,NA,NA,NA,NA,NA,NA,NA,NA,0.019525,0,0.537351,0.443124,0
2452308|.|G|C|.|.|GT,NA,NA,300,234,267,339,52.91005291,59.16230366,1.627772976,5.34E-05,1,0.005799896,64,42,41,0.01685819,0.032765759,1,64.39970508,64.39970508,27.81053132,1.65E-07,0.505358921,0.104177518,4.850940291,1.40E-06,0.378313955,0.097917562,3.863596538,1.19E-04,NA,NA,NA,NA,NA,NA,NA,NA,NA,NA,NA,NA,NA,NA,0.019525,0,0.466044,0,0.514431
1143544|.|T|C|.|.|GT,NA,NA,267,184,300,389,47.08994709,67.88830716,1.881576087,2.52E-07,0.006382804,4.07E-05,54,36,40,5.35E-04,0.019834327,1,94.72534822,94.72534822,41.17363366,2.16E-10,0.623526054,0.105815327,5.892587321,5.00E-09,0.462425393,0.09988555,4.629552447,4.16E-06,NA,NA,NA,NA,NA,NA,NA,NA,NA,NA,NA,NA,NA,NA,0.018676,0,0.377759,0.603565,0
1144098|.|T|C|.|.|GT,NA,NA,350,283,217,290,61.72839506,50.61082024,1.652798359,2.99E-05,0.757572839,0.00298257,78,49,53,0.00203114,0.030786496,1,47.34157041,47.34157041,20.29425391,7.44E-06,0.411507112,0.104991823,3.919420575,9.41E-05,0.275843185,0.099878205,2.761795574,0.005855814,NA,NA,NA,NA,NA,NA,NA,NA,NA,NA,NA,NA,NA,NA,0.018676,0,0.554329,0.426995,0
2452326|.|A|C|.|.|GT,NA,NA,319,237,248,336,56.26102293,58.63874346,1.82360147,6.16E-07,0.015614102,1.39E-04,63,43,41,0.005152397,0.022574973,1,56.4415146,56.4415146,24.50058186,8.74E-07,0.530342732,0.103899532,5.104380374,3.89E-07,0.435245084,0.097067214,4.483955663,8.19E-06,NA,NA,NA,NA,NA,NA,NA,NA,NA,NA,NA,NA,NA,NA,0.018676,0.494058,0.487267,0,0
2452347|.|T|C|.|.|GT,NA,NA,279,202,288,371,49.20634921,64.7469459,1.779238861,2.09E-06,0.053063794,3.76E-04,62,42,40,0.007148734,0.030015864,1,62.76995165,62.76995165,27.20125087,2.24E-07,0.513962229,0.105258028,4.882879147,1.19E-06,0.423918838,0.098826587,4.289522216,1.97E-05,NA,NA,NA,NA,NA,NA,NA,NA,NA,NA,NA,NA,NA,NA,0.018676,0,0.421053,0.560272,0
2463217|.|T|G|.|.|GT,NA,NA,314,252,253,321,55.37918871,56.02094241,1.580933559,1.48E-04,1,0.014117709,69,45,50,2.44E-04,0.015432297,1,41.88791756,41.88791756,18.05803467,2.35E-05,0.444456812,0.104223624,4.264453618,2.17E-05,0.355563517,0.097779043,3.636397992,2.91E-04,NA,NA,NA,NA,NA,NA,NA,NA,NA,NA,NA,NA,NA,NA,0.018676,0,0,0.489813,0.491511
76561|.|C|T|.|.|GT,NA,NA,230,152,337,421,40.5643739,73.47294939,1.890324848,6.70E-07,0.017110509,2.04E-04,66,42,46,0.00185823,0.035582724,1,102.9296933,102.9296933,45.03838379,3.26E-11,0.632060215,0.109688601,5.762314493,1.07E-08,0.558534348,0.105320782,5.30317317,1.41E-07,HF536482,76561,snp,C,T,T:138 C:0,CDS,+,28/858,10/285,missense_variant c.28C>T p.Pro10Ser,BN373_00681,NA,"ABC transporter, permease protein",0.017827,0,0.648557,0.333616,0
374883|.|A|G|.|.|GT,NA,NA,313,241,254,332,55.20282187,57.94066318,1.69758552,1.13E-05,0.286653488,0.00130892,81,52,54,0.003596348,0.013999474,1,46.79854756,46.79854756,20.17284447,7.92E-06,0.404558956,0.104405406,3.874885146,1.13E-04,0.352646413,0.097373339,3.621591034,3.08E-04,NA,NA,NA,NA,NA,NA,NA,NA,NA,NA,NA,NA,NA,NA,0.017827,0.506791,0,0,0.475382
1196885|.|C|G|.|.|GT,NA,NA,351,280,216,293,61.9047619,51.13438045,1.700446429,1.03E-05,0.259978978,0.001158352,88,58,56,0.003746509,0.013750386,1,38.52194747,38.52194747,16.49142869,5.28E-05,0.42034266,0.104899922,4.007082667,6.55E-05,0.250424921,0.099714601,2.511416758,0.012184497,NA,NA,NA,NA,NA,NA,NA,NA,NA,NA,NA,NA,NA,NA,0.017827,0,0.424448,0,0.557725
1152783|.|C|T|.|.|GT,NA,NA,331,266,236,307,58.37742504,53.57766143,1.618723716,5.53E-05,1,0.005111921,76,54,48,3.13E-04,0.028626656,1,31.05892304,31.05892304,13.26377617,2.85E-04,0.317472407,0.104755595,3.030600971,0.002495811,0.194139769,0.098567108,1.969620212,0.049162933,NA,NA,NA,NA,NA,NA,NA,NA,NA,NA,NA,NA,NA,NA,0.017827,0,0.4618,0.520374,0
2461325|.|C|G|.|.|GT,NA,NA,299,233,268,340,52.73368607,59.33682373,1.628018705,5.31E-05,1,0.005799896,66,43,45,0.004272405,0.01865726,1,59.15432834,59.15432834,25.57205558,5.08E-07,0.490538095,0.104288374,4.703669989,2.87E-06,0.393425723,0.098453824,3.996043099,6.92E-05,NA,NA,NA,NA,NA,NA,NA,NA,NA,NA,NA,NA,NA,NA,0.017827,0,0.518676,0,0.463497
2780900|.|C|T|.|.|GT,NA,NA,233,165,334,408,41.09347443,71.20418848,1.724986391,1.36E-05,0.343590281,0.001974657,64,44,42,0.003689964,0.01685819,1,88.94455532,88.94455532,38.55339105,7.85E-10,0.564515137,0.108908647,5.183382173,2.58E-07,0.447200463,0.103568957,4.317900592,1.74E-05,NA,NA,NA,NA,NA,NA,NA,NA,NA,NA,NA,NA,NA,NA,0.017827,0,0.651104,0.33107,0
2748620|.|C|T|.|.|GT,NA,NA,339,271,228,302,59.78835979,52.70506108,1.656923674,2.48E-05,0.626137921,0.003272306,71,48,52,1.12E-04,0.004065116,1,56.98544049,56.98544049,24.52779511,8.62E-07,0.443045197,0.104487971,4.240155043,2.41E-05,0.338770254,0.099245716,3.413449663,6.68E-04,NA,NA,NA,NA,NA,NA,NA,NA,NA,NA,NA,NA,NA,NA,0.017827,0,0.450764,0.531409,0
2737601|.|A|G|.|.|GT,NA,NA,277,217,290,356,48.85361552,62.12914485,1.567010965,2.09E-04,1,0.020663183,73,48,53,1.42E-04,0.009542211,1,53.29238169,53.29238169,23.02414834,1.85E-06,0.408823497,0.105301842,3.882396434,1.09E-04,0.386436769,0.098568777,3.920478466,9.45E-05,NA,NA,NA,NA,NA,NA,NA,NA,NA,NA,NA,NA,NA,NA,0.017827,0.570458,0,0,0.411715
442196|.|G|A|.|.|GT,NA,NA,216,151,351,422,38.0952381,73.64746946,1.719816607,2.77E-05,0.702826067,0.002745414,47,31,36,3.46E-04,0.039986057,1,92.83624656,92.83624656,40.33643872,3.27E-10,0.576662778,0.111033372,5.193598734,2.44E-07,0.484429907,0.105627048,4.586229723,5.10E-06,NA,NA,NA,NA,NA,NA,NA,NA,NA,NA,NA,NA,NA,NA,0.016978,0.306452,0,0,0.67657
774147|.|G|C|.|.|GT,NA,NA,295,226,272,347,52.02821869,60.55846422,1.665229698,2.38E-05,0.607408071,0.004218112,67,46,45,0.003065318,0.006741447,1,40.39421007,40.39421007,17.49810388,3.13E-05,0.370020376,0.104868752,3.52841403,4.35E-04,0.415722699,0.097932689,4.244983991,2.39E-05,NA,NA,NA,NA,NA,NA,NA,NA,NA,NA,NA,NA,NA,NA,0.016978,0,0.443124,0,0.539898
1199260|.|T|C|.|.|GT,NA,NA,311,232,256,341,54.85008818,59.5113438,1.785610857,1.50E-06,0.037984941,1.95E-04,63,41,41,0.022574973,0.022574973,1,50.27782086,50.27782086,21.78467089,3.47E-06,0.437351537,0.104366389,4.190540099,3.00E-05,0.415221892,0.097179776,4.272719191,2.12E-05,NA,NA,NA,NA,NA,NA,NA,NA,NA,NA,NA,NA,NA,NA,0.016978,0,0.474533,0.508489,0
1125493|.|G|A|.|.|GT,NA,NA,229,162,338,411,40.38800705,71.72774869,1.718880123,1.67E-05,0.421837428,0.001810461,52,37,35,0.003185253,0.017533235,1,83.36913491,83.36913491,36.11200634,2.62E-09,0.554639552,0.109419677,5.068919651,4.67E-07,0.436172972,0.10291816,4.238056455,2.47E-05,HF536482,1125493,snp,G,A,A:233 G:0,CDS,+,1067/1173,356/390,missense_variant c.1067G>A p.Gly356Asp,BN373_10681,NA,"oxidoreductase, NAD binding",0.016978,0.342105,0,0,0.640917
1125491|.|G|C|.|.|GT,NA,NA,222,156,345,417,39.15343915,72.77486911,1.72006689,2.41E-05,0.610294972,0.002487028,46,32,32,0.011351591,0.011351591,1,84.8615693,84.8615693,36.81195608,1.86E-09,0.559378719,0.110331448,5.0699844,4.64E-07,0.45750584,0.1038318,4.406220847,1.17E-05,NA,NA,NA,NA,NA,NA,NA,NA,NA,NA,NA,NA,NA,NA,0.016978,0,0.33107,0,0.651952
1152360|.|G|A,T|.|.|GT,NA,248,191,319,382,43.73897707,66.66666667,1.554858934,3.29E-04,1,0.024466265,186,114,107,0.002550519,0.047441127,1,20.07630123,20.07630123,8.578015424,0.003481173,0.314310172,0.107536945,2.922811057,0.003537473,0.211746398,0.101133396,2.093733689,0.036539935,NA,NA,NA,NA,NA,NA,NA,NA,NA,NA,NA,NA,NA,NA,0.016978,0.381154,0,8.49E-04,0.601019
1237348|.|T|G|.|.|GT,NA,NA,287,204,280,369,50.61728395,64.39790576,1.854044118,3.53E-07,0.009002527,7.76E-05,55,37,37,0.014453834,0.014453834,1,92.22976201,92.22976201,40.27617227,3.36E-10,0.586723534,0.104612147,5.608560276,2.56E-08,0.503074781,0.098442294,5.110352077,3.86E-07,NA,NA,NA,NA,NA,NA,NA,NA,NA,NA,NA,NA,NA,NA,0.016978,0,0,0.550085,0.432937
1237346|.|G|A|.|.|GT,NA,NA,272,194,295,379,47.97178131,66.14310646,1.801293028,1.39E-06,0.035484145,2.61E-04,54,36,36,0.019834327,0.019834327,1,85.41859658,85.41859658,37.11464707,1.60E-09,0.55659316,0.105562342,5.272648812,1.61E-07,0.458057508,0.099805977,4.58947975,5.02E-06,NA,NA,NA,NA,NA,NA,NA,NA,NA,NA,NA,NA,NA,NA,0.016978,0.410017,0,0,0.573005
1226738|.|C|T,A|.|.|GT,NA,134,90,433,483,23.63315697,84.29319372,1.660816012,7.90E-04,1,0.048652216,67,43,45,0.006741447,0.027119992,1,53.86958763,53.86958763,23.35251631,1.56E-06,0.565596594,0.131123227,4.313473736,1.75E-05,0.54214231,0.12519561,4.330362,1.64E-05,NA,NA,NA,NA,NA,NA,NA,NA,NA,NA,NA,NA,NA,NA,0.016978,8.49E-04,0.787776,0.194397,0
2350927|.|G|A|.|.|GT,NA,NA,283,207,284,366,49.91181658,63.87434555,1.761890182,2.97E-06,0.075397803,6.34E-04,57,37,41,0.001263559,0.033143968,1,81.18059429,81.18059429,35.57204284,3.43E-09,0.592765248,0.104635545,5.665046678,1.86E-08,0.536442755,0.09867949,5.436213271,6.87E-08,NA,NA,NA,NA,NA,NA,NA,NA,NA,NA,NA,NA,NA,NA,0.016978,0.417657,0,0,0.565365
2461295|.|A|G|.|.|GT,NA,NA,358,291,209,282,63.13932981,49.21465969,1.659941795,2.79E-05,0.70700156,0.003334913,78,51,52,0.004334881,0.008771714,1,73.76530007,73.76530007,31.88689321,2.14E-08,0.518286156,0.104929285,4.939385206,9.01E-07,0.396948127,0.099471367,3.990576788,7.08E-05,NA,NA,NA,NA,NA,NA,NA,NA,NA,NA,NA,NA,NA,NA,0.016978,0.429542,0,0,0.55348
2784410|.|G|A|.|.|GT,NA,NA,294,221,273,352,51.85185185,61.43106457,1.715280195,7.85E-06,0.198333895,0.001239587,73,48,47,0.009542211,0.018617751,1,38.70819804,38.70819804,16.59506609,5.00E-05,0.399443574,0.104858681,3.809351512,1.47E-04,0.275595855,0.099116415,2.780526865,0.005530957,NA,NA,NA,NA,NA,NA,NA,NA,NA,NA,NA,NA,NA,NA,0.016978,0.434635,0,0,0.548387
2737751|.|C|T|.|.|GT,NA,NA,335,268,232,305,59.08289242,53.22862129,1.643318966,3.27E-05,0.827356131,0.004157568,71,51,48,3.03E-04,0.004065116,1,65.82600766,65.82600766,28.48019837,1.18E-07,0.512644068,0.104123897,4.923404559,9.76E-07,0.402388298,0.098144121,4.099973545,4.47E-05,NA,NA,NA,NA,NA,NA,NA,NA,NA,NA,NA,NA,NA,NA,0.016978,0,0.471138,0.511885,0
2748626|.|G|A|.|.|GT,NA,NA,344,285,223,288,60.670194,50.2617801,1.558838801,2.22E-04,1,0.02171408,63,42,47,1.17E-04,0.011141407,1,57.1903802,57.1903802,24.64361461,8.13E-07,0.454077141,0.104756581,4.334593003,1.59E-05,0.354740669,0.099288948,3.57281125,3.70E-04,NA,NA,NA,NA,NA,NA,NA,NA,NA,NA,NA,NA,NA,NA,0.016978,0.551783,0,0,0.431239
2780865|.|T|G|.|.|GT,NA,NA,217,163,350,410,38.27160494,71.55322862,1.559509202,5.41E-04,1,0.047110692,65,41,41,0.046353474,0.046353474,1,59.81807783,59.81807783,25.82378901,4.48E-07,0.525198262,0.110329842,4.760255739,2.18E-06,0.400449012,0.104762109,3.822460372,1.40E-04,NA,NA,NA,NA,NA,NA,NA,NA,NA,NA,NA,NA,NA,NA,0.016978,0,0,0.66129,0.321732
3165106|.|C|T|.|.|GT,NA,NA,291,220,276,353,51.32275132,61.60558464,1.691749012,1.34E-05,0.34115315,0.001536726,66,45,43,0.004272405,0.01865726,1,74.79448722,74.79448722,32.33630986,1.71E-08,0.556837243,0.104300516,5.338777448,1.13E-07,0.394461636,0.098418089,4.008019662,6.59E-05,NA,NA,NA,NA,NA,NA,NA,NA,NA,NA,NA,NA,NA,NA,0.016978,0,0.537351,0.445671,0
3204937|.|T|A|.|.|GT,NA,NA,313,249,254,324,55.20282187,56.54450262,1.603453183,9.08E-05,1,0.008406826,79,60,52,4.19E-06,0.006553298,1,39.86446496,39.86446496,17.16959537,3.71E-05,0.385822165,0.10443646,3.69432442,2.31E-04,0.341547979,0.097423291,3.505814416,4.76E-04,NA,NA,NA,NA,NA,NA,NA,NA,NA,NA,NA,NA,NA,NA,0.016978,0.473684,0,0.509338,0
3276447|.|G|A|.|.|GT,NA,NA,294,222,273,351,51.85185185,61.2565445,1.702702703,1.04E-05,0.263419998,7.36E-04,103,65,66,0.005535899,0.010063333,1,87.65952201,87.65952201,37.95527417,1.05E-09,0.597179699,0.104047792,5.739474979,1.22E-08,0.41272815,0.098484892,4.190776267,3.03E-05,NA,NA,NA,NA,NA,NA,NA,NA,NA,NA,NA,NA,NA,NA,0.016978,0.455857,0,0,0.527165
3850006|.|G|A|.|.|GT,NA,NA,301,234,266,339,53.08641975,59.16230366,1.639338731,4.14E-05,1,0.011341089,75,48,48,0.020298407,0.020298407,1,61.34623702,61.34623702,26.43988258,3.28E-07,0.484552288,0.104276003,4.646824531,3.76E-06,0.35357223,0.098171608,3.601573187,3.32E-04,NA,NA,NA,NA,NA,NA,NA,NA,NA,NA,NA,NA,NA,NA,0.016978,0.45416,0,0,0.528862
4768586|.|C|T|.|.|GT,NA,NA,246,160,321,413,43.38624339,72.07678883,1.978154206,5.02E-08,0.001280669,3.46E-05,47,31,32,0.018623837,0.039986057,1,83.84212454,83.84212454,36.56292054,2.10E-09,0.575291145,0.108354912,5.309322227,1.32E-07,0.509602996,0.102478047,4.972801599,7.79E-07,NA,NA,NA,NA,NA,NA,NA,NA,NA,NA,NA,NA,NA,NA,0.016978,0,0.629881,0.353141,0
430251|.|G|C|.|.|GT,NA,NA,285,213,282,360,50.26455026,62.82722513,1.708121067,9.68E-06,0.246065725,0.00114984,58,39,41,0.002232552,0.01192814,1,61.03460529,61.03460529,26.3376319,3.45E-07,0.506953683,0.10482703,4.836096959,1.51E-06,0.372601772,0.098938297,3.766001474,1.76E-04,NA,NA,NA,NA,NA,NA,NA,NA,NA,NA,NA,NA,NA,NA,0.016129,0,0.423599,0,0.560272
387645|.|G|A|.|.|GT,NA,NA,263,204,304,369,46.38447972,64.39790576,1.564870356,2.37E-04,1,0.015694292,57,37,38,0.016348104,0.033143968,1,88.86290116,88.86290116,38.46495986,8.20E-10,0.535758563,0.105621439,5.072441427,4.58E-07,0.416481067,0.100225181,4.155453359,3.53E-05,NA,NA,NA,NA,NA,NA,NA,NA,NA,NA,NA,NA,NA,NA,0.016129,0.393039,0,0,0.590832
1104015|.|C|T|.|.|GT,NA,NA,347,282,220,291,61.19929453,50.78534031,1.627611219,5.10E-05,1,0.004743544,80,53,54,0.002324541,0.004868154,1,75.45102694,75.45102694,32.90474838,1.29E-08,0.552471407,0.104340369,5.294896065,1.43E-07,0.485747105,0.097613082,4.976250069,7.65E-07,NA,NA,NA,NA,NA,NA,NA,NA,NA,NA,NA,NA,NA,NA,0.016129,0,0.43039,0.55348,0
2282084|.|G|A|.|.|GT,NA,NA,252,184,315,389,44.44444444,67.88830716,1.691304348,1.97E-05,0.499260621,0.004418236,72,46,48,0.006309827,0.024460907,1,78.76369064,78.76369064,34.46739971,5.93E-09,0.565231031,0.106725285,5.296130439,1.42E-07,0.530374214,0.099844457,5.312004608,1.34E-07,NA,NA,NA,NA,NA,NA,NA,NA,NA,NA,NA,NA,NA,NA,0.016129,0.379457,0,0,0.604414
2311530|.|C|T|.|.|GT,NA,NA,322,256,245,317,56.79012346,55.32286213,1.627455357,4.39E-05,1,0.008740079,83,56,61,2.18E-05,0.001931437,1,68.3328394,68.3328394,29.43702193,7.28E-08,0.461215883,0.104165001,4.427743295,1.04E-05,0.347125487,0.098192728,3.535144563,4.27E-04,NA,NA,NA,NA,NA,NA,NA,NA,NA,NA,NA,NA,NA,NA,0.016129,0,0.478778,0.505093,0
2576857|.|C|T|.|.|GT,NA,NA,328,237,239,336,57.84832451,58.63874346,1.945659658,3.37E-08,8.56E-04,1.71E-05,78,53,54,9.01E-04,0.00203114,1,103.3142174,103.3142174,45.13156282,3.12E-11,0.669084293,0.103167067,6.485444555,1.32E-10,0.500294647,0.097281712,5.142740968,3.27E-07,NA,NA,NA,NA,NA,NA,NA,NA,NA,NA,NA,NA,NA,NA,0.016129,0,0.48472,0.499151,0
2712602|.|G|A|.|.|GT,NA,NA,324,236,243,337,57.14285714,58.81326353,1.903954802,9.15E-08,0.002312639,3.21E-05,67,48,45,5.22E-04,0.006741447,1,83.15044894,83.15044894,36.40936811,2.26E-09,0.56602782,0.103718221,5.457361446,5.93E-08,0.523445863,0.097477638,5.369907145,9.84E-08,NA,NA,NA,NA,NA,NA,NA,NA,NA,NA,NA,NA,NA,NA,0.016129,0.490662,0,0,0.493209
2744317|.|G|A|.|.|GT,NA,NA,216,144,351,429,38.0952381,74.86910995,1.833333333,3.12E-06,0.078809402,5.50E-04,38,27,26,0.013852965,0.03355244,1,103.4042352,103.4042352,45.29257436,2.88E-11,0.6642512,0.111270121,5.969717621,3.17E-09,0.569170641,0.105398711,5.400166989,8.35E-08,NA,NA,NA,NA,NA,NA,NA,NA,NA,NA,NA,NA,NA,NA,0.016129,0.313243,0,0,0.670628
3022625|.|T|C|.|.|GT,NA,NA,301,232,266,341,53.08641975,59.5113438,1.663225953,2.45E-05,0.624520165,0.006005002,86,54,54,0.022982592,0.022982592,1,60.67895666,60.67895666,26.24371807,3.62E-07,0.464494309,0.104368158,4.450536633,9.41E-06,0.401217667,0.098934093,4.055403516,5.40E-05,NA,NA,NA,NA,NA,NA,NA,NA,NA,NA,NA,NA,NA,NA,0.016129,0,0.467742,0.516129,0
3140416|.|G|A|.|.|GT,NA,NA,343,279,224,294,60.49382716,51.30890052,1.613575269,6.71E-05,1,0.006429474,89,63,56,1.10E-04,0.019186609,1,49.87799931,49.87799931,21.49742812,4.02E-06,0.447181705,0.104637203,4.273639678,2.08E-05,0.355093217,0.098542755,3.603443179,3.30E-04,NA,NA,NA,NA,NA,NA,NA,NA,NA,NA,NA,NA,NA,NA,0.016129,0.528014,0,0,0.455857
3848637|.|T|C|.|.|GT,NA,NA,416,361,151,212,73.3686067,36.9982548,1.617875291,1.76E-04,1,0.038091637,84,59,52,2.66E-04,0.037529534,1,18.93669993,18.93669993,8.084715205,0.004556692,0.276714014,0.112449296,2.46078922,0.014010835,0.200250632,0.105446406,1.899074996,0.057847772,NA,NA,NA,NA,NA,NA,NA,NA,NA,NA,NA,NA,NA,NA,0.016129,0,0.666384,0.317487,0
3881076|.|A|G|.|.|GT,NA,NA,403,333,164,240,71.07583774,41.88481675,1.771039332,5.93E-06,0.15139736,0.001478949,84,58,56,6.28E-04,0.002985323,1,40.69717185,40.69717185,17.55247209,3.05E-05,0.418727642,0.109168527,3.835607682,1.32E-04,0.375057345,0.101463883,3.696461582,2.31E-04,NA,NA,NA,NA,NA,NA,NA,NA,NA,NA,NA,NA,NA,NA,0.016129,0.33871,0,0,0.645161
3937216|.|A|C|.|.|GT,NA,NA,269,210,298,363,47.44268078,63.35078534,1.560354746,2.50E-04,1,0.037744075,56,37,40,0.001841555,0.022241389,1,48.17244547,48.17244547,20.70775187,6.02E-06,0.452538196,0.105535827,4.288005379,1.96E-05,0.320101227,0.099394447,3.220514205,0.001321669,NA,NA,NA,NA,NA,NA,NA,NA,NA,NA,NA,NA,NA,NA,0.016129,0.568761,0.41511,0,0
103197|.|A|G|.|.|GT,NA,NA,318,255,249,318,56.08465608,55.4973822,1.592629341,9.34E-05,1,0.015007126,91,58,57,0.011456341,0.020584209,1,46.3817567,46.3817567,20.14011783,8.05E-06,0.43299871,0.104264859,4.152872917,3.53E-05,0.439866917,0.09733598,4.519057759,6.97E-06,NA,NA,NA,NA,NA,NA,NA,NA,NA,NA,NA,NA,NA,NA,0.01528,0.482173,0,0,0.502547
470988|.|G|A|.|.|GT,NA,NA,343,245,224,328,60.49382716,57.2425829,2.05,2.06E-09,5.28E-05,4.06E-06,75,53,50,4.50E-04,0.005228243,1,79.99966665,79.99966665,34.51640081,5.78E-09,0.54510824,0.103853327,5.24882792,1.83E-07,0.370246058,0.09881902,3.746708455,1.90E-04,NA,NA,NA,NA,NA,NA,NA,NA,NA,NA,NA,NA,NA,NA,0.01528,0.512733,0,0,0.471986
1142876|.|C|A|.|.|GT,NA,NA,243,171,324,402,42.85714286,70.15706806,1.763157895,5.11E-06,0.129328832,6.14E-04,55,37,37,0.014453834,0.014453834,1,67.26324243,67.26324243,29.36988807,7.53E-08,0.587830823,0.107879234,5.448971052,6.21E-08,0.518031236,0.101606581,5.098402375,4.11E-07,NA,NA,NA,NA,NA,NA,NA,NA,NA,NA,NA,NA,NA,NA,0.01528,0.362479,0.622241,0,0
1142878|.|T|A|.|.|GT,NA,NA,243,171,324,402,42.85714286,70.15706806,1.763157895,5.11E-06,0.129328832,6.14E-04,55,37,37,0.014453834,0.014453834,1,67.26324243,67.26324243,29.36988807,7.53E-08,0.587830823,0.107879234,5.448971052,6.21E-08,0.518031236,0.101606581,5.098402375,4.11E-07,NA,NA,NA,NA,NA,NA,NA,NA,NA,NA,NA,NA,NA,NA,0.01528,0.362479,0,0.622241,0
1237478|.|T|C|.|.|GT,NA,NA,290,213,277,360,51.14638448,62.82722513,1.769461535,2.37E-06,0.060391301,4.16E-04,61,42,41,0.004444019,0.009853448,1,87.23933678,87.23933678,38.23822386,9.18E-10,0.583709045,0.104359084,5.59327491,2.79E-08,0.536225721,0.098143188,5.463708002,5.91E-08,NA,NA,NA,NA,NA,NA,NA,NA,NA,NA,NA,NA,NA,NA,0.01528,0,0.443124,0.541596,0
1225138|.|C|T|.|.|GT,NA,NA,398,345,169,228,70.19400353,39.79057592,1.556367378,4.91E-04,1,0.033390523,84,57,52,0.001404495,0.037529534,1,58.0351269,58.0351269,25.16461513,6.25E-07,0.514324248,0.109257455,4.707452211,2.82E-06,0.450796881,0.10340976,4.359326248,1.44E-05,NA,NA,NA,NA,NA,NA,NA,NA,NA,NA,NA,NA,NA,NA,0.01528,0,0.332767,0.651952,0
1316298|.|T|A|.|.|GT,NA,NA,278,211,289,362,49.02998236,63.17626527,1.650338641,3.58E-05,0.914063461,0.007746301,78,52,50,0.004334881,0.01685309,1,41.17192108,41.17192108,17.73442269,2.77E-05,0.439275913,0.105353019,4.16956168,3.28E-05,0.349265412,0.099239353,3.519424528,4.52E-04,HF536482,1316298,snp,T,A,A:136 T:1,CDS,+,559/570,187/189,missense_variant c.559T>A p.Phe187Ile,BN373_12351,pagP,antimicrobial peptide resistance and lipid A acylation protein PagP,0.01528,0.426146,0,0.558574,0
2214923|.|C|A|.|.|GT,NA,NA,323,248,244,325,56.9664903,56.71902269,1.734779878,3.85E-06,0.098000935,8.60E-04,66,42,48,2.87E-04,0.035582724,1,54.92309121,54.92309121,23.71380173,1.30E-06,0.496516793,0.104014296,4.773543755,2.05E-06,0.376119078,0.09794707,3.840023787,1.31E-04,HF536482,2214923,snp,C,A,A:162 C:0,CDS,+,88/222,30/73,missense_variant c.88C>A p.Pro30Thr,BN373_20841,NA,conserved hypothetical protein,0.01528,0.505942,0.478778,0,0
2214925|.|C|T|.|.|GT,NA,NA,303,230,264,343,53.43915344,59.86038394,1.711610672,8.27E-06,0.210546114,0.00157124,67,42,49,1.94E-04,0.049800114,1,63.09336586,63.09336586,27.18757336,2.25E-07,0.512414064,0.104183231,4.918392902,1.00E-06,0.353643227,0.098934574,3.574516093,3.68E-04,NA,NA,NA,NA,NA,NA,NA,NA,NA,NA,NA,NA,NA,NA,0.01528,0,0.512733,0.471986,0
2361286|.|A|G|.|.|GT,NA,NA,328,257,239,316,57.84832451,55.14834206,1.687446071,1.16E-05,0.295170711,0.00212353,56,39,45,5.38E-06,0.004561533,1,83.84184664,83.84184664,36.41578209,2.26E-09,0.51377292,0.103972667,4.941422905,8.92E-07,0.444959012,0.097835095,4.548051115,6.09E-06,HF536482,2361286,snp,A,G,G:134 A:0,CDS,+,784/1239,262/412,missense_variant c.784A>G p.Ile262Val,BN373_22391,NA,"transporter, major facilitator family",0.01528,0.46944,0,0,0.51528
2576860|.|C|T|.|.|GT,NA,NA,320,240,247,333,56.43738977,58.11518325,1.79757085,1.14E-06,0.028908432,3.01E-04,79,52,55,6.39E-04,0.006553298,1,78.83791419,78.83791419,34.24612932,6.62E-09,0.593948649,0.103584377,5.733959772,1.26E-08,0.445195844,0.097628623,4.560095507,5.76E-06,NA,NA,NA,NA,NA,NA,NA,NA,NA,NA,NA,NA,NA,NA,0.01528,0,0.491511,0.493209,0
2652451|.|C|A|.|.|GT,NA,NA,254,185,313,388,44.79717813,67.71378709,1.701960107,1.53E-05,0.389800613,0.003712387,54,35,38,0.003838266,0.040223564,1,83.0657253,83.0657253,36.06520837,2.68E-09,0.524138768,0.106769496,4.909068502,1.05E-06,0.449230434,0.099679752,4.506737053,7.38E-06,NA,NA,NA,NA,NA,NA,NA,NA,NA,NA,NA,NA,NA,NA,0.01528,0.382852,0.601868,0,0
2787507|.|C|A|.|.|GT,NA,NA,25,5,542,568,4.409171076,99.12739965,5.239852399,1.49E-04,1,0.015850944,27,23,5,3.11E-04,0.00151372,1,38.83496983,38.83496983,16.63869852,4.89E-05,1.109784266,0.326480424,3.399236778,6.99E-04,0.778010731,0.292087768,2.663619696,0.007857199,HF536482,2787507,snp,C,A,A:140 C:1,CDS,-,1269/1341,423/446,missense_variant c.1269G>T p.Lys423Asn,BN373_26671,NA,"gluconate 2-dehydrogenase, cytochrome c subunit",0.01528,0.025467,0.959253,0,0
3022637|.|T|C|.|.|GT,NA,NA,314,253,253,320,55.37918871,55.84642234,1.56977925,1.87E-04,1,0.036228044,90,59,58,0.004165114,0.008045928,1,31.556149,31.556149,13.52556788,2.48E-04,0.347007961,0.104548258,3.319117567,9.32E-04,0.270283961,0.098737202,2.737407552,0.006304562,NA,NA,NA,NA,NA,NA,NA,NA,NA,NA,NA,NA,NA,NA,0.01528,0,0.495756,0.488964,0
3201602|.|G|A|.|.|GT,NA,NA,307,224,260,349,54.14462081,60.90750436,1.839680632,4.29E-07,0.010879755,7.72E-05,87,54,59,0.001168637,0.03141811,1,90.9494378,90.9494378,39.23724036,5.61E-10,0.590453765,0.103832339,5.686607589,1.65E-08,0.372885434,0.099840826,3.734799182,1.99E-04,NA,NA,NA,NA,NA,NA,NA,NA,NA,NA,NA,NA,NA,NA,0.01528,0.464346,0,0,0.520374
3131830|.|T|C|.|.|GT,NA,NA,360,289,207,284,63.49206349,49.56369983,1.709041673,9.42E-06,0.239132009,0.001144172,97,69,61,3.80E-05,0.014389633,1,34.35568265,34.35568265,14.81238708,1.26E-04,0.4349989,0.105261214,4.132565859,3.85E-05,0.361519047,0.099033832,3.650460042,2.76E-04,NA,NA,NA,NA,NA,NA,NA,NA,NA,NA,NA,NA,NA,NA,0.01528,0,0.570458,0.414261,0
3210414|.|C|G|.|.|GT,NA,NA,254,191,313,382,44.79717813,66.66666667,1.623003195,7.87E-05,1,0.007371812,81,51,57,3.17E-04,0.025654358,1,61.88529084,61.88529084,26.80374536,2.73E-07,0.47264488,0.106755974,4.427338923,1.05E-05,0.427403567,0.101097028,4.2276571,2.58E-05,NA,NA,NA,NA,NA,NA,NA,NA,NA,NA,NA,NA,NA,NA,0.01528,0,0.610357,0,0.374363
3165844|.|G|C|.|.|GT,NA,NA,326,266,241,307,57.49559083,53.57766143,1.56119552,1.89E-04,1,0.016217012,77,58,49,9.78E-06,0.022033459,1,58.48470517,58.48470517,25.18738722,6.17E-07,0.475084721,0.104174236,4.560481925,5.66E-06,0.342132882,0.097893959,3.494933564,4.95E-04,HF536482,3165844,snp,G,C,C:135 G:0,CDS,-,132/936,44/311,missense_variant c.132C>G p.Asp44Glu,BN373_30181,NA,ErfK/YbiS/YcfS/YnhG family protein,0.01528,0,0.516129,0,0.468591
3284613|.|A|G|.|.|GT,NA,NA,393,339,174,234,69.31216931,40.83769634,1.55904791,4.23E-04,1,0.020346991,102,63,72,3.89E-05,0.022297662,1,26.57189908,26.57189908,11.37128503,7.75E-04,0.334103845,0.109060935,3.063460289,0.002239364,0.251386255,0.103175346,2.436495384,0.015007347,NA,NA,NA,NA,NA,NA,NA,NA,NA,NA,NA,NA,NA,NA,0.01528,0.342105,0,0,0.642615
3391304|.|C|T|.|.|GT,NA,NA,281,188,286,385,49.55908289,67.19022688,2.012070376,1.00E-08,2.56E-04,4.13E-06,63,42,42,0.011141407,0.011141407,1,102.3457553,102.3457553,45.03396093,3.27E-11,0.658761616,0.10493801,6.277626369,4.88E-10,0.573841673,0.098730676,5.812192271,8.33E-09,NA,NA,NA,NA,NA,NA,NA,NA,NA,NA,NA,NA,NA,NA,0.01528,0,0.572156,0.412564,0
4731506|.|C|A|.|.|GT,NA,NA,277,204,290,369,48.85361552,64.39790576,1.727738337,6.70E-06,0.170642882,0.00162517,60,39,43,0.001065766,0.027340134,1,96.06983512,96.06983512,41.73097249,1.65E-10,0.513073473,0.105261838,4.874259118,1.25E-06,0.452618146,0.099283309,4.558854365,5.79E-06,NA,NA,NA,NA,NA,NA,NA,NA,NA,NA,NA,NA,NA,NA,0.01528,0.409168,0.575552,0,0
4999428|.|T|C|.|.|GT,NA,NA,341,270,226,303,60.14109347,52.87958115,1.693264503,1.10E-05,0.281591429,0.003392668,73,51,47,9.14E-04,0.018617751,1,75.82144347,75.82144347,32.85679375,1.32E-08,0.520087016,0.104188828,4.991773346,6.92E-07,0.41885101,0.09766926,4.288463014,1.98E-05,NA,NA,NA,NA,NA,NA,NA,NA,NA,NA,NA,NA,NA,NA,0.01528,0,0.520374,0.464346,0
544865|.|C|T|.|.|GT,NA,NA,280,202,287,371,49.38271605,64.7469459,1.79183772,1.56E-06,0.040004601,5.20E-04,79,51,52,0.006553298,0.012812402,1,31.45400295,31.45400295,13.4562334,2.57E-04,0.391089333,0.105691346,3.700296663,2.26E-04,0.237184342,0.100051448,2.370623771,0.017950568,NA,NA,NA,NA,NA,NA,NA,NA,NA,NA,NA,NA,NA,NA,0.014431,0,0.567063,0.418506,0
531028|.|G|A|.|.|GT,NA,NA,271,196,296,377,47.79541446,65.79406632,1.761014203,3.44E-06,0.087923544,9.45E-04,69,46,46,0.007620522,0.007620522,1,56.19513202,56.19513202,24.14179838,1.05E-06,0.492137234,0.105807794,4.651238028,3.69E-06,0.313990208,0.100450396,3.125823512,0.001825231,HF536482,531028,snp,G,A,A:200 G:0,NA,NA,NA,NA,NA,NA,NA,NA,0.014431,0.412564,0,0,0.573005
695546|.|G|A|.|.|GT,NA,NA,354,283,213,290,62.43386243,50.61082024,1.703080675,1.00E-05,0.255503256,0.003500045,80,52,56,4.52E-04,0.00968285,1,66.09591505,66.09591505,28.72599231,1.04E-07,0.518855589,0.104659698,4.957549071,8.22E-07,0.454248313,0.098398164,4.616430779,4.42E-06,NA,NA,NA,NA,NA,NA,NA,NA,NA,NA,NA,NA,NA,NA,0.014431,0.544143,0,0,0.441426
663360|.|A|T|.|.|GT,NA,NA,316,252,251,321,55.7319224,56.02094241,1.603680516,9.09E-05,1,0.024700496,77,50,53,0.001263227,0.011672721,1,49.72526493,49.72526493,21.60014328,3.82E-06,0.415795149,0.10432556,3.985553951,7.16E-05,0.443799145,0.097305284,4.560894598,5.74E-06,HF536482,663360,snp,A,T,T:141 A:0,CDS,-,1533/1608,511/535,missense_variant c.1533T>A p.Phe511Leu,BN373_06131,NA,conserved hypothetical protein,0.014431,0.487267,0,0.498302,0
875560|.|C|G|.|.|GT,NA,NA,336,252,231,321,59.25925926,56.02094241,1.852813853,2.49E-07,0.006364655,8.37E-05,72,45,50,0.001293585,0.04437092,1,54.14417642,54.14417642,23.5671077,1.40E-06,0.511488303,0.104009557,4.917704869,1.00E-06,0.466098009,0.097565988,4.777259134,2.05E-06,NA,NA,NA,NA,NA,NA,NA,NA,NA,NA,NA,NA,NA,NA,0.014431,0,0.468591,0,0.516978
855192|.|C|T|.|.|GT,NA,NA,281,211,286,362,49.55908289,63.17626527,1.685646107,1.63E-05,0.417048293,0.003111719,63,43,41,0.005152397,0.022574973,1,57.61762624,57.61762624,25.0055672,6.77E-07,0.477779313,0.105124452,4.544892315,6.08E-06,0.44395345,0.099560932,4.459113032,9.18E-06,NA,NA,NA,NA,NA,NA,NA,NA,NA,NA,NA,NA,NA,NA,0.014431,0,0.55348,0.432088,0
1103400|.|C|T|.|.|GT,NA,NA,351,282,216,291,61.9047619,50.78534031,1.676861702,1.76E-05,0.444982876,0.001893544,70,44,51,1.66E-04,0.041391429,1,46.23791767,46.23791767,20.03715861,8.49E-06,0.497548503,0.104663993,4.753769537,2.25E-06,0.420100355,0.097931579,4.289733278,1.97E-05,NA,NA,NA,NA,NA,NA,NA,NA,NA,NA,NA,NA,NA,NA,0.014431,0,0.425297,0.560272,0
1176868|.|C|T|.|.|GT,NA,NA,194,136,373,437,34.21516755,76.26527051,1.671226936,1.13E-04,1,0.009704688,40,27,27,0.038477308,0.038477308,1,42.60137895,42.60137895,18.28083565,2.09E-05,0.421872961,0.115140159,3.663994952,2.60E-04,0.318635619,0.108439074,2.938383807,0.003376526,NA,NA,NA,NA,NA,NA,NA,NA,NA,NA,NA,NA,NA,NA,0.014431,0,0.696944,0.288625,0
1103361|.|T|C|.|.|GT,NA,NA,374,317,193,256,65.96119929,44.67713787,1.564930289,2.73E-04,1,0.020723613,71,47,53,3.88E-05,0.008554539,1,54.96163079,54.96163079,23.7223072,1.30E-06,0.507129285,0.106444258,4.764270918,2.14E-06,0.379607272,0.100019837,3.795319822,1.56E-04,NA,NA,NA,NA,NA,NA,NA,NA,NA,NA,NA,NA,NA,NA,0.014431,0,0.597623,0.387946,0
1224661|.|G|A|.|.|GT,NA,NA,310,233,257,340,54.67372134,59.33682373,1.760157646,2.71E-06,0.068933674,4.72E-04,79,49,55,6.39E-04,0.042165444,1,103.0357274,103.0357274,44.88181105,3.52E-11,0.672887435,0.103259639,6.51646125,1.08E-10,0.479525272,0.098749271,4.855987992,1.39E-06,NA,NA,NA,NA,NA,NA,NA,NA,NA,NA,NA,NA,NA,NA,0.014431,0.474533,0,0,0.511036
1237487|.|A|G|.|.|GT,NA,NA,299,224,268,349,52.73368607,60.90750436,1.738256263,4.58E-06,0.116712013,0.000762824,60,42,42,0.002670436,0.002670436,1,55.84718407,55.84718407,24.27934428,9.78E-07,0.465980788,0.104500456,4.45912682,9.04E-06,0.455332981,0.097918506,4.650121803,3.77E-06,NA,NA,NA,NA,NA,NA,NA,NA,NA,NA,NA,NA,NA,NA,0.014431,0.525467,0,0,0.460102
1227581|.|G|A|.|.|GT,NA,NA,271,202,296,371,47.79541446,64.7469459,1.681512577,1.94E-05,0.493635417,0.002584479,82,54,52,0.005435925,0.019826916,1,70.99399983,70.99399983,30.83128171,3.62E-08,0.529990925,0.105474768,5.024812424,5.85E-07,0.451420379,0.09958316,4.533099575,6.53E-06,NA,NA,NA,NA,NA,NA,NA,NA,NA,NA,NA,NA,NA,NA,0.014431,0.410866,0,0,0.574703
1237943|.|C|T,G|.|.|GT,NA,264,199,303,374,46.56084656,65.27050611,1.637494403,5.27E-05,1,0.005784047,198,120,114,0.003465986,0.039039056,1,18.19435551,18.19435551,7.778839691,0.005388488,0.349024466,0.106487067,3.277623049,0.001078485,0.223197851,0.099738029,2.237841007,0.025455213,NA,NA,NA,NA,NA,NA,NA,NA,NA,NA,NA,NA,NA,NA,0.014431,0,0.575552,0.36927,0.040747
1637907|.|C|T|.|.|GT,NA,NA,343,283,224,290,60.49382716,50.61082024,1.569125442,1.77E-04,1,0.034955332,81,51,55,0.001688638,0.025654358,1,30.30951744,30.30951744,13.01488336,3.25E-04,0.381026785,0.10493686,3.631009966,2.95E-04,0.300353567,0.098529165,3.048372204,0.002362518,NA,NA,NA,NA,NA,NA,NA,NA,NA,NA,NA,NA,NA,NA,0.014431,0,0.451613,0.533956,0
1829096|.|T|C|.|.|GT,NA,NA,372,310,195,263,65.60846561,45.89877836,1.618461538,8.48E-05,1,0.015789681,82,52,57,5.35E-04,0.019826916,1,36.81382409,36.81382409,16.00554056,6.79E-05,0.412735071,0.106399754,3.879097968,1.11E-04,0.461625016,0.099146024,4.656011358,3.67E-06,NA,NA,NA,NA,NA,NA,NA,NA,NA,NA,NA,NA,NA,NA,0.014431,0,0.597623,0.387946,0
1958252|.|C|T|.|.|GT,NA,NA,251,191,316,382,44.2680776,66.66666667,1.588607595,1.63E-04,1,0.020174813,46,32,37,4.06E-05,0.011351591,1,77.94046816,77.94046816,33.93523632,7.72E-09,0.571979746,0.106507577,5.370319758,9.52E-08,0.482885353,0.100404254,4.809411296,1.75E-06,NA,NA,NA,NA,NA,NA,NA,NA,NA,NA,NA,NA,NA,NA,0.014431,0,0.613752,0.371817,0
2362773|.|C|T|.|.|GT,NA,NA,366,301,201,272,64.55026455,47.46945899,1.645460406,4.29E-05,1,0.006257967,68,51,43,4.45E-05,0.038460053,1,29.92742485,29.92742485,12.83654765,3.57E-04,0.40815501,0.105916652,3.853549008,1.23E-04,0.2859699,0.099906041,2.862388471,0.004294053,NA,NA,NA,NA,NA,NA,NA,NA,NA,NA,NA,NA,NA,NA,0.014431,0,0.398132,0.587436,0
2712536|.|A|G|.|.|GT,NA,NA,245,154,322,419,43.20987654,73.12390925,2.070158103,7.25E-09,1.83E-04,7.76E-06,41,28,29,0.01150779,0.027533156,1,99.140131,99.140131,43.69025323,6.30E-11,0.64525322,0.108384536,5.953369781,3.49E-09,0.602902966,0.101423437,5.944414663,3.85E-09,NA,NA,NA,NA,NA,NA,NA,NA,NA,NA,NA,NA,NA,NA,0.014431,0.635823,0,0,0.349745
2712553|.|T|G|.|.|GT,NA,NA,250,166,317,407,44.09171076,71.02966841,1.933601916,1.17E-07,0.002956148,3.89E-05,42,29,29,0.019520473,0.019520473,1,87.27297232,87.27297232,38.27497417,9.01E-10,0.574547048,0.107770614,5.331203269,1.18E-07,0.555741202,0.100738505,5.516671121,4.42E-08,HF536482,2712553,snp,T,G,G:166 T:0,CDS,-,742/885,248/294,missense_variant c.742A>C p.Ser248Arg,BN373_25901,NA,"transcriptional regulator, LysR family",0.014431,0,0,0.621392,0.364177
2744951|.|C|T|.|.|GT,NA,NA,282,214,285,359,49.73544974,62.65270506,1.659911461,2.84E-05,0.716974208,0.003676791,60,41,40,0.006217603,0.013489294,1,79.83510376,79.83510376,34.71819121,5.23E-09,0.585390216,0.104491651,5.602267865,2.65E-08,0.462659653,0.098823534,4.681674854,3.25E-06,NA,NA,NA,NA,NA,NA,NA,NA,NA,NA,NA,NA,NA,NA,0.014431,0,0.554329,0.431239,0
2748273|.|C|T|.|.|GT,NA,NA,289,225,278,348,50.97001764,60.73298429,1.607865707,8.41E-05,1,0.009578285,69,48,44,0.001550317,0.029493494,1,60.47318442,60.47318442,26.17296428,3.75E-07,0.439977952,0.104752362,4.200172137,2.88E-05,0.410484523,0.099143861,4.140291899,3.77E-05,NA,NA,NA,NA,NA,NA,NA,NA,NA,NA,NA,NA,NA,NA,0.014431,0,0.5382,0.447368,0
2801327|.|G|A|.|.|GT,NA,NA,233,175,334,398,41.09347443,69.45898778,1.586552609,2.10E-04,1,0.020663183,59,42,43,5.84E-04,0.001547167,1,36.32301774,36.32301774,15.54079233,8.65E-05,0.439706824,0.108790855,4.041762724,5.66E-05,0.243091864,0.101650559,2.391446395,0.016969691,HF536482,2801327,snp,G,A,A:129 G:1,NA,NA,NA,NA,NA,NA,NA,NA,0.014431,0.356537,0,0,0.629032
2743417|.|C|T|.|.|GT,NA,NA,411,358,156,215,72.48677249,37.52181501,1.582241083,3.16E-04,1,0.029594366,72,55,48,8.14E-06,0.006309827,1,31.08933363,31.08933363,13.35681505,2.71E-04,0.434954955,0.111360511,3.905827578,9.94E-05,0.325434266,0.103862333,3.133323289,0.001779682,NA,NA,NA,NA,NA,NA,NA,NA,NA,NA,NA,NA,NA,NA,0.014431,0,0.307301,0.678268,0
2869709|.|G|A|.|.|GT,NA,NA,298,233,269,340,52.55731922,59.33682373,1.616541953,6.83E-05,1,0.010778994,64,42,50,7.07E-06,0.01685819,1,53.07037417,53.07037417,23.05433012,1.82E-06,0.462660251,0.104387625,4.432136963,1.02E-05,0.44302193,0.097022874,4.566159619,5.60E-06,NA,NA,NA,NA,NA,NA,NA,NA,NA,NA,NA,NA,NA,NA,0.014431,0.466893,0,0,0.518676
3155657|.|T|A|.|.|GT,NA,NA,367,300,200,273,64.72663139,47.64397906,1.66985,2.53E-05,0.642745724,0.002712007,90,61,57,9.73E-04,0.014866753,1,75.29848948,75.29848948,32.82843183,1.34E-08,0.548780076,0.105356949,5.208769615,2.26E-07,0.485994221,0.098259682,4.946018674,8.91E-07,NA,NA,NA,NA,NA,NA,NA,NA,NA,NA,NA,NA,NA,NA,0.014431,0.588285,0,0.397284,0
3206427|.|C|T|.|.|GT,NA,NA,341,276,226,297,60.14109347,51.83246073,1.623653328,5.29E-05,1,0.00526448,92,67,64,1.38E-05,2.23E-04,1,45.28633701,45.28633701,19.43040502,1.16E-05,0.414142936,0.104676813,3.956396109,8.08E-05,0.2877314,0.098676187,2.91591528,0.003627195,NA,NA,NA,NA,NA,NA,NA,NA,NA,NA,NA,NA,NA,NA,0.014431,0,0.462649,0.52292,0
3140419|.|A|G|.|.|GT,NA,NA,390,333,177,240,68.78306878,41.88481675,1.588028707,2.21E-04,1,0.018566932,90,63,58,1.88E-04,0.008045928,1,37.53200375,37.53200375,16.12452068,6.38E-05,0.435347447,0.108230745,4.022400913,6.14E-05,0.318546404,0.101740187,3.130979141,0.001793805,NA,NA,NA,NA,NA,NA,NA,NA,NA,NA,NA,NA,NA,NA,0.014431,0.367572,0,0,0.617997
3121728|.|G|A|.|.|GT,NA,NA,280,222,287,351,49.38271605,61.2565445,1.542518128,3.41E-04,1,0.027453641,82,51,56,0.001220382,0.03524144,1,34.54122723,34.54122723,14.90156043,1.21E-04,0.425230055,0.105075362,4.046905437,5.54E-05,0.369907931,0.099079818,3.733433699,2.00E-04,NA,NA,NA,NA,NA,NA,NA,NA,NA,NA,NA,NA,NA,NA,0.014431,0.437182,0,0,0.548387
3280056|.|G|T|.|.|GT,NA,NA,205,122,362,451,36.15520282,78.70855148,2.093447152,3.34E-08,8.48E-04,3.83E-06,40,27,27,0.038477308,0.038477308,1,89.53743698,89.53743698,38.93393989,6.51E-10,0.66450755,0.114449716,5.806109203,8.29E-09,0.51707589,0.110677316,4.671922908,3.40E-06,NA,NA,NA,NA,NA,NA,NA,NA,NA,NA,NA,NA,NA,NA,0.014431,0,0,0.286078,0.699491
3277329|.|C|T|.|.|GT,NA,NA,290,233,277,340,51.14638448,59.33682373,1.527711067,4.49E-04,1,0.02134724,94,57,64,5.88E-04,0.049450065,1,27.25341992,27.25341992,11.7536583,6.32E-04,0.412370225,0.104682963,3.939229599,8.67E-05,0.362016414,0.098117069,3.68963746,2.37E-04,NA,NA,NA,NA,NA,NA,NA,NA,NA,NA,NA,NA,NA,NA,0.014431,0,0.528862,0.456706,0
3277328|.|G|A|.|.|GT,NA,NA,293,239,274,334,51.67548501,58.28970332,1.494395749,8.78E-04,1,0.037512003,99,60,66,0.001185231,0.043875294,1,24.99051038,24.99051038,10.75916388,0.001074171,0.380225974,0.104679669,3.632281007,2.93E-04,0.338262099,0.098055872,3.449687322,5.85E-04,NA,NA,NA,NA,NA,NA,NA,NA,NA,NA,NA,NA,NA,NA,0.014431,0.464346,0,0,0.521222
3282370|.|C|T|.|.|GT,NA,NA,364,313,203,260,64.19753086,45.37521815,1.489478903,0.001121485,1,0.045686987,101,67,68,6.41E-04,0.001331825,1,28.6091512,28.6091512,12.31987108,4.69E-04,0.364502129,0.106404604,3.425623675,6.35E-04,0.344763138,0.099014505,3.481945791,5.20E-04,NA,NA,NA,NA,NA,NA,NA,NA,NA,NA,NA,NA,NA,NA,0.014431,0,0.387946,0.597623,0
3338748|.|A|G|.|.|GT,NA,NA,349,280,218,293,61.55202822,51.13438045,1.67524574,1.79E-05,0.455642195,0.00335031,95,62,61,0.003832872,0.007313123,1,55.37949427,55.37949427,24.13576511,1.05E-06,0.451204543,0.104748113,4.307519524,1.79E-05,0.47819445,0.097384578,4.910371425,1.06E-06,NA,NA,NA,NA,NA,NA,NA,NA,NA,NA,NA,NA,NA,NA,0.014431,0.44652,0,0,0.539049
3516314|.|A|G|.|.|GT,NA,NA,229,132,338,441,40.38800705,76.96335079,2.263515331,3.65E-10,9.31E-06,1.21E-06,41,28,28,0.027533156,0.027533156,1,98.13351844,98.13351844,42.91785552,9.20E-11,0.689083773,0.111051716,6.205070928,7.64E-10,0.550572255,0.104782256,5.254441713,1.82E-07,NA,NA,NA,NA,NA,NA,NA,NA,NA,NA,NA,NA,NA,NA,0.014431,0.66893,0,0,0.316638
3644320|.|C|T|.|.|GT,NA,NA,262,199,305,374,46.20811287,65.27050611,1.61443282,8.67E-05,1,0.015873323,62,43,40,0.00315606,0.030015864,1,77.1030737,77.1030737,33.54687516,9.36E-09,0.529932449,0.105866439,5.005669917,6.45E-07,0.469717612,0.099202236,4.734949836,2.51E-06,NA,NA,NA,NA,NA,NA,NA,NA,NA,NA,NA,NA,NA,NA,0.014431,0,0.598472,0.387097,0
3742703|.|T|C|.|.|GT,NA,NA,315,252,252,321,55.55555556,56.02094241,1.592261905,1.16E-04,1,0.027900577,89,55,56,0.019186609,0.033416722,1,52.07295749,52.07295749,22.50764496,2.40E-06,0.475562361,0.104102913,4.568194564,5.46E-06,0.386305494,0.097100771,3.9783978,7.45E-05,NA,NA,NA,NA,NA,NA,NA,NA,NA,NA,NA,NA,NA,NA,0.014431,0,0.499151,0.486418,0
4099083|.|G|A|.|.|GT,NA,NA,380,319,187,254,67.01940035,44.32809773,1.61802424,9.77E-05,1,0.01550875,83,53,55,0.004039209,0.015232202,1,81.81211104,81.81211104,35.69054129,3.23E-09,0.592727714,0.106362305,5.572723467,3.13E-08,0.505955845,0.101005007,5.00921548,6.48E-07,NA,NA,NA,NA,NA,NA,NA,NA,NA,NA,NA,NA,NA,NA,0.014431,0.598472,0,0,0.387097
4571288|.|A|G|.|.|GT,NA,NA,332,273,235,300,58.55379189,52.35602094,1.552490063,2.34E-04,1,0.042128579,63,40,45,8.98E-04,0.042956546,1,50.75996771,50.75996771,21.97986593,3.14E-06,0.4482306,0.10441866,4.29262931,1.92E-05,0.409911055,0.097616908,4.1991809,2.92E-05,NA,NA,NA,NA,NA,NA,NA,NA,NA,NA,NA,NA,NA,NA,0.014431,0.456706,0,0,0.528862
4904363|.|C|G|.|.|GT,NA,NA,306,241,261,332,53.96825397,57.94066318,1.615109458,7.00E-05,1,0.013707893,69,48,47,0.001550317,0.003544813,1,73.8899893,73.8899893,32.04401326,1.98E-08,0.539948386,0.103910609,5.196277765,2.41E-07,0.427720067,0.097749919,4.375656487,1.34E-05,NA,NA,NA,NA,NA,NA,NA,NA,NA,NA,NA,NA,NA,NA,0.014431,0,0.500849,0,0.48472
5161273|.|A|G|.|.|GT,NA,NA,341,276,226,297,60.14109347,51.83246073,1.623653328,5.29E-05,1,0.012056937,69,49,45,6.36E-04,0.015432297,1,63.26304361,63.26304361,27.36782934,2.06E-07,0.565442964,0.104068238,5.433386574,6.76E-08,0.400709416,0.098105554,4.084472265,4.78E-05,NA,NA,NA,NA,NA,NA,NA,NA,NA,NA,NA,NA,NA,NA,0.014431,0.457555,0,0,0.528014
443204|.|G|A|.|.|GT,NA,NA,475,431,92,142,83.77425044,24.78184991,1.701049127,4.18E-04,1,0.024994989,52,36,36,0.007787436,0.007787436,1,46.71017574,46.71017574,20.36222149,7.18E-06,0.562030193,0.128768543,4.364654445,1.39E-05,0.601290304,0.12186047,4.934252303,9.45E-07,NA,NA,NA,NA,NA,NA,NA,NA,NA,NA,NA,NA,NA,NA,0.013582,0.797114,0,0,0.189304
1153276|.|G|A|.|.|GT,NA,NA,332,275,235,298,58.55379189,52.0069808,1.530924565,3.70E-04,1,0.026830799,74,48,54,9.61E-05,0.014079981,1,47.0487919,47.0487919,20.2198872,7.73E-06,0.364448611,0.104716702,3.480329342,5.20E-04,0.314615065,0.098828487,3.183445112,0.001501152,NA,NA,NA,NA,NA,NA,NA,NA,NA,NA,NA,NA,NA,NA,0.013582,0.53056,0,0,0.455857
1641554|.|G|A|.|.|GT,NA,NA,272,195,295,378,47.97178131,65.96858639,1.787327249,1.90E-06,0.048492779,5.57E-04,58,37,41,0.002232552,0.047940324,1,52.54646992,52.54646992,22.83539438,2.03E-06,0.512335781,0.105723511,4.845996678,1.43E-06,0.458278899,0.099462352,4.607561443,4.61E-06,NA,NA,NA,NA,NA,NA,NA,NA,NA,NA,NA,NA,NA,NA,0.013582,0.409168,0,0,0.57725
1691689|.|A|G|.|.|GT,NA,NA,428,365,139,208,75.48500882,36.30017452,1.754686114,1.59E-05,0.405422039,0.003966642,74,48,49,0.007084253,0.014079981,1,73.12184653,73.12184653,31.84372622,2.19E-08,0.545186191,0.112999033,4.824697822,1.59E-06,0.513952173,0.106392313,4.830726574,1.58E-06,NA,NA,NA,NA,NA,NA,NA,NA,NA,NA,NA,NA,NA,NA,0.013582,0.302207,0,0,0.684211
2012331|.|C|T|.|.|GT,NA,NA,230,167,337,406,40.5643739,70.85514834,1.659233462,5.33E-05,1,0.007776969,52,34,38,0.00119512,0.0364834,1,77.80956308,77.80956308,33.95875761,7.63E-09,0.547801041,0.109048753,5.02345077,5.89E-07,0.519801078,0.102901817,5.051427577,5.23E-07,NA,NA,NA,NA,NA,NA,NA,NA,NA,NA,NA,NA,NA,NA,0.013582,0,0.640917,0.345501,0
1949971|.|A|G|.|.|GT,NA,NA,365,307,202,266,64.37389771,46.42233857,1.565614216,2.38E-04,1,0.027527752,70,51,47,1.66E-04,0.005582667,1,27.82529788,27.82529788,11.95527625,5.68E-04,0.337145291,0.106305215,3.171484043,0.001557158,0.311250514,0.09901061,3.143607697,0.00171892,NA,NA,NA,NA,NA,NA,NA,NA,NA,NA,NA,NA,NA,NA,0.013582,0.402377,0,0,0.584041
2359005|.|C|T|.|.|GT,NA,NA,317,255,250,318,55.90828924,55.4973822,1.581270588,1.19E-04,1,0.014978679,77,50,53,0.001263227,0.011672721,1,53.71773518,53.71773518,23.17709027,1.71E-06,0.42135379,0.104305472,4.039613468,5.71E-05,0.365438942,0.097505029,3.747898386,1.89E-04,NA,NA,NA,NA,NA,NA,NA,NA,NA,NA,NA,NA,NA,NA,0.013582,0,0.497453,0.488964,0
3106959|.|C|T|.|.|GT,NA,NA,225,134,342,439,39.68253968,76.61431065,2.155341712,3.86E-09,9.84E-05,6.05E-06,37,26,27,0.007632079,0.020073852,1,123.9074446,123.9074446,54.71331516,2.99E-13,0.732429336,0.110979893,6.599657955,6.30E-11,0.637635079,0.104331546,6.11162302,1.42E-09,NA,NA,NA,NA,NA,NA,NA,NA,NA,NA,NA,NA,NA,NA,0.013582,0,0.674024,0.312394,0
3212083|.|T|C|.|.|GT,NA,NA,297,206,270,367,52.38095238,64.04886562,1.959708738,2.71E-08,6.89E-04,7.67E-06,86,54,59,7.32E-04,0.022982592,1,84.83452245,84.83452245,36.56825699,2.09E-09,0.573490584,0.104431442,5.49155095,4.91E-08,0.364188351,0.100587751,3.62060338,3.09E-04,NA,NA,NA,NA,NA,NA,NA,NA,NA,NA,NA,NA,NA,NA,0.013582,0,0.432088,0.554329,0
3220966|.|T|C|.|.|GT,NA,NA,338,257,229,316,59.61199295,55.14834206,1.814826772,6.27E-07,0.015903334,1.06E-04,110,71,73,7.69E-04,0.002943639,1,51.11599832,51.11599832,21.87892614,3.31E-06,0.497551543,0.104104126,4.779364276,1.99E-06,0.246242522,0.099510527,2.474537419,0.01350905,NA,NA,NA,NA,NA,NA,NA,NA,NA,NA,NA,NA,NA,NA,0.013582,0,0.521222,0.465195,0
3123993|.|A|G|.|.|GT,NA,NA,353,274,214,299,62.25749559,52.18150087,1.80003752,1.03E-06,0.026098062,1.62E-04,89,61,57,6.10E-04,0.010546897,1,74.96190975,74.96190975,32.41623876,1.64E-08,0.533866939,0.104368155,5.11522831,3.67E-07,0.398169438,0.098633015,4.036877913,5.84E-05,NA,NA,NA,NA,NA,NA,NA,NA,NA,NA,NA,NA,NA,NA,0.013582,0.433786,0,0,0.552632
3210844|.|C|T|.|.|GT,NA,NA,307,228,260,345,54.14462081,60.20942408,1.786690283,1.47E-06,0.037391607,2.27E-04,93,59,62,0.001712764,0.012400603,1,71.53861167,71.53861167,31.01995635,3.30E-08,0.523888996,0.104097051,5.032697758,5.62E-07,0.427219424,0.097993411,4.359675008,1.44E-05,NA,NA,NA,NA,NA,NA,NA,NA,NA,NA,NA,NA,NA,NA,0.013582,0,0.526316,0.460102,0
3210841|.|C|T|.|.|GT,NA,NA,307,229,260,344,54.14462081,60.03490401,1.773731945,1.99E-06,0.050444366,2.83E-04,95,58,62,0.003832872,0.039608238,1,70.02095413,70.02095413,30.33488068,4.64E-08,0.517117221,0.104115463,4.966766741,7.85E-07,0.417122845,0.097997686,4.256456069,2.28E-05,NA,NA,NA,NA,NA,NA,NA,NA,NA,NA,NA,NA,NA,NA,0.013582,0,0.525467,0.460951,0
3157649|.|T|G|.|.|GT,NA,NA,270,214,297,359,47.61904762,62.65270506,1.525063721,5.07E-04,1,0.039076594,73,48,51,9.14E-04,0.009542211,1,51.68235465,51.68235465,22.34716249,2.61E-06,0.402661078,0.1055945,3.813277011,1.44E-04,0.399503494,0.099256816,4.024947715,6.14E-05,HF536482,3157649,snp,T,G,G:136 T:0,CDS,-,307/495,103/164,missense_variant c.307A>C p.Lys103Gln,BN373_30101,vsr,very short patch repair protein,0.013582,0,0,0.562818,0.423599
3275625|.|T|C|.|.|GT,NA,NA,327,231,240,342,57.67195767,59.68586387,2.017207792,5.87E-09,1.49E-04,7.79E-07,93,63,62,8.10E-04,0.001712764,1,102.0261723,102.0261723,44.70428565,3.84E-11,0.678174397,0.103132694,6.575745999,7.36E-11,0.528845974,0.097354954,5.432142426,7.02E-08,NA,NA,NA,NA,NA,NA,NA,NA,NA,NA,NA,NA,NA,NA,0.013582,0,0.489813,0.496604,0
3357564|.|G|A|.|.|GT,NA,NA,298,213,269,360,52.55731922,62.82722513,1.872349338,2.09E-07,0.005345046,6.36E-05,83,52,51,0.027534178,0.047524889,1,66.4722599,66.4722599,28.89909271,9.53E-08,0.539583493,0.104419403,5.167463897,2.80E-07,0.455667451,0.097948137,4.65212982,3.74E-06,NA,NA,NA,NA,NA,NA,NA,NA,NA,NA,NA,NA,NA,NA,0.013582,0.448217,0,0,0.5382
3326757|.|C|G|.|.|GT,NA,NA,321,245,246,328,56.61375661,57.2425829,1.746938776,3.70E-06,0.09447479,8.36E-04,95,58,65,4.25E-04,0.039608238,1,41.11493722,41.11493722,17.67097639,2.87E-05,0.43106091,0.104273055,4.133962608,3.83E-05,0.314068418,0.098317897,3.194417567,0.001445811,NA,NA,NA,NA,NA,NA,NA,NA,NA,NA,NA,NA,NA,NA,0.013582,0,0.49236,0,0.494058
3607468|.|G|A|.|.|GT,NA,NA,314,258,253,315,55.37918871,54.97382199,1.515304716,4.80E-04,1,0.048994405,105,71,71,3.91E-04,3.91E-04,1,71.43283919,71.43283919,31.26709002,2.91E-08,0.525254142,0.103890843,5.055827109,4.99E-07,0.516197135,0.096749837,5.335379867,1.18E-07,NA,NA,NA,NA,NA,NA,NA,NA,NA,NA,NA,NA,NA,NA,0.013582,0.504244,0,0,0.482173
3677366|.|C|T|.|.|GT,NA,NA,354,282,213,291,62.43386243,50.78534031,1.715013485,7.61E-06,0.193565314,0.002081347,77,54,49,5.39E-04,0.022033459,1,61.81965307,61.81965307,26.98075376,2.50E-07,0.554979566,0.104452634,5.31321753,1.30E-07,0.496280015,0.098206711,5.053422608,5.17E-07,NA,NA,NA,NA,NA,NA,NA,NA,NA,NA,NA,NA,NA,NA,0.013582,0,0.426995,0.559423,0
4163521|.|C|T|.|.|GT,NA,NA,384,328,183,245,67.72486772,42.7574171,1.567373051,3.03E-04,1,0.039333745,71,50,46,7.67E-04,0.016994653,1,21.61769302,21.61769302,9.267980005,0.002394146,0.330270604,0.108027628,3.057279056,0.002285677,0.282025286,0.10143304,2.780408482,0.005532958,NA,NA,NA,NA,NA,NA,NA,NA,NA,NA,NA,NA,NA,NA,0.013582,0,0.376061,0.610357,0
4303679|.|A|G|.|.|GT,NA,NA,324,242,243,331,57.14285714,57.76614311,1.82369146,6.21E-07,0.015854146,1.45E-04,72,48,49,0.002942761,0.006309827,1,75.04353761,75.04353761,32.74631864,1.39E-08,0.629045614,0.103384897,6.084502029,1.59E-09,0.492442847,0.09779559,5.035430012,5.67E-07,NA,NA,NA,NA,NA,NA,NA,NA,NA,NA,NA,NA,NA,NA,0.013582,0.487267,0,0,0.499151
4503666|.|T|C|.|.|GT,NA,NA,326,264,241,309,57.49559083,53.92670157,1.583270464,1.18E-04,1,0.023566701,72,48,47,0.006309827,0.012774596,1,59.56232635,59.56232635,25.77886495,4.58E-07,0.456148186,0.104235519,4.376130058,1.32E-05,0.403634146,0.0974758,4.14086518,3.76E-05,NA,NA,NA,NA,NA,NA,NA,NA,NA,NA,NA,NA,NA,NA,0.013582,0,0.514431,0.471986,0
4743587|.|A|G|.|.|GT,NA,NA,441,388,126,185,77.77777778,32.28621291,1.668814433,1.48E-04,1,0.022673149,73,51,47,9.14E-04,0.018617751,1,49.69379715,49.69379715,21.54636091,3.92E-06,0.553116297,0.11690225,4.731442717,2.51E-06,0.4778875,0.109807966,4.352029442,1.49E-05,NA,NA,NA,NA,NA,NA,NA,NA,NA,NA,NA,NA,NA,NA,0.013582,0.258065,0,0,0.728353
4854191|.|G|A|.|.|GT,NA,NA,329,263,238,310,58.02469136,54.10122164,1.629389398,4.32E-05,1,0.010119532,82,53,55,0.002642493,0.010637488,1,45.29568849,45.29568849,19.58114637,1.07E-05,0.415538201,0.104404686,3.980072302,7.33E-05,0.390724858,0.097762927,3.996656707,6.91E-05,HF536482,4854191,snp,G,A,A:193 G:0,NA,NA,NA,NA,NA,NA,NA,NA,0.013582,0.519525,0,0,0.466893
4956286|.|A|G|.|.|GT,NA,NA,306,233,261,340,53.96825397,59.33682373,1.710818411,8.38E-06,0.213278287,0.00253287,68,44,46,0.004903383,0.020526934,1,68.58191223,68.58191223,30.00111917,5.49E-08,0.550004693,0.103925165,5.292314833,1.45E-07,0.51441279,0.097461975,5.278087072,1.61E-07,NA,NA,NA,NA,NA,NA,NA,NA,NA,NA,NA,NA,NA,NA,0.013582,0.510187,0,0,0.476231
385339|.|G|A|.|.|GT,NA,NA,273,187,294,386,48.14814815,67.36474695,1.916730328,1.03E-07,0.002613572,2.69E-05,61,39,42,0.004444019,0.039617015,1,89.23827894,89.23827894,38.7371285,7.17E-10,0.585282827,0.105647907,5.539937719,3.76E-08,0.451551301,0.100712448,4.483569915,8.21E-06,NA,NA,NA,NA,NA,NA,NA,NA,NA,NA,NA,NA,NA,NA,0.012733,0.403226,0,0,0.584041
381941|.|T|C|.|.|GT,NA,NA,398,343,169,230,70.19400353,40.13961606,1.579174358,3.11E-04,1,0.019512591,78,51,53,0.00203114,0.008771714,1,54.69692463,54.69692463,23.73685339,1.29E-06,0.457567018,0.109348743,4.184474427,3.08E-05,0.454263256,0.101997859,4.453654834,9.41E-06,NA,NA,NA,NA,NA,NA,NA,NA,NA,NA,NA,NA,NA,NA,0.012733,0,0.63837,0.348896,0
386435|.|A|G|.|.|GT,NA,NA,233,180,334,393,41.09347443,68.58638743,1.523103792,7.04E-04,1,0.036870399,39,27,29,0.003377848,0.023702702,1,43.07423849,43.07423849,18.51953494,1.85E-05,0.423960727,0.108552409,3.905585631,9.95E-05,0.33101786,0.101910721,3.248116163,0.001201141,NA,NA,NA,NA,NA,NA,NA,NA,NA,NA,NA,NA,NA,NA,0.012733,0.623939,0,0,0.363328
476929|.|C|T|.|.|GT,NA,NA,331,242,236,331,58.37742504,57.76614311,1.918353411,4.98E-08,0.001274172,3.27E-05,78,50,50,0.01685309,0.01685309,1,137.9461415,137.9461415,60.67692898,1.71E-14,0.719841054,0.102861937,6.998128531,4.42E-12,0.565526289,0.097830081,5.780699363,9.99E-09,NA,NA,NA,NA,NA,NA,NA,NA,NA,NA,NA,NA,NA,NA,0.012733,0,0.494907,0.49236,0
531098|.|T|C|.|.|GT,NA,NA,265,194,302,379,46.7372134,66.14310646,1.714258893,1.02E-05,0.261247951,0.002291649,68,45,45,0.010337661,0.010337661,1,56.45991279,56.45991279,24.25469886,9.90E-07,0.495568893,0.10608861,4.671273298,3.35E-06,0.314106212,0.100666752,3.120257752,0.001859726,NA,NA,NA,NA,NA,NA,NA,NA,NA,NA,NA,NA,NA,NA,0.012733,0,0.405772,0.581494,0
783129|.|G|A,T|.|.|GT,NA,157,104,410,469,27.68959436,81.84991274,1.72685272,1.37E-04,1,0.016406652,86,54,53,0.022982592,0.039853629,1,47.81832406,47.81832406,20.72623656,5.96E-06,0.488204244,0.124004494,3.936988318,8.75E-05,0.507890686,0.117748918,4.313336337,1.77E-05,NA,NA,NA,NA,NA,NA,NA,NA,NA,NA,NA,NA,NA,NA,0.012733,0.226655,0,8.49E-04,0.759762
944326|.|T|C|.|.|GT,NA,NA,402,333,165,240,70.8994709,41.88481675,1.755937756,8.04E-06,0.205284215,0.00201259,79,51,58,3.76E-05,0.012812402,1,72.2517891,72.2517891,31.38475222,2.75E-08,0.579157134,0.108398168,5.34286826,1.10E-07,0.463504081,0.101678857,4.558509933,5.80E-06,NA,NA,NA,NA,NA,NA,NA,NA,NA,NA,NA,NA,NA,NA,0.012733,0,0.633277,0.35399,0
944327|.|A|G|.|.|GT,NA,NA,402,333,165,240,70.8994709,41.88481675,1.755937756,8.04E-06,0.205284215,0.00201259,79,51,58,3.76E-05,0.012812402,1,72.2517891,72.2517891,31.38475222,2.75E-08,0.579157134,0.108398168,5.34286826,1.10E-07,0.463504081,0.101678857,4.558509933,5.80E-06,NA,NA,NA,NA,NA,NA,NA,NA,NA,NA,NA,NA,NA,NA,0.012733,0.35399,0,0,0.633277
1285738|.|G|A|.|.|GT,NA,NA,320,263,247,310,56.43738977,54.10122164,1.527070088,3.81E-04,1,0.027599222,76,48,55,1.21E-04,0.028626656,1,39.68207891,39.68207891,16.98412163,4.09E-05,0.404188363,0.104388425,3.87196534,1.14E-04,0.242957084,0.098558157,2.465113909,0.01386731,NA,NA,NA,NA,NA,NA,NA,NA,NA,NA,NA,NA,NA,NA,0.012733,0.501698,0,0,0.485569
1254165|.|C|T,A|.|.|GT,NA,123,80,444,493,21.69312169,86.03839442,1.707179054,6.56E-04,1,0.04196368,59,40,40,0.0086415,0.0086415,1,52.51098705,52.51098705,22.71351657,2.16E-06,0.587292796,0.136186887,4.312403413,1.75E-05,0.531526742,0.130638825,4.068673623,5.11E-05,NA,NA,NA,NA,NA,NA,NA,NA,NA,NA,NA,NA,NA,NA,0.012733,0.005942,0.810696,0.170628,0
1593368|.|C|T|.|.|GT,NA,NA,237,175,330,398,41.7989418,69.45898778,1.633350649,7.94E-05,1,0.017916437,90,57,60,0.002060266,0.014866753,1,71.70226449,71.70226449,30.89153664,3.52E-08,0.514584379,0.108207602,4.755528893,2.23E-06,0.364321789,0.102661007,3.548784478,4.05E-04,NA,NA,NA,NA,NA,NA,NA,NA,NA,NA,NA,NA,NA,NA,0.012733,0,0.635823,0.351443,0
1657297|.|G|C|.|.|GT,NA,NA,352,292,215,281,62.08112875,49.04013962,1.575533609,1.66E-04,1,0.033603225,68,43,47,0.002186243,0.038460053,1,32.09918924,32.09918924,13.71828521,2.24E-04,0.419246096,0.105215692,3.984634695,7.19E-05,0.215299611,0.100202852,2.148637559,0.031907346,NA,NA,NA,NA,NA,NA,NA,NA,NA,NA,NA,NA,NA,NA,0.012733,0,0.566214,0,0.421053
1711399|.|T|A|.|.|GT,NA,NA,339,275,228,298,59.78835979,52.0069808,1.611196172,6.86E-05,1,0.016174242,65,47,45,4.22E-04,0.002626377,1,44.37329145,44.37329145,19.17070819,1.32E-05,0.436523722,0.104567272,4.174573094,3.21E-05,0.38240485,0.097554425,3.919912916,9.47E-05,HF536482,1711399,snp,T,A,A:154 T:0,CDS,-,289/510,97/169,missense_variant c.289A>T p.Ser97Cys,BN373_15991,sulA,cell division inhibitor SulA,0.012733,0.54584,0,0.441426,0
1919283|.|A|G|.|.|GT,NA,NA,213,153,354,420,37.56613757,73.29842932,1.651711532,1.06E-04,1,0.019495347,53,35,36,0.012660336,0.027008318,1,67.0104212,67.0104212,29.2236674,8.10E-08,0.564484548,0.111333271,5.070223356,4.64E-07,0.513806919,0.103256899,4.976005692,7.66E-07,NA,NA,NA,NA,NA,NA,NA,NA,NA,NA,NA,NA,NA,NA,0.012733,0.66893,0,0,0.318336
2214174|.|C|A,T|.|.|GT,NA,233,175,334,398,41.09347443,69.45898778,1.586552609,2.10E-04,1,0.025716852,171,99,102,0.01416227,0.046464426,1,32.569164,32.569164,14.06007436,1.87E-04,0.369928663,0.109018779,3.393256337,7.14E-04,0.390441742,0.102196252,3.820509388,1.42E-04,NA,NA,NA,NA,NA,NA,NA,NA,NA,NA,NA,NA,NA,NA,0.012733,0.35399,0.633277,0,0
2191634|.|G|A|.|.|GT,NA,NA,252,195,315,378,44.44444444,65.96858639,1.550769231,3.43E-04,1,0.038676879,62,40,41,0.015134081,0.030015864,1,58.02587847,58.02587847,24.91698591,7.08E-07,0.520323605,0.106473813,4.886869248,1.17E-06,0.311470303,0.102019295,3.053052895,0.002326322,NA,NA,NA,NA,NA,NA,NA,NA,NA,NA,NA,NA,NA,NA,0.012733,0.391341,0,0,0.595925
2262077|.|G|A|.|.|GT,NA,NA,333,273,234,300,58.73015873,52.35602094,1.563820795,1.85E-04,1,0.029927167,76,55,51,1.21E-04,0.003836236,1,91.11980629,91.11980629,39.97662663,3.90E-10,0.557277044,0.103968293,5.360067282,1.01E-07,0.538661221,0.097056546,5.549973095,3.68E-08,HF536482,2262077,snp,G,A,A:154 G:0,CDS,+,148/300,50/99,missense_variant c.148G>A p.Gly50Ser,BN373_21261,NA,conserved hypothetical protein,0.012733,0.532258,0,0,0.455008
2314360|.|C|T|.|.|GT,NA,NA,289,226,278,347,50.97001764,60.55846422,1.596151397,1.08E-04,1,0.013837873,81,50,50,0.044828522,0.044828522,1,71.30862686,71.30862686,30.83061,3.62E-08,0.471906082,0.104611808,4.511021176,7.12E-06,0.393185214,0.097965477,4.013507875,6.44E-05,NA,NA,NA,NA,NA,NA,NA,NA,NA,NA,NA,NA,NA,NA,0.012733,0,0.537351,0.449915,0
2780942|.|A|G|.|.|GT,NA,NA,391,336,176,237,68.95943563,41.36125654,1.567015016,3.46E-04,1,0.032069547,78,59,49,6.42E-06,0.030786496,1,43.33694527,43.33694527,18.64161059,1.74E-05,0.35450731,0.108713847,3.260921399,0.001143431,0.336648332,0.101337944,3.322036315,9.27E-04,NA,NA,NA,NA,NA,NA,NA,NA,NA,NA,NA,NA,NA,NA,0.012733,0.364177,0,0,0.62309
2834787|.|A|G|.|.|GT,NA,NA,317,250,250,323,55.90828924,56.36998255,1.638256,4.28E-05,1,0.00722859,70,48,44,0.002547565,0.041391429,1,51.9220244,51.9220244,22.37036735,2.58E-06,0.447923444,0.104209441,4.298300019,1.87E-05,0.350192254,0.09854658,3.553570863,3.98E-04,HF536482,2834787,snp,A,G,G:140 A:0,CDS,+,490/813,164/270,missense_variant c.490A>G p.Ile164Val,BN373_27081,mhpR,Mhp operon transcriptional activator,0.012733,0.493209,0,0,0.494058
2950620|.|G|A|.|.|GT,NA,NA,291,220,276,353,51.32275132,61.60558464,1.691749012,1.34E-05,0.341112822,0.002842607,68,46,48,9.14E-04,0.004903383,1,64.19747785,64.19747785,27.57283317,1.85E-07,0.531974278,0.104414491,5.094831887,4.08E-07,0.307442148,0.099613442,3.086352037,0.002083144,NA,NA,NA,NA,NA,NA,NA,NA,NA,NA,NA,NA,NA,NA,0.012733,0.443124,0,0,0.544143
3168753|.|T|C|.|.|GT,NA,NA,281,192,286,381,49.55908289,66.4921466,1.949683129,4.24E-08,0.001075445,1.08E-05,73,51,51,9.14E-04,9.14E-04,1,112.5649116,112.5649116,49.54387257,3.64E-12,0.647449512,0.104863571,6.174208112,9.24E-10,0.575630425,0.098641393,5.835586943,7.28E-09,NA,NA,NA,NA,NA,NA,NA,NA,NA,NA,NA,NA,NA,NA,0.012733,0,0.411715,0.575552,0
3210371|.|T|G|.|.|GT,NA,NA,263,191,304,382,46.38447972,66.66666667,1.730263158,7.42E-06,0.188216743,9.33E-04,67,42,45,0.006741447,0.049800114,1,89.73782497,89.73782497,39.11534092,5.95E-10,0.603025195,0.105796315,5.699869538,1.53E-08,0.498077033,0.101145266,4.924373149,9.93E-07,NA,NA,NA,NA,NA,NA,NA,NA,NA,NA,NA,NA,NA,NA,0.012733,0,0,0.60017,0.387097
3201963|.|C|T|.|.|GT,NA,NA,465,413,102,160,82.01058201,27.92321117,1.766130181,7.74E-05,1,0.007304287,71,59,46,1.35E-08,0.016994653,1,37.12696131,37.12696131,15.85900846,7.33E-05,0.431699074,0.124188528,3.476159032,5.28E-04,0.235608978,0.116084106,2.029640277,0.042662624,HF536482,3201963,snp,C,T,T:161 C:0,NA,NA,NA,NA,NA,NA,NA,NA,0.012733,0,0.214771,0.772496,0
3249782|.|G|A|.|.|GT,NA,NA,292,225,275,348,51.49911817,60.73298429,1.642278788,3.97E-05,1,0.002487838,79,52,51,0.006553298,0.012812402,1,67.07472876,67.07472876,29.04617094,8.85E-08,0.517005055,0.104406268,4.951858377,8.46E-07,0.412282333,0.098013914,4.206365377,2.83E-05,NA,NA,NA,NA,NA,NA,NA,NA,NA,NA,NA,NA,NA,NA,0.012733,0.455008,0,0,0.532258
3322363|.|A|G|.|.|GT,NA,NA,407,356,160,217,71.78130511,37.87085515,1.550544242,5.40E-04,1,0.02483895,111,71,75,2.72E-04,0.004195534,1,32.84109816,32.84109816,14.05805175,1.88E-04,0.356372028,0.111069295,3.208555782,0.001371266,0.258512591,0.103734022,2.492071425,0.012864189,NA,NA,NA,NA,NA,NA,NA,NA,NA,NA,NA,NA,NA,NA,0.012733,0.326825,0,0,0.660441
3418902|.|A|G|.|.|GT,NA,NA,450,396,117,177,79.36507937,30.89005236,1.719114219,8.37E-05,1,0.012644603,93,73,36,2.92E-08,0.037514232,1,34.45693225,34.45693225,14.787648,1.28E-04,0.36979655,0.119562892,3.092904024,0.002030352,0.330114142,0.111609868,2.957750481,0.003173252,NA,NA,NA,NA,NA,NA,NA,NA,NA,NA,NA,NA,NA,NA,0.012733,0.25382,0,0,0.733447
3502097|.|G|A|.|.|GT,NA,NA,339,274,228,299,59.78835979,52.18150087,1.622502881,5.35E-05,1,0.005496414,85,57,55,0.002194909,0.008836206,1,63.30697584,63.30697584,27.46117957,1.96E-07,0.544168824,0.104108403,5.226944317,2.05E-07,0.429436909,0.097520626,4.403549568,1.18E-05,NA,NA,NA,NA,NA,NA,NA,NA,NA,NA,NA,NA,NA,NA,0.012733,0.537351,0,0,0.449915
3917617|.|C|T|.|.|GT,NA,NA,384,313,183,260,67.72486772,45.37521815,1.74304719,6.69E-06,0.170858089,0.00162722,91,59,60,0.00311269,0.006105521,1,45.11966012,45.11966012,19.43292863,1.16E-05,0.421225124,0.107033407,3.935454697,8.81E-05,0.351101236,0.100163967,3.505264869,4.77E-04,NA,NA,NA,NA,NA,NA,NA,NA,NA,NA,NA,NA,NA,NA,0.012733,0,0.377759,0.609508,0
4653546|.|T|C|.|.|GT,NA,NA,365,306,202,267,64.37389771,46.59685864,1.576635605,1.88E-04,1,0.035333859,72,53,46,7.56E-05,0.024460907,1,52.49339738,52.49339738,22.62244135,2.27E-06,0.41560358,0.106060837,3.918539514,9.44E-05,0.355239781,0.098956427,3.589860615,3.47E-04,NA,NA,NA,NA,NA,NA,NA,NA,NA,NA,NA,NA,NA,NA,0.012733,0,0.57725,0.410017,0
4839243|.|G|A|.|.|GT,NA,NA,231,149,336,424,40.74074074,73.9965096,1.956375839,1.69E-07,0.004323797,8.65E-05,42,29,31,0.002887248,0.019520473,1,88.91918195,88.91918195,38.90346465,6.61E-10,0.651167086,0.109738135,5.933826773,3.92E-09,0.547577865,0.103465667,5.292362966,1.49E-07,NA,NA,NA,NA,NA,NA,NA,NA,NA,NA,NA,NA,NA,NA,0.012733,0.334465,0,0,0.652801
4833713|.|T|C|.|.|GT,NA,NA,366,306,201,267,64.55026455,46.59685864,1.588820603,1.47E-04,1,0.028223923,77,51,54,5.39E-04,0.005870708,1,69.88779583,69.88779583,30.59167477,4.08E-08,0.518606064,0.105626653,4.909803039,1.04E-06,0.525349034,0.098415518,5.338071119,1.17E-07,NA,NA,NA,NA,NA,NA,NA,NA,NA,NA,NA,NA,NA,NA,0.012733,0,0.57725,0.410017,0
5046729|.|T|C|.|.|GT,NA,NA,316,237,251,336,55.7319224,58.63874346,1.784860558,1.52E-06,0.038958016,5.90E-04,90,56,63,1.88E-04,0.026301665,1,100.7274591,100.7274591,43.96245413,5.52E-11,0.602889682,0.103566565,5.821277206,7.59E-09,0.495206042,0.097965143,5.054920812,5.14E-07,NA,NA,NA,NA,NA,NA,NA,NA,NA,NA,NA,NA,NA,NA,0.012733,0,0.482173,0.505093,0
5211545|.|C|T|.|.|GT,NA,NA,150,91,417,482,26.45502646,84.11867365,1.905288956,1.28E-05,0.327789726,0.004202432,19,4,18,7.63E-05,0.019210815,1,97.16963527,97.16963527,42.65477381,1.05E-10,0.733389573,0.126792218,5.784184409,9.41E-09,0.674228676,0.120378485,5.600906825,2.77E-08,NA,NA,NA,NA,NA,NA,NA,NA,NA,NA,NA,NA,NA,NA,0.012733,0,0.777589,0.209677,0
5220777|.|C|A|.|.|GT,NA,NA,255,187,312,386,44.97354497,67.36474695,1.687062937,2.06E-05,0.527697893,0.006282118,60,39,40,0.013489294,0.027340134,1,64.97549767,64.97549767,28.1999409,1.35E-07,0.448479089,0.10698093,4.192140491,2.98E-05,0.446599858,0.100054525,4.463564837,9.00E-06,HF536482,5220777,snp,C,A,A:251 C:0,CDS,+,71/741,24/246,missense_variant c.71C>A p.Pro24Gln,BN373_49231,NA,"glycosyl transferase, WecB/TagA/CpsF family",0.012733,0.383701,0.603565,0,0
306178|.|T|C|.|.|GT,NA,NA,381,321,186,252,67.1957672,43.97905759,1.60807959,1.23E-04,1,0.011958235,77,56,51,8.22E-05,0.005870708,1,69.68553401,69.68553401,30.39668095,4.50E-08,0.465334421,0.107101323,4.344805517,1.52E-05,0.502201289,0.100497001,4.997176858,6.89E-07,NA,NA,NA,NA,NA,NA,NA,NA,NA,NA,NA,NA,NA,NA,0.011885,0,0.604414,0.383701,0
594254|.|C|T|.|.|GT,NA,NA,327,265,240,308,57.67195767,53.7521815,1.583584906,1.17E-04,1,0.033371623,87,56,54,0.009673219,0.03141811,1,80.38187637,80.38187637,35.11724492,4.29E-09,0.45771504,0.104249575,4.390569857,1.24E-05,0.50130046,0.097298172,5.152208404,3.11E-07,NA,NA,NA,NA,NA,NA,NA,NA,NA,NA,NA,NA,NA,NA,0.011885,0,0.478778,0.509338,0
1103469|.|C|T|.|.|GT,NA,NA,336,258,231,315,59.25925926,54.97382199,1.77589852,1.56E-06,0.039416896,2.01E-04,68,43,49,3.58E-04,0.038460053,1,62.3118845,62.3118845,27.08443389,2.37E-07,0.553895581,0.103853794,5.333416927,1.16E-07,0.451720844,0.097594924,4.628528051,4.18E-06,NA,NA,NA,NA,NA,NA,NA,NA,NA,NA,NA,NA,NA,NA,0.011885,0,0.466044,0.522071,0
1254820|.|A|G|.|.|GT,NA,NA,286,209,281,364,50.44091711,63.52530541,1.772616595,2.28E-06,0.057990118,4.06E-04,61,40,42,0.004444019,0.020414714,1,56.30139081,56.30139081,24.36198342,9.38E-07,0.439326501,0.105168581,4.177355033,3.17E-05,0.405464885,0.098571506,4.113408655,4.23E-05,NA,NA,NA,NA,NA,NA,NA,NA,NA,NA,NA,NA,NA,NA,0.011885,0.556876,0,0,0.431239
1266021|.|T|C|.|.|GT,NA,NA,217,154,350,419,38.27160494,73.12390925,1.686883117,5.06E-05,1,0.005656364,69,44,45,0.015432297,0.029493494,1,81.91043862,81.91043862,35.55718803,3.45E-09,0.547976688,0.110921334,4.940228049,8.97E-07,0.47296157,0.10541571,4.486632675,8.09E-06,NA,NA,NA,NA,NA,NA,NA,NA,NA,NA,NA,NA,NA,NA,0.011885,0,0.325127,0.662988,0
1301081|.|G|C|.|.|GT,NA,NA,302,224,265,349,53.2627866,60.90750436,1.775572776,1.93E-06,0.049359377,5.61E-04,90,56,60,0.002060266,0.026301665,1,131.9145878,131.9145878,57.45561495,7.99E-14,0.606398074,0.103820195,5.840848932,6.77E-09,0.479174398,0.09888519,4.845765069,1.47E-06,NA,NA,NA,NA,NA,NA,NA,NA,NA,NA,NA,NA,NA,NA,0.011885,0,0.448217,0,0.539898
1423983|.|G|A|.|.|GT,NA,NA,352,288,215,285,62.08112875,49.7382199,1.620155039,6.31E-05,1,0.013740943,95,63,59,0.001924348,0.023488003,1,109.8354717,109.8354717,47.65588605,9.11E-12,0.558409551,0.104549423,5.341105995,1.11E-07,0.437467486,0.098722809,4.431270664,1.04E-05,NA,NA,NA,NA,NA,NA,NA,NA,NA,NA,NA,NA,NA,NA,0.011885,0.546689,0,0,0.441426
1871379|.|C|T|.|.|GT,NA,NA,345,281,222,292,60.84656085,50.95986038,1.61488891,6.63E-05,1,0.012825202,71,52,45,1.12E-04,0.031927162,1,68.54118986,68.54118986,29.44526911,7.25E-08,0.40066291,0.104890893,3.819806465,1.41E-04,0.310727519,0.099488345,3.123255494,0.001841073,NA,NA,NA,NA,NA,NA,NA,NA,NA,NA,NA,NA,NA,NA,0.011885,0,0.437182,0.550934,0
1871382|.|C|T|.|.|GT,NA,NA,345,281,222,292,60.84656085,50.95986038,1.61488891,6.63E-05,1,0.012825202,71,52,45,1.12E-04,0.031927162,1,68.54118986,68.54118986,29.44526911,7.25E-08,0.40066291,0.104890893,3.819806465,1.41E-04,0.310727519,0.099488345,3.123255494,0.001841073,NA,NA,NA,NA,NA,NA,NA,NA,NA,NA,NA,NA,NA,NA,0.011885,0,0.437182,0.550934,0
1919694|.|A|G|.|.|GT,NA,NA,307,247,260,326,54.14462081,56.89354276,1.558424167,2.36E-04,1,0.037308616,69,45,46,0.007620522,0.015432297,1,29.50495318,29.50495318,12.69314442,3.85E-04,0.370557672,0.104521627,3.545272704,4.08E-04,0.325553186,0.097503293,3.338894278,8.73E-04,NA,NA,NA,NA,NA,NA,NA,NA,NA,NA,NA,NA,NA,NA,0.011885,0.501698,0,0,0.486418
1953787|.|A|T|.|.|GT,NA,NA,176,100,391,473,31.04056437,82.54799302,2.129104859,8.96E-08,0.002283006,2.45E-05,17,13,13,0.049041748,0.049041748,1,141.4920804,141.4920804,62.47216556,7.24E-15,0.858281493,0.119951508,7.155237185,1.49E-12,0.696429091,0.114099225,6.103714495,1.49E-09,HF536482,1953787,snp,A,T,T:135 A:0,CDS,-,164/711,55/236,missense_variant c.164T>A p.Phe55Tyr,BN373_18411,NA,putative membrane protein,0.011885,0.747878,0,0.240238,0
2183371|.|C|T|.|.|GT,NA,NA,228,161,339,412,40.21164021,71.90226876,1.721101523,1.63E-05,0.414273669,0.002863565,47,31,32,0.018623837,0.039986057,1,48.86325247,48.86325247,21.12619218,4.86E-06,0.54886925,0.109652652,5.005526446,6.45E-07,0.415557521,0.103548505,4.013167752,6.45E-05,NA,NA,NA,NA,NA,NA,NA,NA,NA,NA,NA,NA,NA,NA,0.011885,0,0.64601,0.342105,0
2167805|.|G|A|.|.|GT,NA,NA,361,303,206,270,63.66843034,47.12041885,1.561568778,2.47E-04,1,0.029629635,87,63,54,3.48E-05,0.03141811,1,51.71421397,51.71421397,22.39875261,2.54E-06,0.415093327,0.105795626,3.923539576,9.25E-05,0.416874016,0.098569247,4.229250262,2.56E-05,NA,NA,NA,NA,NA,NA,NA,NA,NA,NA,NA,NA,NA,NA,0.011885,0.578947,0,0,0.409168
2237437|.|C|T|.|.|GT,NA,NA,181,103,386,470,31.92239859,82.02443281,2.139695156,5.53E-08,0.001405351,2.68E-05,21,16,16,0.026603699,0.026603699,1,139.546204,139.546204,61.65947275,1.07E-14,0.820226668,0.11884004,6.901938669,8.50E-12,0.693773793,0.112510728,6.166290133,1.02E-09,NA,NA,NA,NA,NA,NA,NA,NA,NA,NA,NA,NA,NA,NA,0.011885,0,0.740238,0.247878,0
2358289|.|G|A|.|.|GT,NA,NA,289,223,278,350,50.97001764,61.08202443,1.631609511,5.05E-05,1,0.007244092,68,47,44,0.002186243,0.020526934,1,59.04230487,59.04230487,25.47494925,5.34E-07,0.44235133,0.104762264,4.222430041,2.61E-05,0.369667658,0.098562558,3.750589125,1.87E-04,NA,NA,NA,NA,NA,NA,NA,NA,NA,NA,NA,NA,NA,NA,0.011885,0.449915,0,0,0.5382
2514477|.|A|C|.|.|GT,NA,NA,244,185,323,388,43.0335097,67.71378709,1.584336039,1.92E-04,1,0.017028053,68,46,45,0.004903383,0.010337661,1,40.41091374,40.41091374,17.39716442,3.30E-05,0.368528448,0.10786825,3.416468218,6.57E-04,0.344657521,0.100137037,3.441858584,6.02E-04,NA,NA,NA,NA,NA,NA,NA,NA,NA,NA,NA,NA,NA,NA,0.011885,0.626486,0.36163,0,0
2604682|.|A|G|.|.|GT,NA,NA,278,180,289,393,49.02998236,68.58638743,2.100230681,1.40E-09,3.55E-05,2.52E-06,62,40,42,0.007148734,0.030015864,1,135.5359821,135.5359821,59.62734192,2.82E-14,0.773290278,0.104658137,7.388725779,2.86E-13,0.576791144,0.099511985,5.796197742,9.14E-09,NA,NA,NA,NA,NA,NA,NA,NA,NA,NA,NA,NA,NA,NA,0.011885,0.583192,0,0,0.404924
2542995|.|C|G|.|.|GT,NA,NA,219,157,348,416,38.62433862,72.60034904,1.667471996,7.03E-05,1,0.010755667,52,36,38,0.00119512,0.007787436,1,69.64773585,69.64773585,30.14239801,5.11E-08,0.566931657,0.110449111,5.132967152,3.35E-07,0.425345135,0.102866139,4.134938287,3.85E-05,NA,NA,NA,NA,NA,NA,NA,NA,NA,NA,NA,NA,NA,NA,0.011885,0,0.658744,0,0.329372
2601708|.|T|C|.|.|GT,NA,NA,268,210,299,363,47.26631393,63.35078534,1.549354993,3.14E-04,1,0.038006558,75,48,51,0.002444228,0.020298407,1,32.66144421,32.66144421,14.12938931,1.81E-04,0.381747658,0.105874245,3.605670646,3.25E-04,0.405715109,0.099346581,4.083835642,4.79E-05,NA,NA,NA,NA,NA,NA,NA,NA,NA,NA,NA,NA,NA,NA,0.011885,0,0.420204,0.567912,0
2677787|.|C|T|.|.|GT,NA,NA,334,276,233,297,58.90652557,51.83246073,1.542545251,2.93E-04,1,0.049669657,74,49,48,0.007084253,0.014079981,1,43.92826512,43.92826512,18.9018576,1.52E-05,0.493274686,0.104303345,4.729231719,2.54E-06,0.33394886,0.099146443,3.36823845,7.86E-04,NA,NA,NA,NA,NA,NA,NA,NA,NA,NA,NA,NA,NA,NA,0.011885,0,0.452462,0.535654,0
2840038|.|C|T|.|.|GT,NA,NA,344,283,223,290,60.670194,50.61082024,1.580757103,1.39E-04,1,0.019890778,78,54,53,9.01E-04,0.00203114,1,39.46883827,39.46883827,16.85863828,4.36E-05,0.32126413,0.105130721,3.055853955,0.002296478,0.200809902,0.09944582,2.019289512,0.043728699,NA,NA,NA,NA,NA,NA,NA,NA,NA,NA,NA,NA,NA,NA,0.011885,0,0.449915,0.5382,0
2945649|.|T|C|.|.|GT,NA,NA,389,332,178,241,68.60670194,42.05933682,1.586384865,2.24E-04,1,0.03401385,76,48,55,1.21E-04,0.028626656,1,81.82781331,81.82781331,35.94597031,2.85E-09,0.560183324,0.107669731,5.202793018,2.33E-07,0.572477538,0.101045817,5.665524377,1.93E-08,NA,NA,NA,NA,NA,NA,NA,NA,NA,NA,NA,NA,NA,NA,0.011885,0,0.617997,0.370119,0
2947922|.|G|A|.|.|GT,NA,NA,382,326,185,247,67.37213404,43.10645724,1.564483502,3.12E-04,1,0.045168364,76,51,49,0.003836236,0.015440262,1,49.28583502,49.28583502,21.39202805,4.24E-06,0.438443695,0.107488665,4.078976079,4.84E-05,0.449806464,0.100591222,4.471627414,8.67E-06,NA,NA,NA,NA,NA,NA,NA,NA,NA,NA,NA,NA,NA,NA,0.011885,0.604414,0,0,0.383701
3035865|.|C|T|.|.|GT,NA,NA,285,206,282,367,50.26455026,64.04886562,1.800506094,1.22E-06,0.031198059,4.16E-04,80,51,51,0.018316098,0.018316098,1,60.29898787,60.29898787,26.29794149,3.52E-07,0.462344973,0.10518508,4.395537609,1.21E-05,0.489930601,0.098369571,4.980509688,7.49E-07,NA,NA,NA,NA,NA,NA,NA,NA,NA,NA,NA,NA,NA,NA,0.011885,0,0.559423,0.428693,0
3038257|.|A|G|.|.|GT,NA,NA,267,195,300,378,47.08994709,65.96858639,1.725230769,7.87E-06,0.200768513,0.002225674,76,48,52,0.001761872,0.028626656,1,60.74731364,60.74731364,26.33967854,3.45E-07,0.513564925,0.105899839,4.849534512,1.41E-06,0.432357007,0.099275819,4.355108939,1.47E-05,NA,NA,NA,NA,NA,NA,NA,NA,NA,NA,NA,NA,NA,NA,0.011885,0.596774,0,0,0.391341
3210425|.|G|A|.|.|GT,NA,NA,243,174,324,399,42.85714286,69.63350785,1.719827586,1.25E-05,0.318052332,0.001439151,55,36,39,0.002667262,0.030028945,1,81.79294797,81.79294797,35.52179924,3.51E-09,0.60013537,0.107591681,5.577897493,3.04E-08,0.466852782,0.102934647,4.535428976,6.46E-06,NA,NA,NA,NA,NA,NA,NA,NA,NA,NA,NA,NA,NA,NA,0.011885,0.355688,0,0,0.632428
3210427|.|G|A|.|.|GT,NA,NA,243,174,324,399,42.85714286,69.63350785,1.719827586,1.25E-05,0.318052332,0.001439151,55,36,39,0.002667262,0.030028945,1,81.79294797,81.79294797,35.52179924,3.51E-09,0.60013537,0.107591681,5.577897493,3.04E-08,0.466852782,0.102934647,4.535428976,6.46E-06,NA,NA,NA,NA,NA,NA,NA,NA,NA,NA,NA,NA,NA,NA,0.011885,0.355688,0,0,0.632428
3211189|.|C|G|.|.|GT,NA,NA,373,311,194,262,65.78483245,45.72425829,1.619750058,8.37E-05,1,0.007812412,104,70,68,5.34E-04,0.002209433,1,54.74470999,54.74470999,23.4536279,1.49E-06,0.419355102,0.106454361,3.939294723,8.67E-05,0.269730046,0.101730556,2.651416211,0.00814473,NA,NA,NA,NA,NA,NA,NA,NA,NA,NA,NA,NA,NA,NA,0.011885,0,0.400679,0,0.587436
3336896|.|A|G|.|.|GT,NA,NA,287,219,280,354,50.61728395,61.78010471,1.656849315,2.95E-05,0.752636262,0.005155043,79,49,56,2.64E-04,0.042165444,1,44.02799841,44.02799841,19.04137515,1.41E-05,0.417279133,0.104992867,3.974356982,7.50E-05,0.400834373,0.098963284,4.050334184,5.52E-05,NA,NA,NA,NA,NA,NA,NA,NA,NA,NA,NA,NA,NA,NA,0.011885,0.542445,0,0,0.445671
3354273|.|G|A|.|.|GT,NA,NA,355,296,212,277,62.61022928,48.34205934,1.567041688,2.06E-04,1,0.026648396,83,51,52,0.027534178,0.047524889,1,51.97271009,51.97271009,22.35817501,2.59E-06,0.440016007,0.105322917,4.177780289,3.17E-05,0.329733032,0.098890047,3.334339912,8.87E-04,NA,NA,NA,NA,NA,NA,NA,NA,NA,NA,NA,NA,NA,NA,0.011885,0.561121,0,0,0.426995
3661345|.|C|T|.|.|GT,NA,NA,329,258,238,315,58.02469136,54.97382199,1.687756498,1.16E-05,0.295283679,0.002801524,66,44,50,3.33E-05,0.00921049,1,78.8672097,78.8672097,34.21132271,6.73E-09,0.471269211,0.104164629,4.524272928,6.70E-06,0.429056003,0.097400754,4.405058326,1.17E-05,NA,NA,NA,NA,NA,NA,NA,NA,NA,NA,NA,NA,NA,NA,0.011885,0,0.468591,0.519525,0
4055754|.|G|A|.|.|GT,NA,NA,352,286,215,287,62.08112875,50.08726003,1.64293381,3.81E-05,0.972198626,0.005652318,84,54,55,0.006037958,0.011634454,1,50.37864933,50.37864933,21.70183737,3.62E-06,0.522372809,0.104666858,4.990813906,6.95E-07,0.352398992,0.09981628,3.530476105,4.34E-04,NA,NA,NA,NA,NA,NA,NA,NA,NA,NA,NA,NA,NA,NA,0.011885,0.557725,0,0,0.43039
3967771|.|G|C|.|.|GT,NA,NA,294,227,273,346,51.85185185,60.38394415,1.641477465,4.01E-05,1,0.005915917,77,49,51,0.005870708,0.022033459,1,95.41518556,95.41518556,41.68759535,1.68E-10,0.564455751,0.104104723,5.421999465,7.19E-08,0.507448423,0.098375228,5.158294775,3.01E-07,NA,NA,NA,NA,NA,NA,NA,NA,NA,NA,NA,NA,NA,NA,0.011885,0,0.450764,0,0.537351
4023393|.|C|G|.|.|GT,NA,NA,339,277,228,296,59.78835979,51.65794066,1.588827665,1.12E-04,1,0.014078172,82,54,58,2.22E-04,0.005435925,1,50.66382333,50.66382333,21.87045858,3.33E-06,0.420079891,0.104656023,4.013910338,6.36E-05,0.376640211,0.098747347,3.814180576,1.45E-04,NA,NA,NA,NA,NA,NA,NA,NA,NA,NA,NA,NA,NA,NA,0.011885,0,0.44652,0,0.541596
4229359|.|T|C|.|.|GT,NA,NA,367,302,200,271,64.72663139,47.29493892,1.646639073,4.24E-05,1,0.005556702,70,49,49,0.001093245,0.001093245,1,49.00536357,49.00536357,21.23492101,4.60E-06,0.40372479,0.105998284,3.808786094,1.47E-04,0.422663796,0.098719661,4.281455109,2.04E-05,NA,NA,NA,NA,NA,NA,NA,NA,NA,NA,NA,NA,NA,NA,0.011885,0,0.584041,0.404075,0
4247783|.|G|A|.|.|GT,NA,NA,343,286,224,287,60.49382716,50.08726003,1.536604021,3.52E-04,1,0.033938484,83,53,54,0.008036706,0.015232202,1,48.45565153,48.45565153,20.99790555,5.19E-06,0.397023788,0.104960044,3.782618336,1.63E-04,0.419083031,0.097733105,4.28803559,1.98E-05,NA,NA,NA,NA,NA,NA,NA,NA,NA,NA,NA,NA,NA,NA,0.011885,0.5382,0,0,0.449915
4944889|.|G|A|.|.|GT,NA,NA,305,244,262,329,53.79188713,57.41710297,1.569656489,1.86E-04,1,0.028981998,74,49,54,9.61E-05,0.007084253,1,61.15554879,61.15554879,26.5243678,3.14E-07,0.458535412,0.104239381,4.398869281,1.19E-05,0.426574456,0.09720861,4.388237378,1.27E-05,NA,NA,NA,NA,NA,NA,NA,NA,NA,NA,NA,NA,NA,NA,0.011885,0.477929,0,0,0.510187
8615|.|C|T|.|.|GT,NA,NA,346,258,221,315,61.02292769,54.97382199,1.911501631,6.48E-08,0.001654797,3.01E-05,85,54,53,0.016508822,0.029456362,1,67.94729025,67.94729025,29.62873908,6.61E-08,0.575875641,0.103844091,5.545579317,3.64E-08,0.480939791,0.096884658,4.964044892,8.14E-07,NA,NA,NA,NA,NA,NA,NA,NA,NA,NA,NA,NA,NA,NA,0.011036,0,0.460102,0.528862,0
126525|.|G|C|.|.|GT,NA,NA,316,255,251,318,55.7319224,55.4973822,1.570002344,1.52E-04,1,0.010684657,76,49,48,0.015440262,0.028626656,1,50.32666876,50.32666876,21.71842314,3.59E-06,0.384960377,0.104429007,3.686335688,2.38E-04,0.367981479,0.097479238,3.774972877,1.70E-04,NA,NA,NA,NA,NA,NA,NA,NA,NA,NA,NA,NA,NA,NA,0.011036,0,0.496604,0,0.49236
252615|.|A|G|.|.|GT,NA,NA,304,207,263,366,53.61552028,63.87434555,2.043753789,3.41E-09,8.70E-05,4.58E-06,63,47,43,1.17E-04,0.005152397,1,80.96249793,80.96249793,35.25161749,4.02E-09,0.579441281,0.104231562,5.559172977,3.38E-08,0.4729512,0.098302916,4.811161458,1.74E-06,HF536482,252615,snp,A,G,G:187 A:1,CDS,+,467/528,156/175,missense_variant c.467A>G p.Asp156Gly,BN373_02391,NA,"acetyltransferase, GNAT family",0.011036,0.541596,0,0,0.447368
391417|.|A|G|.|.|GT,NA,NA,390,329,177,244,68.78306878,42.58289703,1.634124981,8.40E-05,1,0.006627165,70,48,46,0.002547565,0.01152641,1,52.20665684,52.20665684,22.54583803,2.36E-06,0.464015856,0.107908228,4.300097098,1.85E-05,0.393348194,0.101690999,3.868072868,1.17E-04,NA,NA,NA,NA,NA,NA,NA,NA,NA,NA,NA,NA,NA,NA,0.011036,0.368421,0,0,0.620543
391420|.|C|T|.|.|GT,NA,NA,390,329,177,244,68.78306878,42.58289703,1.634124981,8.40E-05,1,0.006627165,70,48,46,0.002547565,0.01152641,1,52.20665684,52.20665684,22.54583803,2.36E-06,0.464015856,0.107908228,4.300097098,1.85E-05,0.393348194,0.101690999,3.868072868,1.17E-04,NA,NA,NA,NA,NA,NA,NA,NA,NA,NA,NA,NA,NA,NA,0.011036,0,0.368421,0.620543,0
391902|.|C|G|.|.|GT,NA,NA,333,277,234,296,58.73015873,51.65794066,1.520688698,4.61E-04,1,0.02676445,79,49,51,0.012812402,0.042165444,1,20.53287033,20.53287033,8.756735686,0.003158717,0.335292154,0.104827118,3.198524962,0.00141943,0.158806504,0.099519325,1.595735346,0.110869969,NA,NA,NA,NA,NA,NA,NA,NA,NA,NA,NA,NA,NA,NA,0.011036,0,0.459253,0,0.529711
524436|.|C|G|.|.|GT,NA,NA,367,292,200,281,64.72663139,49.04013962,1.765873288,2.82E-06,0.072236986,8.30E-04,86,57,53,0.003353275,0.039853629,1,71.32742907,71.32742907,31.10729645,3.16E-08,0.529538291,0.10516015,5.035541442,5.54E-07,0.489246546,0.098259911,4.979106364,7.54E-07,HF536482,524436,snp,C,G,G:158 C:0,CDS,-,125/774,42/257,missense_variant c.125G>C p.Ser42Thr,BN373_04881,NA,conserved hypothetical protein,0.011036,0,0.413413,0,0.575552
501193|.|C|G|.|.|GT,NA,NA,260,194,307,379,45.85537919,66.14310646,1.654521643,3.84E-05,0.982723712,0.007059883,61,40,48,7.67E-06,0.020414714,1,73.09165385,73.09165385,31.5683751,2.51E-08,0.504964822,0.10628713,4.750949833,2.28E-06,0.392973997,0.101253848,3.881077143,1.11E-04,NA,NA,NA,NA,NA,NA,NA,NA,NA,NA,NA,NA,NA,NA,0.011036,0,0.591681,0,0.397284
648256|.|G|A|.|.|GT,NA,NA,291,220,276,353,51.32275132,61.60558464,1.691749012,1.34E-05,0.344809611,0.004789022,81,52,53,0.007275502,0.013999474,1,62.44690524,62.44690524,26.97294141,2.51E-07,0.542924166,0.104384397,5.20120039,2.35E-07,0.385335438,0.09903756,3.890800995,1.07E-04,NA,NA,NA,NA,NA,NA,NA,NA,NA,NA,NA,NA,NA,NA,0.011036,0.449915,0,0,0.539049
1422111|.|A|G|.|.|GT,NA,NA,394,306,173,267,69.48853616,46.59685864,1.987192565,2.85E-08,7.27E-04,1.84E-05,87,54,55,0.017827553,0.03141811,1,45.22427742,45.22427742,19.5617267,1.08E-05,0.46053707,0.107026902,4.303002897,1.83E-05,0.404769096,0.099474943,4.069055806,5.10E-05,NA,NA,NA,NA,NA,NA,NA,NA,NA,NA,NA,NA,NA,NA,0.011036,0.370968,0,0,0.617997
1535437|.|G|A|.|.|GT,NA,NA,248,187,319,386,43.73897707,67.36474695,1.604747456,1.22E-04,1,0.026550405,91,58,58,0.011456341,0.011456341,1,47.15705987,47.15705987,20.29417235,7.44E-06,0.426161101,0.107338681,3.970247246,7.63E-05,0.341776341,0.100820688,3.389942551,7.27E-04,HF536482,1535437,snp,G,A,A:150 G:0,CDS,+,197/420,66/139,missense_variant c.197G>A p.Arg66His,BN373_14341,bssR,biofilm regulator BssR,0.011036,0.375212,0,0,0.613752
1633041|.|T|C|.|.|GT,NA,NA,299,238,268,335,52.73368607,58.46422339,1.570378151,1.83E-04,1,0.035939766,68,43,53,4.12E-06,0.038460053,1,42.69922854,42.69922854,18.33619662,2.03E-05,0.371178877,0.104639534,3.547214561,4.05E-04,0.301050011,0.098420442,3.058815887,0.002282455,NA,NA,NA,NA,NA,NA,NA,NA,NA,NA,NA,NA,NA,NA,0.011036,0,0.460102,0.528862,0
1937078|.|G|A|.|.|GT,NA,NA,360,267,207,306,63.49206349,53.40314136,1.993160723,1.04E-08,2.65E-04,4.48E-06,72,51,46,5.35E-04,0.024460907,1,98.48044153,98.48044153,43.20676982,7.99E-11,0.579231126,0.104155366,5.561222148,3.34E-08,0.543568938,0.097909518,5.551747658,3.64E-08,NA,NA,NA,NA,NA,NA,NA,NA,NA,NA,NA,NA,NA,NA,0.011036,0.550085,0,0,0.438879
1952540|.|G|A|.|.|GT,NA,NA,327,247,240,326,57.67195767,56.89354276,1.798279352,8.80E-07,0.022400035,1.81E-04,72,47,48,0.006309827,0.012774596,1,127.7584035,127.7584035,56.11706171,1.52E-13,0.569908598,0.103684635,5.49655786,4.78E-08,0.549686457,0.097177898,5.656496654,2.03E-08,NA,NA,NA,NA,NA,NA,NA,NA,NA,NA,NA,NA,NA,NA,0.011036,0.490662,0,0,0.498302
1998067|.|A|G|.|.|GT,NA,NA,458,408,109,165,80.77601411,28.79581152,1.699271452,1.77E-04,1,0.02163285,67,49,42,1.94E-04,0.049800114,1,50.45800533,50.45800533,21.81539738,3.42E-06,0.461906065,0.122005848,3.785933798,1.61E-04,0.452314438,0.112754244,4.011506981,6.49E-05,NA,NA,NA,NA,NA,NA,NA,NA,NA,NA,NA,NA,NA,NA,0.011036,0.241935,0,0,0.747029
2162557|.|G|A|.|.|GT,NA,NA,303,214,264,359,53.43915344,62.65270506,1.925392948,5.80E-08,0.001476537,2.08E-05,70,45,52,5.85E-05,0.022462895,1,86.88042676,86.88042676,38.08596631,9.89E-10,0.578406168,0.104122839,5.55503645,3.45E-08,0.532633179,0.09726718,5.475980486,5.53E-08,NA,NA,NA,NA,NA,NA,NA,NA,NA,NA,NA,NA,NA,NA,0.011036,0.443124,0,0,0.54584
2199018|.|A|G|.|.|GT,NA,NA,493,449,74,124,86.94885362,21.64048866,1.839884428,1.65E-04,1,0.020698731,63,51,23,7.46E-07,0.042956546,1,17.2670039,17.2670039,7.421009807,0.006561241,0.340799728,0.138003806,2.469495135,0.013676307,0.408635082,0.128135263,3.189091541,0.001472434,NA,NA,NA,NA,NA,NA,NA,NA,NA,NA,NA,NA,NA,NA,0.011036,0.175722,0,0,0.813243
2576171|.|T|C|.|.|GT,NA,NA,393,337,174,236,69.31216931,41.18673647,1.581704697,2.67E-04,1,0.033261926,84,63,53,4.97E-06,0.02138319,1,27.94734622,27.94734622,11.99954174,5.55E-04,0.260357499,0.109178519,2.384695291,0.017256284,0.308751091,0.101749015,3.034438126,0.00247335,NA,NA,NA,NA,NA,NA,NA,NA,NA,NA,NA,NA,NA,NA,0.011036,0,0.627334,0.36163,0
2639343|.|G|A|.|.|GT,NA,NA,241,156,326,417,42.50440917,72.77486911,1.976109014,6.11E-08,0.001556526,3.08E-05,44,29,31,0.009559879,0.048766766,1,90.29888012,90.29888012,39.39700983,5.18E-10,0.60621096,0.10877683,5.572978737,3.12E-08,0.511341752,0.101867113,5.019694147,6.14E-07,NA,NA,NA,NA,NA,NA,NA,NA,NA,NA,NA,NA,NA,NA,0.011036,0.34635,0,0,0.642615
2676742|.|C|T|.|.|GT,NA,NA,360,292,207,281,63.49206349,49.04013962,1.673615247,2.11E-05,0.536872216,0.004880657,87,59,54,0.001168637,0.03141811,1,54.55272206,54.55272206,23.52295053,1.43E-06,0.430377247,0.105413025,4.082771046,4.76E-05,0.364127228,0.099331898,3.665763315,2.60E-04,NA,NA,NA,NA,NA,NA,NA,NA,NA,NA,NA,NA,NA,NA,0.011036,0,0.416808,0.572156,0
2840029|.|T|C|.|.|GT,NA,NA,343,282,224,291,60.49382716,50.78534031,1.580119681,1.39E-04,1,0.019894406,79,55,54,6.39E-04,0.001466072,1,37.86879236,37.86879236,16.17415728,6.22E-05,0.313801434,0.105132252,2.984825582,0.002898007,0.199092383,0.099370562,2.003534843,0.045394547,NA,NA,NA,NA,NA,NA,NA,NA,NA,NA,NA,NA,NA,NA,0.011036,0,0.537351,0.451613,0
3155377|.|A|G|.|.|GT,NA,NA,441,390,126,183,77.77777778,31.93717277,1.642307692,2.44E-04,1,0.020100338,85,58,54,0.001016221,0.016508822,1,27.75246747,27.75246747,11.9344935,5.75E-04,0.340829148,0.11773347,2.89492145,0.003864955,0.357242897,0.108929783,3.279570432,0.001076229,HF536482,3155377,snp,A,G,G:228 A:0,NA,NA,NA,NA,NA,NA,NA,NA,0.011036,0.258065,0,0,0.7309
3119241|.|G|C|.|.|GT,NA,NA,227,172,340,401,40.03527337,69.98254799,1.556549248,4.03E-04,1,0.031571748,68,43,47,0.002186243,0.038460053,1,35.82145414,35.82145414,15.35648991,9.52E-05,0.377973247,0.109551365,3.450192032,5.81E-04,0.285601154,0.103129886,2.769334529,0.005723049,HF536482,3119241,snp,G,C,C:133 G:0,CDS,-,73/570,25/189,missense_variant c.73C>G p.Gln25Glu,BN373_29731,NA,conserved hypothetical protein,0.011036,0,0.349745,0,0.639219
3277961|.|G|T|.|.|GT,NA,NA,316,239,251,334,55.7319224,58.28970332,1.759389221,2.75E-06,0.069765554,2.26E-04,100,63,69,1.83E-04,0.012032976,1,58.5737232,58.5737232,25.27771751,5.90E-07,0.536832751,0.103880063,5.167813116,2.80E-07,0.372300528,0.098584375,3.776465859,1.69E-04,NA,NA,NA,NA,NA,NA,NA,NA,NA,NA,NA,NA,NA,NA,0.011036,0,0,0.48472,0.504244
3289040|.|T|C|.|.|GT,NA,NA,366,315,201,258,64.55026455,45.02617801,1.491400142,0.001103129,1,0.045156988,117,74,75,0.002928128,0.005319279,1,58.28066695,58.28066695,25.06678027,6.56E-07,0.464842809,0.106249299,4.37501999,1.33E-05,0.331311691,0.100263068,3.304424032,9.86E-04,NA,NA,NA,NA,NA,NA,NA,NA,NA,NA,NA,NA,NA,NA,0.011036,0,0.58489,0.404075,0
3328843|.|C|T|.|.|GT,NA,NA,381,306,186,267,67.1957672,46.59685864,1.787318153,2.26E-06,0.057745796,0.000566135,99,64,61,0.004640654,0.026525107,1,76.88346602,76.88346602,33.3493434,1.03E-08,0.55913123,0.106048599,5.272405646,1.61E-07,0.438395463,0.099633673,4.400073272,1.20E-05,NA,NA,NA,NA,NA,NA,NA,NA,NA,NA,NA,NA,NA,NA,0.011036,0,0.394737,0.594228,0
3503862|.|G|A|.|.|GT,NA,NA,343,281,224,292,60.49382716,50.95986038,1.591192171,1.10E-04,1,0.010828806,82,51,59,8.72E-05,0.03524144,1,73.50720831,73.50720831,32.14080684,1.89E-08,0.538107435,0.104294795,5.159485043,2.92E-07,0.511174893,0.097670372,5.233674093,2.03E-07,NA,NA,NA,NA,NA,NA,NA,NA,NA,NA,NA,NA,NA,NA,0.011036,0.54584,0,0,0.443124
3503874|.|T|C|.|.|GT,NA,NA,344,283,223,290,60.670194,50.61082024,1.580757103,1.39E-04,1,0.013375735,83,52,59,1.55E-04,0.027534178,1,71.97385179,71.97385179,31.46874647,2.64E-08,0.529222993,0.104388936,5.06972303,4.65E-07,0.510980074,0.097724921,5.228759138,2.09E-07,NA,NA,NA,NA,NA,NA,NA,NA,NA,NA,NA,NA,NA,NA,0.011036,0,0.548387,0.440577,0
3870725|.|G|A|.|.|GT,NA,NA,292,228,275,345,51.49911817,60.20942408,1.606698565,8.55E-05,1,0.015592622,73,47,51,9.14E-04,0.018617751,1,48.52938226,48.52938226,20.907546,5.44E-06,0.405298851,0.104754093,3.869050279,1.15E-04,0.349352153,0.098517442,3.546094421,4.09E-04,NA,NA,NA,NA,NA,NA,NA,NA,NA,NA,NA,NA,NA,NA,0.011036,0.450764,0,0,0.5382
3993654|.|A|G|.|.|GT,NA,NA,369,306,198,267,65.07936508,46.59685864,1.626114082,6.86E-05,1,0.0095835,86,57,53,0.003353275,0.039853629,1,30.17509325,30.17509325,12.96347149,3.34E-04,0.345279763,0.1063526,3.246556865,0.001202165,0.310287125,0.09924518,3.12647049,0.00182126,NA,NA,NA,NA,NA,NA,NA,NA,NA,NA,NA,NA,NA,NA,0.011036,0.401528,0,0,0.587436
4099677|.|C|T|.|.|GT,NA,NA,320,228,247,345,56.43738977,60.20942408,1.960366503,2.34E-08,5.95E-04,1.14E-05,77,51,52,0.002799054,0.005870708,1,114.2090832,114.2090832,49.84442628,3.15E-12,0.624338373,0.103494325,6.032585585,2.18E-09,0.494717088,0.097948817,5.050771452,5.25E-07,NA,NA,NA,NA,NA,NA,NA,NA,NA,NA,NA,NA,NA,NA,0.011036,0,0.521222,0.467742,0
4114679|.|C|T|.|.|GT,NA,NA,310,236,257,337,54.67372134,58.81326353,1.722449383,6.42E-06,0.162957401,0.001494049,73,50,50,0.002118173,0.002118173,1,73.74544288,73.74544288,32.17389513,1.85E-08,0.577202455,0.103742204,5.56381522,3.29E-08,0.490806696,0.097832195,5.016821871,6.23E-07,NA,NA,NA,NA,NA,NA,NA,NA,NA,NA,NA,NA,NA,NA,0.011036,0,0.509338,0.479626,0
4349573|.|C|T|.|.|GT,NA,NA,312,245,255,328,55.02645503,57.2425829,1.638031212,4.26E-05,1,0.007755679,73,47,48,0.009542211,0.018617751,1,41.11754106,41.11754106,17.76566158,2.73E-05,0.443168155,0.104249311,4.251041578,2.30E-05,0.384942604,0.097926316,3.930941354,9.06E-05,NA,NA,NA,NA,NA,NA,NA,NA,NA,NA,NA,NA,NA,NA,0.011036,0,0.498302,0.490662,0
4451282|.|C|T,A|.|.|GT,NA,333,270,234,303,58.73015873,52.87958115,1.597008547,9.02E-05,1,0.0186508,200,127,116,1.64E-04,0.028125407,1,40.22151939,40.22151939,17.32222518,3.43E-05,0.356018197,0.104696428,3.40048082,6.96E-04,0.341551,0.097687293,3.496370829,4.93E-04,NA,NA,NA,NA,NA,NA,NA,NA,NA,NA,NA,NA,NA,NA,0.011036,0.002547,0.462649,0.523769,0
4605677|.|A|G|.|.|GT,NA,NA,403,336,164,237,71.07583774,41.36125654,1.73328615,1.36E-05,0.348088832,0.003412636,88,56,55,0.013750386,0.024622832,1,36.49445111,36.49445111,15.66131566,8.12E-05,0.463981405,0.109070146,4.253972522,2.27E-05,0.303215145,0.102798208,2.949615097,0.003257241,NA,NA,NA,NA,NA,NA,NA,NA,NA,NA,NA,NA,NA,NA,0.011036,0.342954,0,0,0.64601
4667079|.|G|A|.|.|GT,NA,NA,311,217,256,356,54.85008818,62.12914485,1.993015553,1.10E-08,2.79E-04,6.34E-06,68,47,45,0.002186243,0.010337661,1,103.0693333,103.0693333,45.83144782,2.22E-11,0.660297616,0.103502312,6.37954461,2.58E-10,0.64539695,0.096747273,6.67095753,4.24E-11,NA,NA,NA,NA,NA,NA,NA,NA,NA,NA,NA,NA,NA,NA,0.011036,0.45416,0,0,0.534805
4732145|.|C|T|.|.|GT,NA,NA,295,231,272,342,52.02821869,59.68586387,1.605710466,8.67E-05,1,0.014819435,69,45,49,6.36E-04,0.015432297,1,49.42161294,49.42161294,21.39318255,4.24E-06,0.356757206,0.104818551,3.403569347,6.88E-04,0.405620176,0.097522738,4.15923697,3.47E-05,NA,NA,NA,NA,NA,NA,NA,NA,NA,NA,NA,NA,NA,NA,0.011036,0,0.541596,0.447368,0
4838712|.|G|A|.|.|GT,NA,NA,234,160,333,413,41.26984127,72.07678883,1.813851351,2.18E-06,0.055668668,7.95E-04,61,43,39,0.001868101,0.039617015,1,61.4155366,61.4155366,26.42589784,3.30E-07,0.499524384,0.109450261,4.563939645,5.57E-06,0.34846984,0.103550799,3.365206664,7.95E-04,NA,NA,NA,NA,NA,NA,NA,NA,NA,NA,NA,NA,NA,NA,0.011036,0.343803,0,0,0.645161
4940595|.|C|T|.|.|GT,NA,NA,279,184,288,389,49.20634921,67.88830716,2.048063859,4.55E-09,1.16E-04,1.33E-05,59,42,40,0.001547167,0.0086415,1,146.5230073,146.5230073,65.10839136,2.06E-15,0.682644034,0.105019984,6.50013461,1.20E-10,0.651839423,0.098507748,6.617138598,6.01E-11,NA,NA,NA,NA,NA,NA,NA,NA,NA,NA,NA,NA,NA,NA,0.011036,0,0.595925,0.393039,0
5123363|.|G|A|.|.|GT,NA,NA,238,160,329,413,41.97530864,72.07678883,1.867287234,6.54E-07,0.016682672,2.34E-04,40,28,27,0.016589003,0.038477308,1,77.43427963,77.43427963,33.51563403,9.51E-09,0.621029746,0.108638011,5.716505094,1.39E-08,0.432594104,0.10431554,4.146976615,3.66E-05,NA,NA,NA,NA,NA,NA,NA,NA,NA,NA,NA,NA,NA,NA,0.011036,0.348048,0,0,0.640917
188381|.|A|G|.|.|GT,NA,NA,303,237,264,336,53.43915344,58.63874346,1.627157652,5.39E-05,1,0.004614482,81,52,52,0.013999474,0.013999474,1,72.43049122,72.43049122,31.2897971,2.88E-08,0.499053187,0.104150897,4.791636013,1.87E-06,0.383382108,0.098061717,3.909600189,9.88E-05,NA,NA,NA,NA,NA,NA,NA,NA,NA,NA,NA,NA,NA,NA,0.010187,0.519525,0,0,0.470289
279317|.|C|T|.|.|GT,NA,NA,341,280,226,293,60.14109347,51.13438045,1.578903287,1.41E-04,1,0.01339702,73,48,53,1.42E-04,0.009542211,1,61.81012387,61.81012387,26.83825889,2.68E-07,0.497194943,0.104422007,4.761400011,2.17E-06,0.446187505,0.098846803,4.513929566,7.14E-06,NA,NA,NA,NA,NA,NA,NA,NA,NA,NA,NA,NA,NA,NA,0.010187,0,0.457555,0.532258,0
279319|.|G|A|.|.|GT,NA,NA,341,280,226,293,60.14109347,51.13438045,1.578903287,1.41E-04,1,0.01339702,73,48,53,1.42E-04,0.009542211,1,60.57591233,60.57591233,26.29763229,3.53E-07,0.493187756,0.104455387,4.721515747,2.63E-06,0.444344573,0.098876048,4.493955652,7.82E-06,NA,NA,NA,NA,NA,NA,NA,NA,NA,NA,NA,NA,NA,NA,0.010187,0.532258,0,0,0.457555
391516|.|C|T|.|.|GT,NA,NA,310,208,257,365,54.67372134,63.69982548,2.116694104,5.54E-10,1.41E-05,1.56E-06,60,41,39,0.006217603,0.027340134,1,156.6768218,156.6768218,69.94155658,2.08E-16,0.781300036,0.102916553,7.591587708,6.56E-14,0.673013352,0.096623849,6.965292302,6.00E-12,NA,NA,NA,NA,NA,NA,NA,NA,NA,NA,NA,NA,NA,NA,0.010187,0,0.544143,0.445671,0
396166|.|C|T|.|.|GT,NA,NA,326,251,241,322,57.49559083,56.19546248,1.735332529,3.83E-06,0.097422741,5.47E-04,65,44,49,5.08E-05,0.005918433,1,114.8820435,114.8820435,50.58609066,2.20E-12,0.634339856,0.103361891,6.13707676,1.16E-09,0.57113076,0.097231468,5.873929242,5.82E-09,NA,NA,NA,NA,NA,NA,NA,NA,NA,NA,NA,NA,NA,NA,0.010187,0,0.493209,0.496604,0
396167|.|C|T|.|.|GT,NA,NA,326,251,241,322,57.49559083,56.19546248,1.735332529,3.83E-06,0.097422741,5.47E-04,65,44,49,5.08E-05,0.005918433,1,114.8820435,114.8820435,50.58609066,2.20E-12,0.634339856,0.103361891,6.13707676,1.16E-09,0.57113076,0.097231468,5.873929242,5.82E-09,NA,NA,NA,NA,NA,NA,NA,NA,NA,NA,NA,NA,NA,NA,0.010187,0,0.493209,0.496604,0
391591|.|G|A|.|.|GT,NA,NA,199,137,368,436,35.09700176,76.09075044,1.720961599,4.12E-05,1,0.00381869,38,26,28,0.005097643,0.03355244,1,83.7135758,83.7135758,36.23758016,2.47E-09,0.612592524,0.113765869,5.384677556,8.81E-08,0.44929626,0.10798919,4.160567013,3.45E-05,NA,NA,NA,NA,NA,NA,NA,NA,NA,NA,NA,NA,NA,NA,0.010187,0.290323,0,0,0.699491
391587|.|T|C|.|.|GT,NA,NA,236,173,331,400,41.62257496,69.80802792,1.648533957,5.97E-05,1,0.00512009,48,32,32,0.029304947,0.029304947,1,66.07321884,66.07321884,28.50548849,1.16E-07,0.523916976,0.108402831,4.833056221,1.53E-06,0.381455813,0.102097109,3.736205838,1.98E-04,HF536482,391587,snp,T,C,C:117 T:0,CDS,-,94/3150,32/1049,missense_variant c.94A>G p.Ile32Val,BN373_03611,cusA,cation efflux system protein CusA,0.010187,0,0.354839,0.634975,0
408196|.|G|A|.|.|GT,NA,NA,332,271,235,302,58.55379189,52.70506108,1.574373871,1.47E-04,1,0.010521484,77,48,59,3.06E-06,0.039539533,1,15.29844264,15.29844264,6.580469531,0.010458061,0.315395623,0.104821757,3.008875564,0.002679852,0.324201893,0.097747995,3.316711424,9.44E-04,NA,NA,NA,NA,NA,NA,NA,NA,NA,NA,NA,NA,NA,NA,0.010187,0.529711,0,0,0.460102
991421|.|C|T|.|.|GT,NA,NA,319,262,248,311,56.26102293,54.27574171,1.52685607,3.82E-04,1,0.029039068,84,54,58,6.28E-04,0.011634454,1,60.51639622,60.51639622,25.95647145,4.19E-07,0.458702453,0.104186496,4.402705441,1.17E-05,0.283045637,0.098971024,2.859883903,0.004327824,NA,NA,NA,NA,NA,NA,NA,NA,NA,NA,NA,NA,NA,NA,0.010187,0,0.477929,0.511885,0
1293040|.|G|A,C|.|.|GT,NA,141,95,426,478,24.86772487,83.42059337,1.665381764,5.84E-04,1,0.038106085,75,50,48,0.005228243,0.020298407,1,61.37778255,61.37778255,26.63733884,2.97E-07,0.55370177,0.128594857,4.305784714,1.81E-05,0.546163132,0.122494578,4.458671888,9.20E-06,NA,NA,NA,NA,NA,NA,NA,NA,NA,NA,NA,NA,NA,NA,0.010187,0.202886,0.003396,0,0.783531
2278785|.|G|A|.|.|GT,NA,NA,323,257,244,316,56.9664903,55.14834206,1.627671111,4.39E-05,1,0.008740079,74,47,49,0.007084253,0.026516833,1,83.55483037,83.55483037,36.19171061,2.52E-09,0.593991626,0.103580715,5.734577407,1.25E-08,0.423188941,0.099910632,4.235674733,2.49E-05,NA,NA,NA,NA,NA,NA,NA,NA,NA,NA,NA,NA,NA,NA,0.010187,0.511036,0,0,0.478778
2358503|.|T|G|.|.|GT,NA,NA,25,5,542,568,4.409171076,99.12739965,5.239852399,1.49E-04,1,0.018210347,23,20,5,4.88E-04,0.010622025,1,38.83496983,38.83496983,16.63869852,4.89E-05,1.109784266,0.326480424,3.399236778,6.99E-04,0.778010731,0.292087768,2.663619696,0.007857199,HF536482,2358503,snp,T,G,G:150 T:0,CDS,+,304/312,102/103,missense_variant c.304T>G p.Ser102Ala,BN373_22361,NA,conserved hypothetical protein,0.010187,0,0,0.964346,0.025467
2359477|.|C|T|.|.|GT,NA,NA,321,265,246,308,56.61375661,53.7521815,1.516612977,4.76E-04,1,0.0491259,72,45,56,2.40E-06,0.04437092,1,69.16277832,69.16277832,30.03087049,5.41E-08,0.466540021,0.104172885,4.478516858,8.27E-06,0.439171664,0.09728832,4.514125266,7.13E-06,NA,NA,NA,NA,NA,NA,NA,NA,NA,NA,NA,NA,NA,NA,0.010187,0,0.487267,0.502547,0
2794553|.|A|G|.|.|GT,NA,NA,203,138,364,435,35.80246914,75.91623037,1.757943144,1.88E-05,0.475542141,0.002598591,33,23,26,0.001318727,0.035082033,1,72.23530864,72.23530864,31.55072696,2.53E-08,0.593198865,0.113359826,5.232884392,1.99E-07,0.547046181,0.106655573,5.129091373,3.51E-07,NA,NA,NA,NA,NA,NA,NA,NA,NA,NA,NA,NA,NA,NA,0.010187,0.689304,0,0,0.300509
2810572|.|G|A|.|.|GT,NA,NA,364,309,203,264,64.19753086,46.07329843,1.531971878,4.74E-04,1,0.042311505,89,62,56,2.66E-04,0.019186609,1,35.81512918,35.81512918,15.39643037,9.32E-05,0.384702686,0.106163235,3.623690324,3.03E-04,0.319339095,0.098948278,3.22733351,0.001290894,NA,NA,NA,NA,NA,NA,NA,NA,NA,NA,NA,NA,NA,NA,0.010187,0.591681,0,0,0.398132
2887861|.|G|A|.|.|GT,NA,NA,409,333,158,240,72.1340388,41.88481675,1.865663131,8.65E-07,0.0219856,2.62E-04,80,53,50,0.004868154,0.032992618,1,66.48833768,66.48833768,28.69727323,1.05E-07,0.505964214,0.109096678,4.637760064,3.93E-06,0.388378723,0.102348531,3.79466827,1.57E-04,NA,NA,NA,NA,NA,NA,NA,NA,NA,NA,NA,NA,NA,NA,0.010187,0.640068,0,0,0.349745
2887855|.|A|G|.|.|GT,NA,NA,396,330,171,243,69.84126984,42.40837696,1.705263158,2.08E-05,0.528183696,0.004094447,83,58,51,3.78E-04,0.047524889,1,59.48012468,59.48012468,25.60619991,5.00E-07,0.476010525,0.108305249,4.395082705,1.21E-05,0.350263318,0.101829988,3.439687319,6.07E-04,NA,NA,NA,NA,NA,NA,NA,NA,NA,NA,NA,NA,NA,NA,0.010187,0.365874,0,0,0.623939
2864688|.|G|T|.|.|GT,NA,NA,383,325,184,248,67.54850088,43.28097731,1.588361204,1.93E-04,1,0.026801366,88,58,56,0.003746509,0.013750386,1,46.10910425,46.10910425,19.86373944,9.27E-06,0.410962581,0.107535085,3.821660439,1.40E-04,0.358590244,0.101343834,3.538352869,4.22E-04,NA,NA,NA,NA,NA,NA,NA,NA,NA,NA,NA,NA,NA,NA,0.010187,0,0,0.606961,0.382852
3115373|.|A|G|.|.|GT,NA,NA,336,265,231,308,59.25925926,53.7521815,1.690566038,1.13E-05,0.288586726,0.003037755,97,64,62,0.002151553,0.007959455,1,29.62419499,29.62419499,12.68731549,3.86E-04,0.363614184,0.104652584,3.474488335,5.31E-04,0.252835155,0.097672245,2.588608018,0.009779051,NA,NA,NA,NA,NA,NA,NA,NA,NA,NA,NA,NA,NA,NA,0.010187,0.459253,0,0,0.53056
3158416|.|T|C|.|.|GT,NA,NA,354,299,213,274,62.43386243,47.81849913,1.523010976,5.13E-04,1,0.039464702,88,58,59,0.001824029,0.003746509,1,45.42584792,45.42584792,19.45806421,1.14E-05,0.427580817,0.105451117,4.05477752,5.36E-05,0.260610139,0.099444502,2.620659103,0.008911689,NA,NA,NA,NA,NA,NA,NA,NA,NA,NA,NA,NA,NA,NA,0.010187,0,0.572156,0.417657,0
3328861|.|T|C|.|.|GT,NA,NA,300,215,267,358,52.91005291,62.47818499,1.870917167,2.14E-07,0.005450222,6.41E-05,97,62,61,0.007959455,0.014389633,1,82.49353756,82.49353756,36.00142029,2.77E-09,0.568057539,0.104190989,5.452079341,6.10E-08,0.494284596,0.097935503,5.047041977,5.35E-07,NA,NA,NA,NA,NA,NA,NA,NA,NA,NA,NA,NA,NA,NA,0.010187,0,0.444822,0.544992,0
3908178|.|T|C|.|.|GT,NA,NA,340,278,227,295,59.96472663,51.48342059,1.589389282,1.11E-04,1,0.019484932,77,52,52,0.002799054,0.002799054,1,32.22399053,32.22399053,13.89592126,2.04E-04,0.394268586,0.104775126,3.762997985,1.76E-04,0.363703043,0.098941292,3.675947981,2.50E-04,NA,NA,NA,NA,NA,NA,NA,NA,NA,NA,NA,NA,NA,NA,0.010187,0,0.54584,0.443973,0
4040700|.|C|T|.|.|GT,NA,NA,304,235,263,338,53.61552028,58.9877836,1.662519214,2.48E-05,0.631851359,0.003852752,86,53,54,0.022982592,0.039853629,1,48.10708651,48.10708651,20.69624166,6.06E-06,0.436849161,0.10440618,4.184131279,3.08E-05,0.328444437,0.098287287,3.341677707,8.64E-04,NA,NA,NA,NA,NA,NA,NA,NA,NA,NA,NA,NA,NA,NA,0.010187,0,0.517827,0.471986,0
3969117|.|A|G|.|.|GT,NA,NA,286,223,281,350,50.44091711,61.08202443,1.597433892,1.06E-04,1,0.01355092,86,54,61,1.30E-04,0.022982592,1,85.50117746,85.50117746,37.31915972,1.44E-09,0.498983037,0.104637209,4.768695963,2.09E-06,0.493499585,0.097513914,5.060811968,4.98E-07,NA,NA,NA,NA,NA,NA,NA,NA,NA,NA,NA,NA,NA,NA,0.010187,0.541596,0,0,0.448217
4083771|.|G|C|.|.|GT,NA,NA,314,237,253,336,55.37918871,58.63874346,1.759543703,2.74E-06,0.069609785,7.10E-04,69,44,44,0.029493494,0.029493494,1,81.71579299,81.71579299,35.7081363,3.20E-09,0.549753513,0.103837872,5.294344954,1.43E-07,0.504139471,0.097429048,5.174426765,2.77E-07,NA,NA,NA,NA,NA,NA,NA,NA,NA,NA,NA,NA,NA,NA,0.010187,0,0.472835,0,0.516978
4281476|.|G|A,T|.|.|GT,NA,139,90,428,483,24.51499118,84.29319372,1.742912773,2.15E-04,1,0.021870026,78,50,49,0.01685309,0.030786496,1,61.19162323,61.19162323,26.57873581,3.06E-07,0.584439859,0.129948199,4.497483325,7.58E-06,0.565910974,0.124335508,4.551483179,5.99E-06,HF536482,4281476,snp,G,A,A:166 G:0,NA,NA,NA,NA,NA,NA,NA,NA,0.010187,0.199491,0,8.49E-04,0.789474
4504287|.|A|G|.|.|GT,NA,NA,325,258,242,315,57.31922399,54.97382199,1.639679031,3.38E-05,0.864001615,0.008000015,80,52,55,0.001052735,0.00968285,1,56.76436842,56.76436842,24.65894,8.07E-07,0.502612468,0.104012092,4.832250363,1.53E-06,0.443300568,0.097093373,4.565713969,5.61E-06,NA,NA,NA,NA,NA,NA,NA,NA,NA,NA,NA,NA,NA,NA,0.010187,0.486418,0,0,0.503396
4505722|.|A|G|.|.|GT,NA,NA,421,363,146,210,74.25044092,36.64921466,1.668176158,7.39E-05,1,0.015731442,74,53,47,2.56E-04,0.026516833,1,59.57752412,59.57752412,25.76104159,4.62E-07,0.485248103,0.112425274,4.316183428,1.73E-05,0.424713773,0.105513795,4.025196627,6.13E-05,NA,NA,NA,NA,NA,NA,NA,NA,NA,NA,NA,NA,NA,NA,0.010187,0.315789,0,0,0.674024
4995062|.|G|C|.|.|GT,NA,NA,356,269,211,304,62.78659612,53.05410122,1.906728448,8.19E-08,0.002093661,5.66E-05,72,52,45,2.08E-04,0.04437092,1,84.928908,84.928908,36.73941948,1.92E-09,0.538038823,0.104312839,5.157934798,2.94E-07,0.400392782,0.098119417,4.080668187,4.86E-05,NA,NA,NA,NA,NA,NA,NA,NA,NA,NA,NA,NA,NA,NA,0.010187,0,0.539898,0,0.449915
262735|.|T|C|.|.|GT,NA,NA,440,386,127,187,77.60141093,32.63525305,1.678430093,1.18E-04,1,0.011550889,72,52,47,2.08E-04,0.012774596,1,62.68770253,62.68770253,27.18611047,2.25E-07,0.583539651,0.116179483,5.022742698,5.91E-07,0.477285438,0.109054988,4.376557625,1.33E-05,NA,NA,NA,NA,NA,NA,NA,NA,NA,NA,NA,NA,NA,NA,0.009338,0,0.713922,0.27674,0
265824|.|C|T|.|.|GT,NA,NA,354,295,213,278,62.43386243,48.51657941,1.566197183,2.07E-04,1,0.018426097,79,49,55,6.39E-04,0.042165444,1,49.82713758,49.82713758,21.42328904,4.18E-06,0.425126835,0.105296651,4.037420283,5.77E-05,0.324351847,0.099774924,3.250835305,0.001189835,NA,NA,NA,NA,NA,NA,NA,NA,NA,NA,NA,NA,NA,NA,0.009338,0,0.418506,0.572156,0
393385|.|A|G|.|.|GT,NA,NA,319,244,248,329,56.26102293,57.41710297,1.734383263,4.92E-06,0.125024224,6.65E-04,61,43,41,0.001868101,0.009853448,1,84.23716943,84.23716943,36.94612388,1.74E-09,0.586892676,0.103605773,5.664671568,1.86E-08,0.535925167,0.097035236,5.522995467,4.27E-08,NA,NA,NA,NA,NA,NA,NA,NA,NA,NA,NA,NA,NA,NA,0.009338,0.505942,0,0,0.48472
322838|.|A|G|.|.|GT,NA,NA,444,384,123,189,78.30687831,32.98429319,1.776676829,2.06E-05,0.522400441,0.002132247,82,59,51,8.72E-05,0.03524144,1,71.90102489,71.90102489,31.424346,2.69E-08,0.552895197,0.116663909,4.739213704,2.42E-06,0.562875333,0.108451809,5.1900963,2.55E-07,NA,NA,NA,NA,NA,NA,NA,NA,NA,NA,NA,NA,NA,NA,0.009338,0.273345,0,0,0.717317
384130|.|G|A|.|.|GT,NA,NA,213,151,354,422,37.56613757,73.64746946,1.681557975,6.09E-05,1,0.005189782,43,29,30,0.013718185,0.031539497,1,86.49625918,86.49625918,37.92209036,1.07E-09,0.578474786,0.111352992,5.194964007,2.42E-07,0.574502644,0.104702434,5.487003719,5.20E-08,NA,NA,NA,NA,NA,NA,NA,NA,NA,NA,NA,NA,NA,NA,0.009338,0.316638,0,0,0.674024
423811|.|A|G|.|.|GT,NA,NA,402,341,165,232,70.8994709,40.4886562,1.657584644,6.75E-05,1,0.005588539,79,55,50,6.39E-04,0.023819793,1,80.59727221,80.59727221,34.87533308,4.84E-09,0.55920222,0.108997889,5.13039494,3.40E-07,0.423124906,0.102833365,4.114665569,4.20E-05,NA,NA,NA,NA,NA,NA,NA,NA,NA,NA,NA,NA,NA,NA,0.009338,0.33871,0,0,0.651952
384142|.|A|G|.|.|GT,NA,NA,265,204,302,369,46.7372134,64.39790576,1.5872127,1.48E-04,1,0.010575867,57,38,40,0.003201544,0.016348104,1,51.85850369,51.85850369,22.51897115,2.39E-06,0.420587742,0.10600889,3.967476159,7.72E-05,0.450094205,0.099521904,4.522564251,6.86E-06,NA,NA,NA,NA,NA,NA,NA,NA,NA,NA,NA,NA,NA,NA,0.009338,0.580645,0,0,0.410017
1040347|.|G|A|.|.|GT,NA,NA,235,172,332,401,41.44620811,69.98254799,1.65023466,5.86E-05,1,0.00502698,58,39,40,0.00535486,0.01192814,1,40.8419692,40.8419692,17.62186362,2.94E-05,0.430373539,0.108944263,3.95040111,8.28E-05,0.380007987,0.101359689,3.749103711,1.88E-04,NA,NA,NA,NA,NA,NA,NA,NA,NA,NA,NA,NA,NA,NA,0.009338,0.356537,0,0,0.634126
1150248|.|G|A|.|.|GT,NA,NA,312,208,255,365,55.02645503,63.69982548,2.147058824,2.60E-10,6.57E-06,2.35E-07,75,48,47,0.020298407,0.036954904,1,152.2813131,152.2813131,67.13162056,7.87E-16,0.742166111,0.103136632,7.195950626,1.12E-12,0.586009812,0.098110122,5.97298018,3.25E-09,NA,NA,NA,NA,NA,NA,NA,NA,NA,NA,NA,NA,NA,NA,0.009338,0.449066,0,0,0.541596
1251762|.|G|A|.|.|GT,NA,NA,282,214,285,359,49.73544974,62.65270506,1.659911461,2.84E-05,0.72290407,0.003485702,59,43,38,5.84E-04,0.03634318,1,66.54933062,66.54933062,28.74157063,1.03E-07,0.481830851,0.104979935,4.589742329,4.93E-06,0.382784789,0.098761167,3.875863373,1.13E-04,NA,NA,NA,NA,NA,NA,NA,NA,NA,NA,NA,NA,NA,NA,0.009338,0.432937,0,0,0.557725
1250855|.|T|A|.|.|GT,NA,NA,203,140,364,433,35.80246914,75.56719023,1.724862637,3.45E-05,0.880177205,0.004056116,51,34,33,0.024092908,0.048873892,1,69.63889683,69.63889683,30.00975204,5.46E-08,0.524317013,0.113464487,4.620978995,4.26E-06,0.384824104,0.10742921,3.582117976,3.58E-04,NA,NA,NA,NA,NA,NA,NA,NA,NA,NA,NA,NA,NA,NA,0.009338,0.297114,0,0.693548,0
1250826|.|G|A|.|.|GT,NA,NA,196,137,371,436,34.56790123,76.09075044,1.681311114,9.04E-05,1,0.008859845,52,34,34,0.0364834,0.0364834,1,73.78218862,73.78218862,31.90253236,2.12E-08,0.529566945,0.114436835,4.627591686,4.12E-06,0.434730092,0.108058442,4.023101592,6.19E-05,NA,NA,NA,NA,NA,NA,NA,NA,NA,NA,NA,NA,NA,NA,0.009338,0.289474,0,0,0.701188
1250907|.|A|G|.|.|GT,NA,NA,229,174,338,399,40.38800705,69.63350785,1.553611508,4.15E-04,1,0.029553134,44,29,30,0.022628841,0.048766766,1,53.88813468,53.88813468,23.28747306,1.62E-06,0.459144878,0.109025634,4.211347934,2.74E-05,0.403085686,0.101975746,3.952760354,8.28E-05,NA,NA,NA,NA,NA,NA,NA,NA,NA,NA,NA,NA,NA,NA,0.009338,0.640917,0,0,0.349745
1302671|.|T|C|.|.|GT,NA,NA,352,283,215,290,62.08112875,50.61082024,1.677705645,1.74E-05,0.445124165,0.003974323,97,59,68,9.34E-05,0.041729321,1,69.89546371,69.89546371,30.14642056,5.10E-08,0.489227002,0.104741043,4.67082425,3.36E-06,0.367021285,0.099184364,3.700394588,2.27E-04,NA,NA,NA,NA,NA,NA,NA,NA,NA,NA,NA,NA,NA,NA,0.009338,0,0.559423,0.431239,0
1983462|.|C|T|.|.|GT,NA,NA,25,5,542,568,4.409171076,99.12739965,5.239852399,1.49E-04,1,0.018637666,27,22,5,0.00151372,0.00151372,1,34.7764802,34.7764802,14.89154489,1.21E-04,1.03592562,0.321480021,3.222363918,0.00130743,0.734467212,0.287114609,2.558097669,0.010673922,HF536482,1983462,snp,C,T,T:126 C:1,CDS,+,109/639,37/212,stop_gained c.109C>T p.Arg37*,BN373_18711,ompW,outer membrane protein W,0.009338,0,0.965195,0.025467,0
2640066|.|G|A|.|.|GT,NA,NA,355,263,212,310,62.61022928,54.10122164,1.973778607,1.56E-08,3.97E-04,1.18E-05,71,53,48,3.88E-05,0.004065116,1,72.93603797,72.93603797,31.51495311,2.58E-08,0.575527625,0.10405144,5.531183674,3.94E-08,0.389847578,0.099025355,3.936846051,8.84E-05,NA,NA,NA,NA,NA,NA,NA,NA,NA,NA,NA,NA,NA,NA,0.009338,0.5382,0,0,0.452462
2632671|.|G|T|.|.|GT,NA,NA,25,5,542,568,4.409171076,99.12739965,5.239852399,1.49E-04,1,0.027570805,27,23,5,3.11E-04,0.00151372,1,38.83496983,38.83496983,16.63869852,4.89E-05,1.109784266,0.326480424,3.399236778,6.99E-04,0.778010731,0.292087768,2.663619696,0.007857199,HF536482,2632671,snp,G,T,T:163 G:0,NA,NA,NA,NA,NA,NA,NA,NA,0.009338,0,0,0.025467,0.965195
3037880|.|C|G|.|.|GT,NA,NA,325,245,242,328,57.31922399,57.2425829,1.797942317,1.14E-06,0.029148892,3.94E-04,97,61,60,0.014389633,0.024990737,1,92.30075325,92.30075325,40.30405921,3.32E-10,0.591558175,0.103576715,5.711304666,1.43E-08,0.498028697,0.097600392,5.102732546,4.02E-07,NA,NA,NA,NA,NA,NA,NA,NA,NA,NA,NA,NA,NA,NA,0.009338,0,0.503396,0,0.487267
3029702|.|G|A|.|.|GT,NA,NA,315,240,252,333,55.55555556,58.11518325,1.734375,4.89E-06,0.124853839,0.001451789,97,63,59,0.004225804,0.041729321,1,55.34203817,55.34203817,23.98424187,1.14E-06,0.438395627,0.104285305,4.203810187,2.83E-05,0.41843359,0.097342516,4.298569702,1.89E-05,NA,NA,NA,NA,NA,NA,NA,NA,NA,NA,NA,NA,NA,NA,0.009338,0.48472,0,0,0.505942
3029681|.|G|A|.|.|GT,NA,NA,276,207,291,366,48.67724868,63.87434555,1.676975945,2.05E-05,0.522108414,0.005175284,88,57,55,0.007343409,0.024622832,1,39.84190286,39.84190286,17.11184957,3.83E-05,0.433722527,0.105515525,4.11050913,4.23E-05,0.306088733,0.099252732,3.083932579,0.002099994,NA,NA,NA,NA,NA,NA,NA,NA,NA,NA,NA,NA,NA,NA,0.009338,0.421053,0,0,0.56961
3281032|.|T|C|.|.|GT,NA,NA,398,328,169,245,70.19400353,42.7574171,1.759092221,6.67E-06,0.168933467,5.04E-04,102,65,64,0.007206215,0.012920452,1,66.37312091,66.37312091,28.59394023,1.11E-07,0.505480343,0.108130844,4.674710034,3.30E-06,0.360523333,0.101820956,3.540757685,4.18E-04,NA,NA,NA,NA,NA,NA,NA,NA,NA,NA,NA,NA,NA,NA,0.009338,0,0.628183,0.362479,0
3227581|.|C|A|.|.|GT,NA,NA,25,5,542,568,4.409171076,99.12739965,5.239852399,1.49E-04,1,0.008117652,29,24,5,5.46E-04,5.46E-04,1,38.83496983,38.83496983,16.63869852,4.89E-05,1.109784266,0.326480424,3.399236778,6.99E-04,0.778010731,0.292087768,2.663619696,0.007857199,HF536482,3227581,snp,C,A,A:196 C:0,CDS,-,367/825,123/274,missense_variant c.367G>T p.Val123Leu,BN373_30761,NA,NAD dependent epimerase/dehydratase family protein,0.009338,0.025467,0.965195,0,0
3417218|.|C|A|.|.|GT,NA,NA,218,147,349,426,38.44797178,74.34554974,1.810186539,4.62E-06,0.117808475,0.001033408,60,39,41,0.006217603,0.027340134,1,72.14338582,72.14338582,31.35328794,2.79E-08,0.597291856,0.111100424,5.37614378,9.23E-08,0.483930494,0.104906549,4.612967413,4.50E-06,NA,NA,NA,NA,NA,NA,NA,NA,NA,NA,NA,NA,NA,NA,0.009338,0.320034,0.670628,0,0
4300341|.|G|C|.|.|GT,NA,NA,326,251,241,322,57.49559083,56.19546248,1.735332529,3.83E-06,0.097925058,7.10E-04,83,51,56,0.001931437,0.047524889,1,93.33580469,93.33580469,40.85469849,2.53E-10,0.590522911,0.103587645,5.700707946,1.52E-08,0.521756945,0.097775211,5.336290685,1.18E-07,NA,NA,NA,NA,NA,NA,NA,NA,NA,NA,NA,NA,NA,NA,0.009338,0,0.508489,0,0.482173
4477937|.|C|T|.|.|GT,NA,NA,233,162,334,411,41.09347443,71.72774869,1.769849191,5.48E-06,0.140188057,0.001630094,64,44,44,0.003689964,0.003689964,1,67.95839203,67.95839203,29.3231678,7.71E-08,0.530494536,0.109255563,4.855537987,1.37E-06,0.392399533,0.104472381,3.75601214,1.83E-04,NA,NA,NA,NA,NA,NA,NA,NA,NA,NA,NA,NA,NA,NA,0.009338,0,0.654499,0.336163,0
4720576|.|G|A|.|.|GT,NA,NA,333,265,234,308,58.73015873,53.7521815,1.653991292,2.55E-05,0.648530688,0.005272607,85,57,54,0.002194909,0.016508822,1,58.53945685,58.53945685,25.29950762,5.83E-07,0.468420566,0.104256852,4.492947552,7.74E-06,0.388658378,0.098080025,3.962665965,7.95E-05,NA,NA,NA,NA,NA,NA,NA,NA,NA,NA,NA,NA,NA,NA,0.009338,0.525467,0,0,0.465195
383592|.|G|C|.|.|GT,NA,NA,226,155,341,418,39.85890653,72.94938918,1.787304891,5.89E-06,0.149553603,7.59E-04,47,31,31,0.039986057,0.039986057,1,79.47549177,79.47549177,34.64673377,5.42E-09,0.590526375,0.109891811,5.373706811,9.35E-08,0.511205678,0.103527612,4.93786797,9.28E-07,NA,NA,NA,NA,NA,NA,NA,NA,NA,NA,NA,NA,NA,NA,0.008489,0,0.331919,0,0.659593
384092|.|C|T|.|.|GT,NA,NA,216,156,351,417,38.0952381,72.77486911,1.644970414,1.14E-04,1,0.008569213,43,30,31,0.005401573,0.013718185,1,92.21438872,92.21438872,40.49906533,3.01E-10,0.580001056,0.110621016,5.243136238,1.88E-07,0.58622755,0.103862032,5.644291148,2.17E-08,NA,NA,NA,NA,NA,NA,NA,NA,NA,NA,NA,NA,NA,NA,0.008489,0,0.667233,0.324278,0
395787|.|A|C|.|.|GT,NA,NA,343,289,224,284,60.49382716,49.56369983,1.504757785,6.82E-04,1,0.035963033,72,50,50,0.001293585,0.001293585,1,63.56368694,63.56368694,27.25433045,2.18E-07,0.434130672,0.104891,4.138874386,3.75E-05,0.278910458,0.099572206,2.801087477,0.0051932,NA,NA,NA,NA,NA,NA,NA,NA,NA,NA,NA,NA,NA,NA,0.008489,0.448217,0.543294,0,0
902710|.|T|C|.|.|GT,NA,NA,246,172,321,401,43.38624339,69.98254799,1.786676809,2.94E-06,0.075172747,9.40E-04,48,32,32,0.029304947,0.029304947,1,80.73807284,80.73807284,35.25581212,4.01E-09,0.572686705,0.107667264,5.319042042,1.26E-07,0.520972106,0.102056702,5.104731926,3.98E-07,NA,NA,NA,NA,NA,NA,NA,NA,NA,NA,NA,NA,NA,NA,0.008489,0,0.366723,0.624788,0
1291771|.|C|T|.|.|GT,NA,NA,258,138,309,435,45.5026455,75.91623037,2.631912199,2.51E-14,6.39E-10,6.39E-10,35,25,27,0.001878225,0.016673848,1,165.0948354,165.0948354,73.6943947,3.53E-17,0.866834501,0.107281684,8.079985986,1.64E-15,0.710820616,0.102125606,6.960258494,6.21E-12,NA,NA,NA,NA,NA,NA,NA,NA,NA,NA,NA,NA,NA,NA,0.008489,0,0.64601,0.345501,0
1467707|.|C|T|.|.|GT,NA,NA,235,149,332,424,41.44620811,73.9965096,2.014231422,3.36E-08,8.55E-04,2.09E-05,49,33,34,0.009399242,0.021294114,1,107.4951294,107.4951294,47.0226126,1.24E-11,0.695482672,0.109204844,6.368606431,2.76E-10,0.547655961,0.103803155,5.275908622,1.63E-07,NA,NA,NA,NA,NA,NA,NA,NA,NA,NA,NA,NA,NA,NA,0.008489,0,0.652801,0.33871,0
2363565|.|C|T,A|.|.|GT,NA,341,273,226,300,60.14109347,52.35602094,1.658076437,2.45E-05,0.621844292,0.00388269,217,138,125,7.50E-05,0.029598279,1,48.56907776,48.56907776,21.03455537,5.09E-06,0.420266701,0.104625782,4.016856018,6.28E-05,0.412484221,0.097785767,4.218243941,2.69E-05,NA,NA,NA,NA,NA,NA,NA,NA,NA,NA,NA,NA,NA,NA,0.008489,0.004244,0.45416,0.533107,0
3278361|.|G|A|.|.|GT,NA,NA,316,246,251,327,55.7319224,57.06806283,1.673501117,1.95E-05,0.493595591,0.001298936,97,59,64,0.002151553,0.041729321,1,47.85265832,47.85265832,20.51287121,6.65E-06,0.442383523,0.104241969,4.243813967,2.38E-05,0.271494341,0.098451243,2.757652747,0.005929949,NA,NA,NA,NA,NA,NA,NA,NA,NA,NA,NA,NA,NA,NA,0.008489,0.494058,0,0,0.497453
3233508|.|C|T|.|.|GT,NA,NA,267,202,300,371,47.08994709,64.7469459,1.63460396,5.45E-05,1,0.003254668,95,59,59,0.023488003,0.023488003,1,66.97191609,66.97191609,29.10775537,8.58E-08,0.523009509,0.105607573,4.952386415,8.44E-07,0.455433654,0.098571853,4.620321542,4.34E-06,NA,NA,NA,NA,NA,NA,NA,NA,NA,NA,NA,NA,NA,NA,0.008489,0,0.580645,0.410866,0
3700943|.|T|G|.|.|GT,NA,NA,225,153,342,420,39.68253968,73.29842932,1.805985552,4.17E-06,0.106028876,0.00122755,47,31,31,0.039986057,0.039986057,1,74.56314375,74.56314375,32.31721216,1.73E-08,0.573644002,0.110267064,5.202314988,2.33E-07,0.448755918,0.104145003,4.308952943,1.81E-05,HF536482,3700943,snp,T,G,G:119 T:0,CDS,-,4208/4950,1403/1649,missense_variant c.4208A>C p.Asn1403Thr,BN373_35071,NA,alpha-2-macroglobulin domain protein,0.008489,0,0,0.660441,0.33107
4841541|.|G|A|.|.|GT,NA,NA,353,294,214,279,62.25749559,48.69109948,1.565372878,2.09E-04,1,0.038620633,70,49,47,0.001093245,0.005582667,1,48.46206303,48.46206303,20.82489994,5.67E-06,0.486335848,0.105011934,4.631243624,4.05E-06,0.315563698,0.099680489,3.165751896,0.001594522,HF536482,4841541,snp,G,A,A:174 G:0,CDS,+,1265/2034,422/677,missense_variant c.1265G>A p.Ser422Asn,BN373_45781,malS,"alpha-amylase, periplasmic",0.008489,0.56961,0,0,0.421902
4982541|.|G|A|.|.|GT,NA,NA,339,272,228,301,59.78835979,52.53054101,1.645365712,3.21E-05,0.820867908,0.008550707,74,46,54,9.61E-05,0.047392976,1,44.61339841,44.61339841,19.36585496,1.20E-05,0.436856689,0.10453779,4.178935555,3.15E-05,0.44233469,0.098684367,4.482317757,8.25E-06,NA,NA,NA,NA,NA,NA,NA,NA,NA,NA,NA,NA,NA,NA,0.008489,0.533956,0,0,0.457555
5091917|.|T|C|.|.|GT,NA,NA,356,261,211,312,62.78659612,54.45026178,2.016887291,5.42E-09,1.38E-04,1.15E-05,75,53,51,4.50E-04,0.002444228,1,109.9618902,109.9618902,47.77105567,8.61E-12,0.674027439,0.103498462,6.512439192,1.11E-10,0.455754957,0.099688617,4.571785349,5.45E-06,NA,NA,NA,NA,NA,NA,NA,NA,NA,NA,NA,NA,NA,NA,0.008489,0,0.529711,0.4618,0
5108918|.|G|C|.|.|GT,NA,NA,255,165,312,408,44.97354497,71.20418848,2.020979021,1.53E-08,3.89E-04,2.05E-05,49,33,35,0.003801654,0.021294114,1,70.94167397,70.94167397,30.78217857,3.71E-08,0.589373247,0.107532714,5.480873917,5.21E-08,0.454008075,0.10231159,4.437503831,1.01E-05,NA,NA,NA,NA,NA,NA,NA,NA,NA,NA,NA,NA,NA,NA,0.008489,0,0.365874,0,0.625637
5310442|.|T|C|.|.|GT,NA,NA,373,315,194,258,65.78483245,45.02617801,1.574766814,2.19E-04,1,0.045110158,86,60,53,3.17E-04,0.039853629,1,52.46522801,52.46522801,22.60663121,2.29E-06,0.450430612,0.106502289,4.229304513,2.53E-05,0.359000549,0.100635967,3.567318531,3.78E-04,NA,NA,NA,NA,NA,NA,NA,NA,NA,NA,NA,NA,NA,NA,0.008489,0,0.594228,0.397284,0
282641|.|G|A|.|.|GT,NA,NA,363,285,204,288,64.02116402,50.2617801,1.798142415,1.24E-06,0.031578659,1.91E-04,73,53,46,1.42E-04,0.034415914,1,68.33022118,68.33022118,29.72283619,6.31E-08,0.517964232,0.104904637,4.937476982,9.10E-07,0.462219286,0.098140609,4.709765824,2.84E-06,NA,NA,NA,NA,NA,NA,NA,NA,NA,NA,NA,NA,NA,NA,0.00764,0.558574,0,0,0.433786
534449|.|G|A|.|.|GT,NA,NA,296,223,271,350,52.20458554,61.08202443,1.71429517,7.96E-06,0.203597394,0.001850885,65,47,41,4.22E-04,0.046353474,1,63.1363896,63.1363896,27.27672839,2.15E-07,0.46863959,0.104554655,4.482245111,8.13E-06,0.38737066,0.098850591,3.918749053,9.52E-05,NA,NA,NA,NA,NA,NA,NA,NA,NA,NA,NA,NA,NA,NA,0.00764,0.457555,0,0,0.534805
541384|.|C|T|.|.|GT,NA,NA,335,276,232,297,59.08289242,51.83246073,1.553832459,2.32E-04,1,0.032768223,88,62,55,1.57E-04,0.024622832,1,55.31777893,55.31777893,24.05101078,1.10E-06,0.44062556,0.104496962,4.216635138,2.68E-05,0.452564782,0.097152597,4.658288053,3.63E-06,NA,NA,NA,NA,NA,NA,NA,NA,NA,NA,NA,NA,NA,NA,0.00764,0,0.466044,0.526316,0
845659|.|T|C|.|.|GT,NA,NA,392,302,175,271,69.13580247,47.29493892,2.010066225,1.53E-08,3.91E-04,1.21E-05,83,54,51,0.008036706,0.047524889,1,100.0086314,100.0086314,43.81485359,5.93E-11,0.646709081,0.105907033,6.106384654,1.40E-09,0.537123017,0.09908861,5.420633298,7.48E-08,NA,NA,NA,NA,NA,NA,NA,NA,NA,NA,NA,NA,NA,NA,0.00764,0,0.614601,0.377759,0
867913|.|A|G|.|.|GT,NA,NA,337,280,230,293,59.4356261,51.13438045,1.533245342,3.63E-04,1,0.03420325,93,63,57,8.10E-04,0.037514232,1,26.52125902,26.52125902,11.42967594,7.51E-04,0.343907266,0.10491531,3.277951202,0.001077243,0.352343642,0.098106209,3.591451009,3.45E-04,NA,NA,NA,NA,NA,NA,NA,NA,NA,NA,NA,NA,NA,NA,0.00764,0.459253,0,0,0.533107
972995|.|G|A|.|.|GT,NA,NA,225,151,342,422,39.68253968,73.64746946,1.838619728,2.18E-06,0.055614758,7.32E-04,43,30,30,0.013718185,0.013718185,1,77.42400967,77.42400967,33.6915377,8.71E-09,0.563273004,0.110465559,5.099082572,3.99E-07,0.492728489,0.103716313,4.750732799,2.33E-06,NA,NA,NA,NA,NA,NA,NA,NA,NA,NA,NA,NA,NA,NA,0.00764,0.327674,0,0,0.664686
1012504|.|C|T|.|.|GT,NA,NA,283,203,284,370,49.91181658,64.57242583,1.816242281,8.73E-07,0.02217596,9.90E-05,80,52,51,0.00968285,0.018316098,1,102.4257862,102.4257862,44.95157078,3.40E-11,0.6004058,0.104708264,5.734082289,1.26E-08,0.552242863,0.098972752,5.579746458,3.12E-08,NA,NA,NA,NA,NA,NA,NA,NA,NA,NA,NA,NA,NA,NA,0.00764,0,0.563667,0.428693,0
1273987|.|C|T|.|.|GT,NA,NA,274,208,293,365,48.32451499,63.69982548,1.641014702,4.50E-05,1,0.005067635,70,44,46,0.01152641,0.041391429,1,36.61003841,36.61003841,15.76003145,7.72E-05,0.416307262,0.10560667,3.942054632,8.57E-05,0.343745345,0.100093441,3.434244459,6.19E-04,HF536482,1273987,snp,C,T,T:132 C:0,CDS,-,565/1089,189/362,missense_variant c.565G>A p.Glu189Lys,BN373_11991,NA,"alcohol dehydrogenase, iron-containing",0.00764,0,0.56961,0.42275,0
1637670|.|C|T|.|.|GT,NA,NA,350,283,217,290,61.72839506,50.61082024,1.652798359,2.99E-05,0.76436547,0.007210995,76,57,51,1.48E-05,0.003836236,1,41.02721242,41.02721242,17.56808213,3.02E-05,0.393496602,0.105031774,3.746452968,1.88E-04,0.255388391,0.099866306,2.557302885,0.010698178,NA,NA,NA,NA,NA,NA,NA,NA,NA,NA,NA,NA,NA,NA,0.00764,0,0.447368,0.544992,0
2602496|.|T|G|.|.|GT,NA,NA,439,384,128,189,77.42504409,32.98429319,1.688049316,9.44E-05,1,0.014024921,87,58,56,0.00247942,0.009673219,1,51.75244948,51.75244948,22.28642009,2.69E-06,0.408214425,0.116605044,3.500829893,4.82E-04,0.377051877,0.108203921,3.484641521,5.15E-04,NA,NA,NA,NA,NA,NA,NA,NA,NA,NA,NA,NA,NA,NA,0.00764,0,0,0.27674,0.71562
2833197|.|G|A|.|.|GT,NA,NA,329,267,238,306,58.02469136,53.40314136,1.584269663,1.17E-04,1,0.017428488,74,49,46,0.007084253,0.047392976,1,66.30382527,66.30382527,28.58589963,1.12E-07,0.501891753,0.104093842,4.821531659,1.62E-06,0.358155845,0.098223885,3.646321291,2.80E-04,NA,NA,NA,NA,NA,NA,NA,NA,NA,NA,NA,NA,NA,NA,0.00764,0.527165,0,0,0.465195
3219532|.|G|A,T|.|.|GT,NA,309,253,258,320,54.4973545,55.84642234,1.514845114,5.84E-04,1,0.04441981,213,133,126,3.44E-04,0.009062969,1,47.21855312,47.21855312,20.31183293,7.37E-06,0.424285094,0.104302847,4.067818905,5.07E-05,0.326403969,0.098139436,3.325920561,9.14E-04,NA,NA,NA,NA,NA,NA,NA,NA,NA,NA,NA,NA,NA,NA,0.00764,0.488964,0,0.003396,0.5
3255012|.|G|A|.|.|GT,NA,NA,409,356,158,217,72.1340388,37.87085515,1.577887214,3.29E-04,1,0.016310618,95,65,62,4.25E-04,0.003832872,1,29.54857814,29.54857814,12.64954827,3.94E-04,0.345681776,0.111325473,3.105145353,0.001948854,0.260620516,0.103992258,2.506153073,0.012366205,NA,NA,NA,NA,NA,NA,NA,NA,NA,NA,NA,NA,NA,NA,0.00764,0.664686,0,0,0.327674
3512665|.|C|T,G|.|.|GT,NA,134,89,433,484,23.63315697,84.46771379,1.682954044,5.88E-04,1,0.048512084,58,40,38,0.00535486,0.024746036,1,57.03625457,57.03625457,24.76109743,7.66E-07,0.546438981,0.13142009,4.157956215,3.45E-05,0.56270662,0.125198343,4.494521314,7.80E-06,NA,NA,NA,NA,NA,NA,NA,NA,NA,NA,NA,NA,NA,NA,0.00764,0,0.797114,0.194397,8.49E-04
3776233|.|G|A|.|.|GT,NA,NA,263,190,304,383,46.38447972,66.84118674,1.74392313,5.52E-06,0.140766697,0.001852193,58,40,39,0.00535486,0.01192814,1,114.9421522,114.9421522,50.6485088,2.13E-12,0.659426591,0.105582273,6.24561844,5.95E-10,0.587842134,0.099046501,5.935011602,4.07E-09,NA,NA,NA,NA,NA,NA,NA,NA,NA,NA,NA,NA,NA,NA,0.00764,0.386248,0,0,0.606112
3911308|.|G|C,T|.|.|GT,NA,317,255,250,318,55.90828924,55.4973822,1.581270588,1.19E-04,1,0.020715991,190,124,114,3.11E-05,0.007109623,1,50.87105754,50.87105754,21.8900623,3.29E-06,0.407560975,0.104354109,3.905557519,9.95E-05,0.329209624,0.097584295,3.373592272,7.71E-04,HF536482,3911308,snp,G,C,C:141 G:0,CDS,+,1200/2073,400/690,missense_variant c.1200G>C p.Gln400His,BN373_37011,fhlA,formate hydrogenlyase transcriptional activator,0.00764,0,0.500849,8.49E-04,0.490662
3974831|.|G|C|.|.|GT,NA,NA,274,182,293,391,48.32451499,68.23734729,2.009038743,1.24E-08,3.16E-04,5.10E-06,49,33,33,0.021294114,0.021294114,1,75.46336493,75.46336493,32.86821574,1.31E-08,0.58296647,0.105814868,5.509305826,4.45E-08,0.484946218,0.100074768,4.845839018,1.46E-06,NA,NA,NA,NA,NA,NA,NA,NA,NA,NA,NA,NA,NA,NA,0.00764,0,0.404924,0,0.587436
4228952|.|G|A|.|.|GT,NA,NA,417,367,150,206,73.54497354,35.95113438,1.560435967,5.60E-04,1,0.04779773,73,52,51,3.71E-04,9.14E-04,1,24.04573272,24.04573272,10.28531474,0.001384325,0.413530427,0.1126769,3.670055047,2.54E-04,0.247901789,0.106040245,2.337808529,0.019597417,HF536482,4228952,snp,G,A,A:151 G:0,CDS,+,254/2004,85/667,missense_variant c.254G>A p.Ser85Asn,BN373_39991,scsB,suppressor for copper-sensitivity B,0.00764,0.689304,0,0,0.303056
4408940|.|T|C|.|.|GT,NA,NA,391,309,176,264,68.95943563,46.07329843,1.898058252,2.19E-07,0.00558511,1.02E-04,82,54,54,0.005435925,0.005435925,1,51.97141822,51.97141822,22.66508233,2.22E-06,0.5053753,0.106803179,4.731837614,2.50E-06,0.493985478,0.099271805,4.97609042,7.66E-07,NA,NA,NA,NA,NA,NA,NA,NA,NA,NA,NA,NA,NA,NA,0.00764,0,0.612903,0.379457,0
4408871|.|A|G|.|.|GT,NA,NA,366,283,201,290,64.55026455,50.61082024,1.865935341,2.59E-07,0.006599068,1.12E-04,68,44,48,9.14E-04,0.020526934,1,57.25146543,57.25146543,25.08999331,6.49E-07,0.526951866,0.104891351,5.0237876,5.88E-07,0.531566738,0.097562467,5.448475764,6.43E-08,NA,NA,NA,NA,NA,NA,NA,NA,NA,NA,NA,NA,NA,NA,0.00764,0.418506,0,0,0.573854
4412027|.|C|T|.|.|GT,NA,NA,259,200,308,373,45.67901235,65.09598604,1.568295455,2.28E-04,1,0.033450575,50,34,34,0.015346678,0.015346678,1,49.7921388,49.7921388,21.51986838,3.98E-06,0.460024064,0.106229189,4.330486439,1.62E-05,0.394615801,0.099471178,3.967137109,7.80E-05,NA,NA,NA,NA,NA,NA,NA,NA,NA,NA,NA,NA,NA,NA,0.00764,0,0.586587,0.405772,0
4702443|.|A|G|.|.|GT,NA,NA,240,176,327,397,42.32804233,69.28446771,1.655546289,4.88E-05,1,0.008988978,47,33,31,0.007942727,0.039986057,1,15.34914779,15.34914779,6.589912817,0.010403106,0.30784881,0.108670045,2.832876437,0.004694522,0.305877866,0.101162038,3.023642772,0.00256247,NA,NA,NA,NA,NA,NA,NA,NA,NA,NA,NA,NA,NA,NA,0.00764,0.626486,0,0,0.365874
4702446|.|G|A|.|.|GT,NA,NA,237,175,330,398,41.7989418,69.45898778,1.633350649,7.94E-05,1,0.013766014,45,31,31,0.01609436,0.01609436,1,13.09653852,13.09653852,5.61716577,0.017977993,0.295677447,0.108982977,2.713060828,0.006767078,0.289775929,0.10149239,2.855149325,0.004392324,NA,NA,NA,NA,NA,NA,NA,NA,NA,NA,NA,NA,NA,NA,0.00764,0.36163,0,0,0.63073
4720555|.|G|A,T|.|.|GT,NA,20,3,547,570,3.527336861,99.47643979,6.946983547,2.28E-04,1,0.032795962,17,15,3,0.002349854,0.01272583,1,5.890691512,5.890691512,2.507225313,0.113647613,0.702969003,0.365283217,1.92444922,0.054547402,0.267002177,0.348126151,0.766969606,0.443284123,NA,NA,NA,NA,NA,NA,NA,NA,NA,NA,NA,NA,NA,NA,0.00764,0.019525,0,8.49E-04,0.971986
4929530|.|A|C|.|.|GT,NA,NA,349,282,218,291,61.55202822,50.78534031,1.652010541,3.02E-05,0.767526505,0.007106727,74,53,46,2.56E-04,0.047392976,1,67.83946165,67.83946165,29.42077911,7.34E-08,0.472229673,0.104725837,4.509199303,7.18E-06,0.428487956,0.097863764,4.37841281,1.32E-05,NA,NA,NA,NA,NA,NA,NA,NA,NA,NA,NA,NA,NA,NA,0.00764,0.438879,0.55348,0,0
4929534|.|G|A|.|.|GT,NA,NA,349,282,218,291,61.55202822,50.78534031,1.652010541,3.02E-05,0.767526505,0.007106727,74,53,46,2.56E-04,0.047392976,1,67.83946165,67.83946165,29.42077911,7.34E-08,0.472229673,0.104725837,4.509199303,7.18E-06,0.428487956,0.097863764,4.37841281,1.32E-05,NA,NA,NA,NA,NA,NA,NA,NA,NA,NA,NA,NA,NA,NA,0.00764,0.55348,0,0,0.438879
5058400|.|C|T|.|.|GT,NA,NA,410,350,157,223,72.31040564,38.91797557,1.663876251,5.82E-05,1,0.013519458,72,45,45,0.04437092,0.04437092,1,38.10084859,38.10084859,16.57420897,5.05E-05,0.378299969,0.11078371,3.414761691,6.61E-04,0.483942011,0.102642097,4.714849216,2.77E-06,NA,NA,NA,NA,NA,NA,NA,NA,NA,NA,NA,NA,NA,NA,0.00764,0,0.339559,0.652801,0
317595|.|G|A|.|.|GT,NA,NA,236,169,331,404,41.62257496,70.5061082,1.704428038,1.94E-05,0.495549413,0.002262783,50,34,38,3.06E-04,0.015346678,1,89.90789157,89.90789157,39.11432961,5.96E-10,0.640527644,0.108156348,5.922238107,4.20E-09,0.482649357,0.102156271,4.724618004,2.64E-06,NA,NA,NA,NA,NA,NA,NA,NA,NA,NA,NA,NA,NA,NA,0.006791,0.35399,0,0,0.639219
311420|.|A|G|.|.|GT,NA,NA,376,314,191,259,66.31393298,45.20069808,1.6237703,8.06E-05,1,0.008250491,85,57,53,0.002194909,0.029456362,1,45.26381859,45.26381859,19.48975436,1.12E-05,0.482122092,0.10650422,4.526788612,6.62E-06,0.345985908,0.099799677,3.466803895,5.50E-04,NA,NA,NA,NA,NA,NA,NA,NA,NA,NA,NA,NA,NA,NA,0.006791,0.383701,0,0,0.609508
320917|.|G|A|.|.|GT,NA,NA,362,306,205,267,63.84479718,46.59685864,1.540793879,3.86E-04,1,0.023392259,80,55,52,0.001052735,0.00968285,1,18.80145069,18.80145069,8.054676812,0.004632224,0.3224404,0.106209202,3.035898894,0.002452724,0.263449863,0.099541074,2.646644765,0.008259693,NA,NA,NA,NA,NA,NA,NA,NA,NA,NA,NA,NA,NA,NA,0.006791,0.584041,0,0,0.409168
1130974|.|C|T|.|.|GT,NA,NA,11,0,556,573,1.940035273,100,Inf,4.39E-04,1,0.031192498,7,7,0,0.015625,0.015625,1,28.03947082,28.03947082,12.02746279,5.47E-04,1.653938327,0.512328152,3.228279222,0.001280933,1.482330971,0.516051916,2.872445439,0.004160843,NA,NA,NA,NA,NA,NA,NA,NA,NA,NA,NA,NA,NA,NA,0.006791,0,0.983871,0.009338,0
1383687|.|C|T|.|.|GT,NA,NA,366,290,201,283,64.55026455,49.38917976,1.776942872,2.14E-06,0.054720562,6.15E-04,82,54,54,0.005435925,0.005435925,1,76.17703185,76.17703185,32.8350775,1.33E-08,0.517810498,0.105152555,4.924373926,9.71E-07,0.362197452,0.100192314,3.615022341,3.16E-04,NA,NA,NA,NA,NA,NA,NA,NA,NA,NA,NA,NA,NA,NA,0.006791,0,0.421902,0.571307,0
1352772|.|C|T|.|.|GT,NA,NA,321,261,246,312,56.61375661,54.45026178,1.559854219,1.91E-04,1,0.029282736,76,48,52,0.001761872,0.028626656,1,55.06514931,55.06514931,23.74511255,1.28E-06,0.438628915,0.10426243,4.206970009,2.79E-05,0.360627521,0.098192964,3.672641155,2.53E-04,NA,NA,NA,NA,NA,NA,NA,NA,NA,NA,NA,NA,NA,NA,0.006791,0,0.481324,0.511885,0
1468639|.|C|T|.|.|GT,NA,NA,287,215,280,358,50.61728395,62.47818499,1.706744186,9.86E-06,0.251139506,0.002853858,58,41,42,8.62E-04,0.002232552,1,66.95808358,66.95808358,28.91226182,9.47E-08,0.551440518,0.104535749,5.275138137,1.59E-07,0.378767189,0.098385791,3.849815977,1.26E-04,NA,NA,NA,NA,NA,NA,NA,NA,NA,NA,NA,NA,NA,NA,0.006791,0,0.557725,0.435484,0
1674150|.|G|A|.|.|GT,NA,NA,227,169,340,404,40.03527337,70.5061082,1.596032022,1.91E-04,1,0.03688286,65,45,46,0.001090084,0.002626377,1,39.93769109,39.93769109,17.15430249,3.74E-05,0.409213696,0.109647131,3.732096694,1.99E-04,0.318731784,0.102943023,3.096196067,0.002015862,NA,NA,NA,NA,NA,NA,NA,NA,NA,NA,NA,NA,NA,NA,0.006791,0.348896,0,0,0.644312
1739466|.|G|T|.|.|GT,NA,NA,298,220,269,353,52.55731922,61.60558464,1.777526191,1.88E-06,0.047855364,6.94E-04,72,47,45,0.012774596,0.04437092,1,28.60204652,28.60204652,12.27093355,4.81E-04,0.331394714,0.105049253,3.154660367,0.001648957,0.284510422,0.098021259,2.902537937,0.003784373,NA,NA,NA,NA,NA,NA,NA,NA,NA,NA,NA,NA,NA,NA,0.006791,0,0,0.444822,0.548387
1805103|.|C|T|.|.|GT,NA,NA,284,215,283,358,50.08818342,62.47818499,1.671000082,2.20E-05,0.560624448,0.006229161,73,50,49,0.002118173,0.004626294,1,41.17413832,41.17413832,17.77699439,2.71E-05,0.458103642,0.104977044,4.36384591,1.39E-05,0.380958214,0.099302996,3.836321457,1.33E-04,NA,NA,NA,NA,NA,NA,NA,NA,NA,NA,NA,NA,NA,NA,0.006791,0,0.556027,0.437182,0
1739805|.|G|A|.|.|GT,NA,NA,281,219,286,354,49.55908289,61.78010471,1.588178944,1.32E-04,1,0.02641011,74,52,47,6.43E-04,0.026516833,1,35.51621831,35.51621831,15.23732559,1.01E-04,0.382179811,0.105220606,3.632176492,2.94E-04,0.289243447,0.099631232,2.903140314,0.003777164,NA,NA,NA,NA,NA,NA,NA,NA,NA,NA,NA,NA,NA,NA,0.006791,0.439728,0,0,0.55348
2050975|.|C|T|.|.|GT,NA,NA,369,305,198,268,65.07936508,46.77137871,1.637555887,5.34E-05,1,0.007915974,69,48,45,0.001550317,0.015432297,1,36.74252147,36.74252147,15.82565434,7.46E-05,0.48179852,0.105849598,4.551727437,5.89E-06,0.353604457,0.100688195,3.511876005,4.65E-04,NA,NA,NA,NA,NA,NA,NA,NA,NA,NA,NA,NA,NA,NA,0.006791,0,0.411715,0.581494,0
2158376|.|C|T|.|.|GT,NA,NA,272,178,295,395,47.97178131,68.93542757,2.04608646,5.57E-09,1.42E-04,2.98E-06,44,30,29,0.022628841,0.048766766,1,93.2848951,93.2848951,40.94068344,2.43E-10,0.63088334,0.105818973,5.961911388,3.32E-09,0.551386495,0.098788979,5.581457577,3.09E-08,NA,NA,NA,NA,NA,NA,NA,NA,NA,NA,NA,NA,NA,NA,0.006791,0,0.601019,0.39219,0
2484261|.|C|A|.|.|GT,NA,NA,389,336,178,237,68.60670194,41.36125654,1.541482745,5.60E-04,1,0.042177614,73,48,56,5.27E-06,0.009542211,1,71.34182987,71.34182987,31.02571266,3.29E-08,0.526254353,0.10804372,4.870753762,1.27E-06,0.473199418,0.100998624,4.685206581,3.19E-06,NA,NA,NA,NA,NA,NA,NA,NA,NA,NA,NA,NA,NA,NA,0.006791,0.636672,0.356537,0,0
3220306|.|A|G|.|.|GT,NA,NA,360,287,207,286,63.49206349,49.91273997,1.733070747,5.42E-06,0.137589535,7.20E-04,110,73,70,7.69E-04,0.00544743,1,75.02182245,75.02182245,32.87658458,1.31E-08,0.543110488,0.104792827,5.182706734,2.59E-07,0.529694722,0.097275534,5.445302636,6.54E-08,NA,NA,NA,NA,NA,NA,NA,NA,NA,NA,NA,NA,NA,NA,0.006791,0.423599,0,0,0.56961
3280903|.|G|T|.|.|GT,NA,NA,325,240,242,333,57.31922399,58.11518325,1.863378099,2.42E-07,0.006144418,2.40E-05,80,57,50,1.83E-04,0.032992618,1,73.13184845,73.13184845,31.76218594,2.28E-08,0.5648726,0.103713271,5.446483306,6.29E-08,0.443635337,0.097680146,4.541714519,6.27E-06,NA,NA,NA,NA,NA,NA,NA,NA,NA,NA,NA,NA,NA,NA,0.006791,0,0,0.489813,0.503396
3231222|.|C|T,G|.|.|GT,NA,238,178,329,395,41.97530864,68.93542757,1.605307196,1.36E-04,1,0.007479578,178,106,103,0.013158485,0.042694347,1,63.26086274,63.26086274,27.22851711,2.21E-07,0.524610133,0.107938017,4.860290638,1.34E-06,0.35061924,0.102774662,3.411533887,6.72E-04,NA,NA,NA,NA,NA,NA,NA,NA,NA,NA,NA,NA,NA,NA,0.006791,0,0.629881,0.363328,0
3345032|.|C|T|.|.|GT,NA,NA,292,221,275,352,51.49911817,61.43106457,1.691221719,1.35E-05,0.345426901,0.00268632,79,49,55,6.39E-04,0.042165444,1,53.11750116,53.11750116,22.97327642,1.90E-06,0.404111155,0.104916931,3.851724899,1.24E-04,0.398480647,0.098272614,4.054849378,5.41E-05,NA,NA,NA,NA,NA,NA,NA,NA,NA,NA,NA,NA,NA,NA,0.006791,0,0.550085,0.443124,0
4233164|.|G|A|.|.|GT,NA,NA,352,295,215,278,62.08112875,48.51657941,1.542861648,3.33E-04,1,0.032341721,79,52,49,0.006553298,0.042165444,1,29.57634288,29.57634288,12.73380618,3.76E-04,0.388879053,0.105393774,3.689772526,2.35E-04,0.33953827,0.09832795,3.453120615,5.78E-04,NA,NA,NA,NA,NA,NA,NA,NA,NA,NA,NA,NA,NA,NA,0.006791,0.567063,0,0,0.426146
4246215|.|C|T|.|.|GT,NA,NA,255,200,312,373,44.97354497,65.09598604,1.524278846,5.64E-04,1,0.047961629,68,43,49,3.58E-04,0.038460053,1,41.88744603,41.88744603,18.11421602,2.28E-05,0.424768622,0.106554466,3.986399056,7.14E-05,0.402574693,0.09962828,4.040767279,5.74E-05,NA,NA,NA,NA,NA,NA,NA,NA,NA,NA,NA,NA,NA,NA,0.006791,0,0.595076,0.398132,0
4408805|.|A|G|.|.|GT,NA,NA,384,289,183,284,67.72486772,49.56369983,2.062056838,3.28E-09,8.37E-05,5.71E-06,70,48,49,0.001093245,0.002547565,1,91.82949374,91.82949374,40.745051,2.67E-10,0.651223994,0.105085544,6.197084461,8.03E-10,0.634280173,0.097545707,6.502389446,1.26E-10,NA,NA,NA,NA,NA,NA,NA,NA,NA,NA,NA,NA,NA,NA,0.006791,0.400679,0,0,0.59253
4408820|.|A|G|.|.|GT,NA,NA,358,263,209,310,63.13932981,54.10122164,2.0190296,5.29E-09,1.35E-04,6.91E-06,71,47,51,3.03E-04,0.008554539,1,87.40135154,87.40135154,38.51334618,8.01E-10,0.618540157,0.103850779,5.956047336,3.44E-09,0.577425895,0.097272823,5.936148201,4.04E-09,NA,NA,NA,NA,NA,NA,NA,NA,NA,NA,NA,NA,NA,NA,0.006791,0.447368,0,0,0.54584
4408919|.|A|G|.|.|GT,NA,NA,400,316,167,257,70.54673721,44.85165794,1.948002729,9.05E-08,0.002308907,5.37E-05,74,48,52,6.43E-04,0.014079981,1,58.37438155,58.37438155,25.46883322,5.36E-07,0.540889052,0.107434042,5.034615104,5.56E-07,0.501776118,0.09993457,5.021046464,6.10E-07,NA,NA,NA,NA,NA,NA,NA,NA,NA,NA,NA,NA,NA,NA,0.006791,0.363328,0,0,0.629881
4408907|.|A|G|.|.|GT,NA,NA,385,314,182,259,67.90123457,45.20069808,1.744855463,6.57E-06,0.167556028,0.00162271,70,48,48,0.002547565,0.002547565,1,45.74142076,45.74142076,19.8700643,9.24E-06,0.465485969,0.106917074,4.353710337,1.46E-05,0.455551058,0.099826086,4.563447059,5.67E-06,NA,NA,NA,NA,NA,NA,NA,NA,NA,NA,NA,NA,NA,NA,0.006791,0.376061,0,0,0.617148
4706200|.|A|G|.|.|GT,NA,NA,447,376,120,197,78.83597884,34.38045375,1.951662234,6.68E-07,0.017017468,2.10E-04,73,49,46,0.004626294,0.034415914,1,63.52678752,63.52678752,27.59406401,1.84E-07,0.553690042,0.115962153,4.774747869,2.03E-06,0.494909598,0.108636592,4.555643633,5.88E-06,NA,NA,NA,NA,NA,NA,NA,NA,NA,NA,NA,NA,NA,NA,0.006791,0.280985,0,0,0.712224
4924485|.|T|C|.|.|GT,NA,NA,251,176,316,397,44.2680776,69.28446771,1.791696634,2.40E-06,0.061206868,8.38E-04,49,32,38,1.42E-04,0.044384161,1,69.18033938,69.18033938,30.32549638,4.67E-08,0.560613989,0.10724112,5.227602867,2.04E-07,0.553897524,0.101220354,5.472195085,5.64E-08,NA,NA,NA,NA,NA,NA,NA,NA,NA,NA,NA,NA,NA,NA,0.006791,0,0.368421,0.624788,0
4924506|.|A|G|.|.|GT,NA,NA,254,185,313,388,44.79717813,67.71378709,1.701960107,1.53E-05,0.389326478,0.004055484,58,37,43,3.07E-04,0.047940324,1,74.77177599,74.77177599,32.4491652,1.62E-08,0.519484976,0.106835697,4.862466302,1.32E-06,0.452296293,0.101523224,4.455101765,9.35E-06,NA,NA,NA,NA,NA,NA,NA,NA,NA,NA,NA,NA,NA,NA,0.006791,0.61545,0,0,0.377759
5095422|.|A|G|.|.|GT,NA,NA,386,307,181,266,68.07760141,46.42233857,1.847787356,6.23E-07,0.01591084,2.27E-04,77,50,50,0.011672721,0.011672721,1,84.55269842,84.55269842,37.03391971,1.66E-09,0.588816692,0.106159865,5.546509444,3.62E-08,0.532815338,0.098731329,5.396618728,8.52E-08,NA,NA,NA,NA,NA,NA,NA,NA,NA,NA,NA,NA,NA,NA,0.006791,0.389643,0,0,0.603565
5303527|.|A|G|.|.|GT,NA,NA,391,334,176,239,68.95943563,41.71029668,1.589701279,2.18E-04,1,0.045110158,90,56,59,0.004165114,0.026301665,1,67.46340815,67.46340815,29.13667157,8.46E-08,0.507867464,0.108064461,4.699671454,2.92E-06,0.395427169,0.101985195,3.877299711,1.13E-04,NA,NA,NA,NA,NA,NA,NA,NA,NA,NA,NA,NA,NA,NA,0.006791,0.365025,0,0,0.628183
188807|.|C|T,G|.|.|GT,NA,161,108,406,465,28.39506173,81.15183246,1.707375479,1.61E-04,1,0.011211047,90,62,55,4.38E-04,0.044597525,1,56.40825192,56.40825192,24.49484518,8.77E-07,0.523540475,0.122727772,4.265868005,2.16E-05,0.522498744,0.115508772,4.523455089,6.83E-06,NA,NA,NA,NA,NA,NA,NA,NA,NA,NA,NA,NA,NA,NA,0.005942,0,0.758065,0.235144,8.49E-04
252026|.|C|T|.|.|GT,NA,NA,353,284,214,289,62.25749559,50.43630017,1.678573779,1.73E-05,0.440523648,0.00208779,72,49,47,0.002942761,0.012774596,1,43.82136263,43.82136263,18.85383989,1.56E-05,0.447174809,0.104927871,4.261735278,2.20E-05,0.332051268,0.099047927,3.352430269,8.32E-04,NA,NA,NA,NA,NA,NA,NA,NA,NA,NA,NA,NA,NA,NA,0.005942,0,0.435484,0.558574,0
498629|.|C|T|.|.|GT,NA,NA,228,127,339,446,40.21164021,77.83595113,2.361925998,5.47E-11,1.40E-06,7.00E-07,38,26,26,0.03355244,0.03355244,1,133.5313465,133.5313465,58.95254594,3.90E-14,0.749046815,0.111234426,6.733947792,2.61E-11,0.643528768,0.105548927,6.09697118,1.55E-09,NA,NA,NA,NA,NA,NA,NA,NA,NA,NA,NA,NA,NA,NA,0.005942,0,0.683362,0.310696,0
743010|.|T|C|.|.|GT,NA,NA,427,370,140,203,75.30864198,35.42757417,1.673378378,8.10E-05,1,0.022737155,79,57,49,1.03E-04,0.042165444,1,53.27639444,53.27639444,22.99156323,1.88E-06,0.511540759,0.11342011,4.510141622,7.15E-06,0.401273375,0.106267854,3.776056049,1.69E-04,NA,NA,NA,NA,NA,NA,NA,NA,NA,NA,NA,NA,NA,NA,0.005942,0,0.695246,0.298812,0
659534|.|C|T|.|.|GT,NA,NA,296,235,271,338,52.20458554,58.9877836,1.570982178,1.81E-04,1,0.042840604,81,53,50,0.007275502,0.044828522,1,69.54456237,69.54456237,30.1379534,5.12E-08,0.529441896,0.104121063,5.084868327,4.30E-07,0.420665266,0.097985428,4.293141068,1.94E-05,NA,NA,NA,NA,NA,NA,NA,NA,NA,NA,NA,NA,NA,NA,0.005942,0,0.526316,0.467742,0
1047420|.|A|G|.|.|GT,NA,NA,419,362,148,211,73.89770723,36.82373473,1.65016052,1.00E-04,1,0.008425391,95,60,65,4.25E-04,0.013378703,1,59.37492123,59.37492123,25.65250041,4.88E-07,0.478916018,0.112103597,4.27208431,2.10E-05,0.411812068,0.10497696,3.922880472,9.36E-05,NA,NA,NA,NA,NA,NA,NA,NA,NA,NA,NA,NA,NA,NA,0.005942,0.310696,0,0,0.683362
1517365|.|G|A|.|.|GT,NA,NA,297,222,270,351,52.38095238,61.2565445,1.739189189,4.52E-06,0.115215687,0.001280174,96,64,63,0.001424496,0.00287861,1,63.02395482,63.02395482,27.20289182,2.23E-07,0.556401114,0.104175936,5.340975432,1.12E-07,0.375915743,0.098951917,3.798973817,1.54E-04,NA,NA,NA,NA,NA,NA,NA,NA,NA,NA,NA,NA,NA,NA,0.005942,0.457555,0,0,0.536503
2635001|.|C|T|.|.|GT,NA,NA,328,261,239,312,57.84832451,54.45026178,1.640552109,3.36E-05,0.855220042,0.007436696,79,51,49,0.012812402,0.042165444,1,26.47153968,26.47153968,11.37576351,7.73E-04,0.360468876,0.104558321,3.447538887,5.86E-04,0.315140043,0.099317086,3.17306975,0.001555274,NA,NA,NA,NA,NA,NA,NA,NA,NA,NA,NA,NA,NA,NA,0.005942,0,0.476231,0.517827,0
2634998|.|C|T|.|.|GT,NA,NA,307,243,260,330,54.14462081,57.59162304,1.60351377,9.00E-05,1,0.017724558,80,51,50,0.018316098,0.032992618,1,32.43819078,32.43819078,13.91764612,2.02E-04,0.365451992,0.104562169,3.495068977,4.92E-04,0.291589467,0.100072975,2.913768352,0.003652013,NA,NA,NA,NA,NA,NA,NA,NA,NA,NA,NA,NA,NA,NA,0.005942,0,0.510187,0.483871,0
2872360|.|A|G|.|.|GT,NA,NA,285,223,282,350,50.26455026,61.08202443,1.586203607,1.35E-04,1,0.019760795,62,43,42,0.00315606,0.007148734,1,37.91664534,37.91664534,16.34517104,5.69E-05,0.397070902,0.10504066,3.780163819,1.65E-04,0.358599981,0.098803676,3.629419442,2.99E-04,NA,NA,NA,NA,NA,NA,NA,NA,NA,NA,NA,NA,NA,NA,0.005942,0.556876,0,0,0.437182
2941096|.|G|A|.|.|GT,NA,NA,285,212,282,361,50.26455026,63.0017452,1.720945403,7.29E-06,0.184966567,0.001744968,58,40,40,0.00535486,0.00535486,1,62.94857888,62.94857888,27.3753381,2.05E-07,0.514032502,0.104796734,4.90504317,1.07E-06,0.46079493,0.09837153,4.684230569,3.21E-06,NA,NA,NA,NA,NA,NA,NA,NA,NA,NA,NA,NA,NA,NA,0.005942,0.436333,0,0,0.557725
3280744|.|G|A|.|.|GT,NA,NA,296,214,271,359,52.20458554,62.65270506,1.832327482,5.39E-07,0.013653412,5.06E-05,84,55,54,0.006037958,0.011634454,1,62.63766449,62.63766449,27.12648135,2.32E-07,0.535116135,0.104459727,5.12270278,3.54E-07,0.415487891,0.098597101,4.213997034,2.74E-05,NA,NA,NA,NA,NA,NA,NA,NA,NA,NA,NA,NA,NA,NA,0.005942,0.44652,0,0,0.547538
3234395|.|C|T|.|.|GT,NA,NA,358,295,209,278,63.13932981,48.51657941,1.614208093,7.68E-05,1,0.004486096,108,68,71,0.001381641,0.009057983,1,41.4809723,41.4809723,17.81129476,2.67E-05,0.413181433,0.105501547,3.91635427,9.52E-05,0.302303344,0.099348053,3.042871343,0.002405716,NA,NA,NA,NA,NA,NA,NA,NA,NA,NA,NA,NA,NA,NA,0.005942,0,0.42275,0.571307,0
3310962|.|A|G|.|.|GT,NA,NA,335,277,232,296,59.08289242,51.65794066,1.543010083,2.92E-04,1,0.014815219,111,76,70,1.25E-04,0.007584812,1,41.40613182,41.40613182,17.78239384,2.71E-05,0.337636625,0.104846683,3.220289054,0.001316844,0.302017009,0.098302244,3.072330782,0.002182543,NA,NA,NA,NA,NA,NA,NA,NA,NA,NA,NA,NA,NA,NA,0.005942,0.460102,0,0,0.533956
3347897|.|C|T|.|.|GT,NA,NA,362,270,205,303,63.84479718,52.87958115,1.981680217,1.43E-08,3.64E-04,5.52E-06,95,63,58,0.001924348,0.039608238,1,61.61571002,61.61571002,26.62907066,2.98E-07,0.531118596,0.104498119,5.082566093,4.35E-07,0.389006952,0.098159581,3.963005428,7.94E-05,NA,NA,NA,NA,NA,NA,NA,NA,NA,NA,NA,NA,NA,NA,0.005942,0,0.443124,0.550934,0
3343203|.|T|C|.|.|GT,NA,NA,365,306,202,267,64.37389771,46.59685864,1.576635605,1.88E-04,1,0.02464117,94,58,64,5.88E-04,0.02976641,1,39.58900754,39.58900754,16.99124334,4.07E-05,0.406987753,0.106055527,3.837496869,1.31E-04,0.297462923,0.100205209,2.968537534,0.003064935,NA,NA,NA,NA,NA,NA,NA,NA,NA,NA,NA,NA,NA,NA,0.005942,0,0.590832,0.403226,0
3776182|.|G|A|.|.|GT,NA,NA,269,190,298,383,47.44268078,66.84118674,1.819622042,9.67E-07,0.02464614,4.18E-04,69,46,48,0.001550317,0.007620522,1,97.51169619,97.51169619,42.68628007,1.03E-10,0.623503064,0.10553282,5.908143669,4.57E-09,0.533096556,0.099746174,5.344531366,1.13E-07,NA,NA,NA,NA,NA,NA,NA,NA,NA,NA,NA,NA,NA,NA,0.005942,0.39219,0,0,0.601868
4305293|.|A|G|.|.|GT,NA,NA,288,221,279,352,50.79365079,61.43106457,1.644139542,3.87E-05,0.98822314,0.005120327,85,53,53,0.029456362,0.029456362,1,67.71160472,67.71160472,29.25069611,7.99E-08,0.454366388,0.104815661,4.334909348,1.59E-05,0.386265169,0.098860125,3.907188747,9.98E-05,NA,NA,NA,NA,NA,NA,NA,NA,NA,NA,NA,NA,NA,NA,0.005942,0.550934,0,0,0.443124
4846051|.|G|A|.|.|GT,NA,NA,225,148,342,425,39.68253968,74.17102967,1.889224751,7.94E-07,0.020251113,3.07E-04,38,27,28,0.005097643,0.013852965,1,78.70035298,78.70035298,34.1170988,7.05E-09,0.567863068,0.11067634,5.130844274,3.39E-07,0.451310737,0.104185696,4.33179175,1.63E-05,NA,NA,NA,NA,NA,NA,NA,NA,NA,NA,NA,NA,NA,NA,0.005942,0.32343,0,0,0.670628
4909363|.|T|C|.|.|GT,NA,NA,309,218,258,355,54.4973545,61.95462478,1.95034137,3.09E-08,7.86E-04,2.53E-05,65,43,42,0.012502546,0.024811975,1,110.0115795,110.0115795,47.99928078,7.71E-12,0.627736403,0.103694272,6.053723005,1.92E-09,0.49499289,0.098540275,5.02325458,6.03E-07,NA,NA,NA,NA,NA,NA,NA,NA,NA,NA,NA,NA,NA,NA,0.005942,0,0.460951,0.533107,0
4948527|.|T|A|.|.|GT,NA,NA,369,309,198,264,65.07936508,46.07329843,1.59223301,1.43E-04,1,0.023712769,90,64,56,7.66E-05,0.026301665,1,67.09607538,67.09607538,28.83847803,9.82E-08,0.499552152,0.105996162,4.712926816,2.74E-06,0.323209115,0.101017899,3.199523247,0.001420707,NA,NA,NA,NA,NA,NA,NA,NA,NA,NA,NA,NA,NA,NA,0.005942,0.591681,0,0.402377,0
4981923|.|G|A|.|.|GT,NA,NA,255,188,312,385,44.97354497,67.19022688,1.673741817,2.72E-05,0.696284889,0.007486934,57,37,37,0.033143968,0.033143968,1,64.75373981,64.75373981,28.14689927,1.39E-07,0.536555923,0.106579002,5.034349281,5.57E-07,0.465961159,0.100580434,4.632721716,4.09E-06,NA,NA,NA,NA,NA,NA,NA,NA,NA,NA,NA,NA,NA,NA,0.005942,0.38455,0,0,0.609508
5253603|.|A|G|.|.|GT,NA,NA,345,271,222,302,60.84656085,52.70506108,1.731824075,4.69E-06,0.119918751,0.001789832,70,45,45,0.022462895,0.022462895,1,58.0628241,58.0628241,25.2865228,5.87E-07,0.471689184,0.104447642,4.5160348,6.96E-06,0.47168468,0.09757384,4.834130536,1.55E-06,NA,NA,NA,NA,NA,NA,NA,NA,NA,NA,NA,NA,NA,NA,0.005942,0.459253,0,0,0.534805
5253609|.|C|T|.|.|GT,NA,NA,324,250,243,323,57.14285714,56.36998255,1.722666667,5.11E-06,0.130723523,0.001922405,70,44,45,0.022462895,0.041391429,1,67.30873223,67.30873223,29.25442219,7.98E-08,0.482275843,0.104074627,4.633942533,4.00E-06,0.451776718,0.097758581,4.621351007,4.32E-06,NA,NA,NA,NA,NA,NA,NA,NA,NA,NA,NA,NA,NA,NA,0.005942,0,0.496604,0.497453,0
183578|.|G|T,A|.|.|GT,NA,21,4,546,569,3.703703704,99.30191972,5.471153846,4.40E-04,1,0.027164231,18,15,4,0.007537842,0.030883789,1,5.837014974,5.837014974,2.484062566,0.11532726,0.646262274,0.3581336,1.804528462,0.071412786,0.226089979,0.332225485,0.680531714,0.496328428,HF536482,183578,snp,G,T,T:149 G:3,CDS,-,311/1062,104/353,missense_variant c.311C>A p.Ala104Asp,BN373_01711,rsgA,ribosome small subunit-dependent GTPase A,0.005093,8.49E-04,0,0.022071,0.971986
294639|.|T|C|.|.|GT,NA,NA,213,132,354,441,37.56613757,76.96335079,2.010208012,1.13E-07,0.00287759,2.57E-05,37,27,26,0.007632079,0.020073852,1,100.7454386,100.7454386,44.06163744,5.26E-11,0.661845306,0.112639301,5.875793804,5.52E-09,0.562364604,0.10696087,5.257666693,1.79E-07,NA,NA,NA,NA,NA,NA,NA,NA,NA,NA,NA,NA,NA,NA,0.005093,0,0.304754,0.690153,0
296004|.|G|A|.|.|GT,NA,NA,223,149,344,424,39.329806,73.9965096,1.844701108,2.04E-06,0.052019172,2.96E-04,41,28,28,0.027533156,0.027533156,1,79.38498394,79.38498394,34.40668926,6.11E-09,0.588228913,0.11066115,5.31558647,1.28E-07,0.453365185,0.10524833,4.307576034,1.82E-05,NA,NA,NA,NA,NA,NA,NA,NA,NA,NA,NA,NA,NA,NA,0.005093,0.325976,0,0,0.66893
309785|.|T|C|.|.|GT,NA,NA,341,278,226,295,60.14109347,51.48342059,1.601117336,8.69E-05,1,0.008754136,74,47,51,0.001516224,0.026516833,1,37.85528205,37.85528205,16.36371325,5.64E-05,0.367225245,0.104877385,3.501472161,4.81E-04,0.388611334,0.097415389,3.989219123,7.12E-05,NA,NA,NA,NA,NA,NA,NA,NA,NA,NA,NA,NA,NA,NA,0.005093,0,0.5382,0.456706,0
482148|.|G|A|.|.|GT,NA,NA,253,193,314,380,44.62081129,66.31762653,1.58641629,1.67E-04,1,0.025585801,70,45,50,4.40E-04,0.022462895,1,21.80541743,21.80541743,9.325999863,0.002320209,0.300390332,0.107302606,2.799469115,0.005205183,0.235244585,0.101657329,2.314093697,0.020868431,NA,NA,NA,NA,NA,NA,NA,NA,NA,NA,NA,NA,NA,NA,0.005093,0.390492,0,0,0.604414
915889|.|G|A|.|.|GT,NA,NA,250,179,317,394,44.09171076,68.7609075,1.735896939,7.97E-06,0.20340441,0.00201259,62,40,47,5.78E-05,0.030015864,1,83.77618174,83.77618174,36.38146272,2.30E-09,0.562654262,0.107129424,5.252098266,1.79E-07,0.462963126,0.102188799,4.530468394,6.61E-06,NA,NA,NA,NA,NA,NA,NA,NA,NA,NA,NA,NA,NA,NA,0.005093,0.370119,0,0,0.624788
915940|.|A|G|.|.|GT,NA,NA,280,214,287,359,49.38271605,62.65270506,1.63665375,4.74E-05,1,0.00952765,59,39,44,2.04E-04,0.018337088,1,63.56611152,63.56611152,27.42680762,2.00E-07,0.517801813,0.104879653,4.937104572,9.11E-07,0.372108756,0.099216726,3.750463987,1.87E-04,NA,NA,NA,NA,NA,NA,NA,NA,NA,NA,NA,NA,NA,NA,0.005093,0.566214,0,0,0.428693
1266882|.|G|C,A|.|.|GT,NA,141,96,426,477,24.86772487,83.2460733,1.644586268,7.79E-04,1,0.048321768,72,47,47,0.012774596,0.012774596,1,40.81828088,40.81828088,17.52825535,3.09E-05,0.506877467,0.12856087,3.942704094,8.55E-05,0.375761033,0.122923889,3.056859302,0.002297262,NA,NA,NA,NA,NA,NA,NA,NA,NA,NA,NA,NA,NA,NA,0.005093,8.49E-04,0.205433,0,0.788625
1470987|.|T|C|.|.|GT,NA,NA,369,284,198,289,65.07936508,50.43630017,1.896446863,1.31E-07,0.003340996,6.96E-05,63,43,42,0.005152397,0.011141407,1,83.6528408,83.6528408,36.90239927,1.77E-09,0.60789134,0.104614061,5.810799546,8.06E-09,0.592068361,0.098183548,6.030219653,2.32E-09,NA,NA,NA,NA,NA,NA,NA,NA,NA,NA,NA,NA,NA,NA,0.005093,0,0.570458,0.424448,0
1450163|.|G|A|.|.|GT,NA,NA,276,214,291,359,48.67724868,62.65270506,1.591097408,1.27E-04,1,0.024359839,78,51,51,0.008771714,0.008771714,1,53.95090165,53.95090165,23.32545729,1.59E-06,0.433102347,0.10532107,4.11220988,4.20E-05,0.397998365,0.099225436,4.01105183,6.50E-05,NA,NA,NA,NA,NA,NA,NA,NA,NA,NA,NA,NA,NA,NA,0.005093,0.426146,0,0,0.568761
1449642|.|T|C|.|.|GT,NA,NA,223,166,344,407,39.329806,71.02966841,1.589398291,2.30E-04,1,0.039261629,42,29,31,0.002887248,0.019520473,1,60.61313005,60.61313005,26.30127336,3.52E-07,0.449358643,0.110049955,4.083224235,4.75E-05,0.458014872,0.103141282,4.440655238,9.99E-06,NA,NA,NA,NA,NA,NA,NA,NA,NA,NA,NA,NA,NA,NA,0.005093,0,0.340407,0.654499,0
1648678|.|A|G|.|.|GT,NA,NA,398,334,169,239,70.19400353,41.71029668,1.685185841,3.38E-05,0.864250789,0.007928906,82,52,55,0.002642493,0.019826916,1,61.34374996,61.34374996,26.54470613,3.11E-07,0.555798868,0.108383454,5.128078558,3.44E-07,0.420606319,0.102154873,4.117339724,4.16E-05,NA,NA,NA,NA,NA,NA,NA,NA,NA,NA,NA,NA,NA,NA,0.005093,0.351443,0,0,0.643463
1715483|.|C|A|.|.|GT,NA,NA,278,217,289,356,49.02998236,62.12914485,1.578109802,1.65E-04,1,0.030422262,58,37,41,0.002232552,0.047940324,1,41.81143075,41.81143075,17.90419378,2.54E-05,0.357311925,0.105416341,3.389530709,7.24E-04,0.255330447,0.099715487,2.560589676,0.010598188,NA,NA,NA,NA,NA,NA,NA,NA,NA,NA,NA,NA,NA,NA,0.005093,0.432937,0.561969,0,0
1839715|.|G|A|.|.|GT,NA,NA,294,225,273,348,51.85185185,60.73298429,1.665641026,2.36E-05,0.598610236,0.005297436,65,41,44,0.005918433,0.046353474,1,69.04828128,69.04828128,30.00085654,5.49E-08,0.484318432,0.104491849,4.634987691,3.98E-06,0.45485143,0.099173271,4.586431644,5.09E-06,NA,NA,NA,NA,NA,NA,NA,NA,NA,NA,NA,NA,NA,NA,0.005093,0.453311,0,0,0.541596
2161015|.|G|A|.|.|GT,NA,NA,322,220,245,353,56.79012346,61.60558464,2.108831169,6.22E-10,1.58E-05,1.08E-06,66,43,44,0.00921049,0.01865726,1,126.3972261,126.3972261,56.09945846,1.53E-13,0.714200352,0.103034072,6.931690993,6.95E-12,0.629156109,0.096413175,6.525623828,1.08E-10,NA,NA,NA,NA,NA,NA,NA,NA,NA,NA,NA,NA,NA,NA,0.005093,0.476231,0,0,0.518676
2163703|.|C|T|.|.|GT,NA,NA,394,318,173,255,69.48853616,44.5026178,1.826262406,1.29E-06,0.032798413,3.35E-04,78,61,50,5.66E-07,0.01685309,1,105.3951992,105.3951992,45.76710449,2.29E-11,0.629338714,0.106802927,5.89252311,5.00E-09,0.463286464,0.102415539,4.523595424,6.82E-06,NA,NA,NA,NA,NA,NA,NA,NA,NA,NA,NA,NA,NA,NA,0.005093,0,0.375212,0.619694,0
2612794|.|G|A|.|.|GT,NA,NA,27,5,540,568,4.761904762,99.12739965,5.68,4.91E-05,1,0.010594531,29,25,5,1.04E-04,5.46E-04,1,42.17710899,42.17710899,18.09040597,2.31E-05,1.115093224,0.311538144,3.579315231,3.59E-04,0.793423752,0.277474303,2.859449477,0.004333706,NA,NA,NA,NA,NA,NA,NA,NA,NA,NA,NA,NA,NA,NA,0.005093,0.027165,0,0,0.967742
3223474|.|A|G|.|.|GT,NA,NA,345,286,222,287,60.84656085,50.08726003,1.559487809,2.20E-04,1,0.018566932,122,79,78,0.001428062,0.002662017,1,59.58999782,59.58999782,25.70217851,4.76E-07,0.479426493,0.104717522,4.578283382,5.20E-06,0.363513244,0.098155904,3.703427181,2.25E-04,NA,NA,NA,NA,NA,NA,NA,NA,NA,NA,NA,NA,NA,NA,0.005093,0.449066,0,0,0.54584
3364475|.|G|A|.|.|GT,NA,NA,319,258,248,315,56.26102293,54.97382199,1.570470743,1.51E-04,1,0.020425213,87,54,57,0.005013599,0.03141811,1,46.46392541,46.46392541,20.11626086,8.15E-06,0.476815883,0.104103259,4.580220515,5.16E-06,0.408810772,0.097817321,4.179329057,3.18E-05,NA,NA,NA,NA,NA,NA,NA,NA,NA,NA,NA,NA,NA,NA,0.005093,0.506791,0,0,0.488115
3646518|.|G|A,C|.|.|GT,NA,288,229,279,344,50.79365079,60.03490401,1.550640935,2.81E-04,1,0.041142851,192,117,123,1.19E-04,0.002987279,1,36.45600287,36.45600287,15.65784776,8.14E-05,0.373770681,0.104924197,3.56229251,3.83E-04,0.302872212,0.098137572,3.08620037,0.002084197,NA,NA,NA,NA,NA,NA,NA,NA,NA,NA,NA,NA,NA,NA,0.005093,0.440577,0.008489,0,0.54584
3900214|.|G|A|.|.|GT,NA,NA,249,190,318,383,43.91534392,66.84118674,1.578401192,2.04E-04,1,0.03219495,59,39,41,0.003793706,0.018337088,1,45.89328108,45.89328108,19.76259347,9.77E-06,0.465566222,0.107053903,4.348895364,1.49E-05,0.352020179,0.101159399,3.479856368,5.24E-04,NA,NA,NA,NA,NA,NA,NA,NA,NA,NA,NA,NA,NA,NA,0.005093,0.382852,0,0,0.612054
4020334|.|G|A,T|.|.|GT,NA,29,8,538,565,5.114638448,98.60383944,3.806923792,3.61E-04,1,0.038215203,30,24,8,0.001430906,0.016124802,1,11.95635186,11.95635186,5.097141203,0.024184456,0.699119074,0.295678802,2.364454504,0.018223779,0.40670403,0.275855226,1.47433868,0.140711252,HF536482,4020334,snp,G,A,A:195 G:0,CDS,+,256/756,86/251,missense_variant c.256G>A p.Ala86Thr,BN373_37961,xni,exodeoxyribonuclease-9,0.005093,0.002547,0,0.029711,0.962649
4076826|.|G|C|.|.|GT,NA,NA,25,5,542,568,4.409171076,99.12739965,5.239852399,1.49E-04,1,0.022176788,23,19,5,0.002599478,0.010622025,1,38.83496983,38.83496983,16.63869852,4.89E-05,1.109784266,0.326480424,3.399236778,6.99E-04,0.778010731,0.292087768,2.663619696,0.007857199,HF536482,4076826,snp,G,C,C:154 G:0,CDS,-,1724/1845,575/614,missense_variant c.1724C>G p.Thr575Ser,BN373_38581,recD,"exodeoxyribonuclease V, alpha subunit",0.005093,0,0.025467,0,0.96944
4305302|.|T|C|.|.|GT,NA,NA,249,173,318,400,43.91534392,69.80802792,1.81044825,1.68E-06,0.042839431,3.37E-04,62,40,41,0.015134081,0.030015864,1,88.94724679,88.94724679,38.81175928,6.92E-10,0.563793745,0.10754385,5.242454558,1.89E-07,0.507225302,0.100815916,5.031202636,5.80E-07,NA,NA,NA,NA,NA,NA,NA,NA,NA,NA,NA,NA,NA,NA,0.005093,0,0.368421,0.626486,0
4305314|.|T|C|.|.|GT,NA,NA,253,178,314,395,44.62081129,68.93542757,1.788001861,2.51E-06,0.064043366,4.76E-04,65,42,41,0.024811975,0.046353474,1,84.67330108,84.67330108,36.92048349,1.76E-09,0.551582527,0.107079466,5.151151243,3.05E-07,0.4968439,0.100183361,4.959345509,8.33E-07,NA,NA,NA,NA,NA,NA,NA,NA,NA,NA,NA,NA,NA,NA,0.005093,0,0.376061,0.618846,0
4227193|.|A|G|.|.|GT,NA,NA,348,288,219,285,61.37566138,49.7382199,1.572488584,1.71E-04,1,0.01791919,86,54,57,0.003353275,0.022982592,1,36.19001405,36.19001405,15.59171853,8.42E-05,0.354505474,0.105238492,3.36859134,7.81E-04,0.347941288,0.098057723,3.548331301,4.06E-04,NA,NA,NA,NA,NA,NA,NA,NA,NA,NA,NA,NA,NA,NA,0.005093,0.443973,0,0,0.550934
4412061|.|T|C|.|.|GT,NA,NA,375,301,192,272,66.13756614,47.46945899,1.764950166,3.34E-06,0.085244512,8.88E-04,84,60,52,1.07E-04,0.037529534,1,78.92150896,78.92150896,34.29478804,6.46E-09,0.54128988,0.105704577,5.120779961,3.57E-07,0.455674997,0.099070899,4.599483826,4.79E-06,NA,NA,NA,NA,NA,NA,NA,NA,NA,NA,NA,NA,NA,NA,0.005093,0,0.59253,0.402377,0
4620134|.|G|A|.|.|GT,NA,NA,362,300,205,273,63.84479718,47.64397906,1.606926829,9.46E-05,1,0.019151166,73,51,49,9.14E-04,0.004626294,1,53.8246343,53.8246343,23.22260359,1.67E-06,0.388280316,0.105791106,3.670254802,2.54E-04,0.372531839,0.099490049,3.744413047,1.91E-04,NA,NA,NA,NA,NA,NA,NA,NA,NA,NA,NA,NA,NA,NA,0.005093,0.582343,0,0,0.412564
5095488|.|G|A|.|.|GT,NA,NA,370,307,197,266,65.25573192,46.42233857,1.627341722,6.78E-05,1,0.014541075,74,47,50,0.003372233,0.026516833,1,81.7041548,81.7041548,35.56219718,3.44E-09,0.562929172,0.105679136,5.326776846,1.20E-07,0.473388549,0.099142753,4.774817484,2.07E-06,NA,NA,NA,NA,NA,NA,NA,NA,NA,NA,NA,NA,NA,NA,0.005093,0.590832,0,0,0.404075
188517|.|C|T,A|.|.|GT,NA,164,116,403,457,28.92416226,79.7556719,1.603234363,7.37E-04,1,0.042587408,98,62,62,0.011174544,0.011174544,1,47.04812638,47.04812638,20.35624765,7.21E-06,0.488721037,0.121160787,4.033656832,5.86E-05,0.472113367,0.115072526,4.102746199,4.42E-05,NA,NA,NA,NA,NA,NA,NA,NA,NA,NA,NA,NA,NA,NA,0.004244,0.008489,0.752122,0.235144,0
265476|.|A|T|.|.|GT,NA,NA,23,5,544,568,4.05643739,99.12739965,4.802941176,4.43E-04,1,0.035166658,25,21,5,9.11E-04,0.004077315,1,20.31186184,20.31186184,8.695986324,0.003264764,1.062767075,0.337879534,3.145402336,0.001701577,0.808755246,0.320930508,2.520032299,0.011892189,HF536482,265476,snp,A,T,T:138 A:1,CDS,+,1288/1911,430/636,missense_variant c.1288A>T p.Ile430Phe,BN373_02531,NA,"putative transcriptional regulator/PTS system, IIA component",0.004244,0.971138,0,0.024618,0
316469|.|C|G,T|.|.|GT,NA,137,92,430,481,24.1622575,83.94415358,1.665748231,6.66E-04,1,0.049816927,56,40,36,0.001841555,0.044046546,1,57.5124924,57.5124924,24.99299232,6.81E-07,0.572952125,0.129777878,4.414867419,1.11E-05,0.56888379,0.12352723,4.605331082,4.66E-06,NA,NA,NA,NA,NA,NA,NA,NA,NA,NA,NA,NA,NA,NA,0.004244,0,0.796265,8.49E-04,0.198642
633209|.|T|C|.|.|GT,NA,NA,309,233,258,340,54.4973545,59.33682373,1.747679409,3.61E-06,0.09253308,0.00168242,82,52,51,0.019826916,0.03524144,1,67.74479023,67.74479023,29.43752995,7.28E-08,0.51082975,0.104081689,4.907969457,1.05E-06,0.448983596,0.097654857,4.597657584,4.83E-06,NA,NA,NA,NA,NA,NA,NA,NA,NA,NA,NA,NA,NA,NA,0.004244,0,0.473684,0.522071,0
584083|.|C|G|.|.|GT,NA,NA,242,170,325,403,42.68077601,70.33158813,1.765176471,5.00E-06,0.128136778,0.002033917,65,45,43,0.002626377,0.012502546,1,94.15344445,94.15344445,40.8339787,2.56E-10,0.601590363,0.107870706,5.576957702,3.06E-08,0.449091245,0.102485061,4.382016663,1.30E-05,NA,NA,NA,NA,NA,NA,NA,NA,NA,NA,NA,NA,NA,NA,0.004244,0,0.640917,0,0.354839
1023193|.|T|C|.|.|GT,NA,NA,388,302,179,271,68.4303351,47.29493892,1.945096008,6.49E-08,0.001647601,9.69E-06,90,69,57,3.88E-07,0.014866753,1,102.1780792,102.1780792,44.75859875,3.74E-11,0.575299471,0.106055116,5.424532938,7.09E-08,0.539371978,0.099761051,5.406638905,8.07E-08,NA,NA,NA,NA,NA,NA,NA,NA,NA,NA,NA,NA,NA,NA,0.004244,0,0.601019,0.394737,0
1637059|.|A|G|.|.|GT,NA,NA,289,197,278,376,50.97001764,65.61954625,1.98415075,1.69E-08,4.31E-04,8.93E-06,51,33,43,6.87E-07,0.048873892,1,89.03806046,89.03806046,38.84303719,6.81E-10,0.592671356,0.104775619,5.656576976,1.95E-08,0.495388012,0.098886409,5.009667327,6.46E-07,NA,NA,NA,NA,NA,NA,NA,NA,NA,NA,NA,NA,NA,NA,0.004244,0.573005,0,0,0.42275
1762887|.|C|T|.|.|GT,NA,NA,293,221,274,352,51.67548501,61.43106457,1.703207055,1.03E-05,0.262794198,0.003326509,78,52,50,0.004334881,0.01685309,1,30.1509424,30.1509424,12.95209566,3.36E-04,0.344171488,0.105066996,3.275733591,0.001085657,0.305513748,0.09810317,3.114208713,0.001897895,NA,NA,NA,NA,NA,NA,NA,NA,NA,NA,NA,NA,NA,NA,0.004244,0,0.548387,0.447368,0
1739290|.|G|A|.|.|GT,NA,NA,409,348,158,225,72.1340388,39.26701571,1.673668704,5.82E-05,1,0.014000853,76,53,49,7.65E-04,0.015440262,1,28.23750506,28.23750506,12.15709739,5.11E-04,0.31286847,0.11081792,2.823266025,0.004836563,0.354643789,0.102802868,3.449746075,5.85E-04,NA,NA,NA,NA,NA,NA,NA,NA,NA,NA,NA,NA,NA,NA,0.004244,0.655348,0,0,0.340407
1739275|.|A|G|.|.|GT,NA,NA,413,357,154,216,72.83950617,37.69633508,1.622612681,1.48E-04,1,0.02851558,76,53,51,7.65E-04,0.003836236,1,35.03302284,35.03302284,15.07407951,1.10E-04,0.350023143,0.111702054,3.133542586,0.001771243,0.349851648,0.103943711,3.365779846,7.93E-04,NA,NA,NA,NA,NA,NA,NA,NA,NA,NA,NA,NA,NA,NA,0.004244,0.326825,0,0,0.66893
1739278|.|C|G|.|.|GT,NA,NA,413,357,154,216,72.83950617,37.69633508,1.622612681,1.48E-04,1,0.02851558,76,53,51,7.65E-04,0.003836236,1,35.99329692,35.99329692,15.48930258,8.88E-05,0.354236511,0.111611562,3.173833468,0.00154472,0.35159967,0.103867192,3.385088834,7.40E-04,NA,NA,NA,NA,NA,NA,NA,NA,NA,NA,NA,NA,NA,NA,0.004244,0,0.326825,0,0.66893
1739272|.|A|G|.|.|GT,NA,NA,412,356,155,217,72.66313933,37.87085515,1.620224719,1.51E-04,1,0.028933576,77,54,51,5.39E-04,0.005870708,1,33.51046415,33.51046415,14.41512966,1.56E-04,0.343436277,0.111485296,3.080552239,0.00211575,0.344760107,0.103640689,3.326493771,9.12E-04,NA,NA,NA,NA,NA,NA,NA,NA,NA,NA,NA,NA,NA,NA,0.004244,0.328523,0,0,0.667233
1876411|.|A|G|.|.|GT,NA,NA,355,295,212,278,62.61022928,48.51657941,1.578030061,1.63E-04,1,0.02803735,78,52,50,0.004334881,0.01685309,1,44.27907687,44.27907687,19.05026995,1.41E-05,0.41725711,0.10535061,3.960652051,7.94E-05,0.329258434,0.098328459,3.348556837,8.43E-04,NA,NA,NA,NA,NA,NA,NA,NA,NA,NA,NA,NA,NA,NA,0.004244,0.427844,0,0,0.567912
2226977|.|C|T|.|.|GT,NA,NA,265,184,302,389,46.7372134,67.88830716,1.855114454,4.70E-07,0.011939234,1.59E-04,64,41,43,0.008146902,0.032765759,1,108.4739472,108.4739472,47.76835784,8.63E-12,0.63027997,0.105864505,5.953647738,3.49E-09,0.581045389,0.098799247,5.881071055,5.59E-09,NA,NA,NA,NA,NA,NA,NA,NA,NA,NA,NA,NA,NA,NA,0.004244,0,0.603565,0.39219,0
2243041|.|G|A|.|.|GT,NA,NA,247,186,320,387,43.56261023,67.53926702,1.605997984,1.20E-04,1,0.021031798,58,38,38,0.024746036,0.024746036,1,38.69551643,38.69551643,16.67186317,4.81E-05,0.395637037,0.10763451,3.67574524,2.48E-04,0.357318782,0.1005339,3.554211866,3.97E-04,NA,NA,NA,NA,NA,NA,NA,NA,NA,NA,NA,NA,NA,NA,0.004244,0.378608,0,0,0.617148
2698428|.|A|T|.|.|GT,NA,NA,408,353,159,220,71.95767196,38.39441536,1.599230317,2.09E-04,1,0.037312759,92,66,57,3.67E-05,0.028016902,1,17.94874435,17.94874435,7.731436897,0.005530631,0.321769258,0.111013864,2.898460127,0.003821929,0.3624481,0.102888002,3.52274409,4.47E-04,NA,NA,NA,NA,NA,NA,NA,NA,NA,NA,NA,NA,NA,NA,0.004244,0.331919,0,0.663837,0
3041385|.|A|G|.|.|GT,NA,NA,280,200,287,373,49.38271605,65.09598604,1.819512195,8.38E-07,0.021390896,2.97E-04,74,46,52,6.43E-04,0.047392976,1,101.9946067,101.9946067,44.4432343,4.36E-11,0.632743673,0.104718449,6.042332385,2.06E-09,0.490036109,0.100199098,4.890623942,1.17E-06,NA,NA,NA,NA,NA,NA,NA,NA,NA,NA,NA,NA,NA,NA,0.004244,0.576401,0,0,0.419355
3041388|.|G|A|.|.|GT,NA,NA,280,200,287,373,49.38271605,65.09598604,1.819512195,8.38E-07,0.021390896,2.97E-04,74,46,52,6.43E-04,0.047392976,1,101.9946067,101.9946067,44.4432343,4.36E-11,0.632743673,0.104718449,6.042332385,2.06E-09,0.490036109,0.100199098,4.890623942,1.17E-06,NA,NA,NA,NA,NA,NA,NA,NA,NA,NA,NA,NA,NA,NA,0.004244,0.419355,0,0,0.576401
3049722|.|G|A|.|.|GT,NA,NA,281,215,286,358,49.55908289,62.47818499,1.636005855,4.78E-05,1,0.010695897,94,58,64,5.88E-04,0.02976641,1,39.5603618,39.5603618,17.06743555,3.92E-05,0.305203087,0.105560132,2.891272318,0.003909785,0.370152329,0.099031146,3.737736504,1.96E-04,NA,NA,NA,NA,NA,NA,NA,NA,NA,NA,NA,NA,NA,NA,0.004244,0.429542,0,0,0.566214
3215867|.|A|G|.|.|GT,NA,NA,385,329,182,244,67.90123457,42.58289703,1.568856675,2.99E-04,1,0.024515713,106,75,68,2.30E-05,0.004618536,1,33.22784795,33.22784795,14.30813038,1.65E-04,0.404611014,0.107907777,3.749600139,1.86E-04,0.350082265,0.100737224,3.475202609,5.33E-04,NA,NA,NA,NA,NA,NA,NA,NA,NA,NA,NA,NA,NA,NA,0.004244,0.366723,0,0,0.629032
3682852|.|C|T|.|.|GT,NA,NA,274,197,293,376,48.32451499,65.61954625,1.784861662,1.96E-06,0.049775361,6.39E-04,59,43,38,5.84E-04,0.03634318,1,103.8695524,103.8695524,45.38340972,2.76E-11,0.6045363,0.105189872,5.747096051,1.16E-08,0.511538152,0.099083799,5.162682071,2.95E-07,NA,NA,NA,NA,NA,NA,NA,NA,NA,NA,NA,NA,NA,NA,0.004244,0,0.58489,0.410866,0
3896740|.|T|C|.|.|GT,NA,NA,245,187,322,386,43.20987654,67.36474695,1.570564985,2.49E-04,1,0.037744075,61,43,39,0.001868101,0.039617015,1,62.28282698,62.28282698,26.87760122,2.63E-07,0.461177653,0.107405034,4.293817857,1.91E-05,0.385022972,0.102058558,3.772569208,1.71E-04,NA,NA,NA,NA,NA,NA,NA,NA,NA,NA,NA,NA,NA,NA,0.004244,0,0.379457,0.616299,0
4035898|.|C|T|.|.|GT,NA,NA,266,206,301,367,46.91358025,64.04886562,1.574396026,1.91E-04,1,0.021990743,62,42,43,0.00315606,0.007148734,1,79.51347042,79.51347042,34.53046466,5.74E-09,0.537819794,0.105439939,5.100721799,3.96E-07,0.453045046,0.099987695,4.531008015,6.59E-06,NA,NA,NA,NA,NA,NA,NA,NA,NA,NA,NA,NA,NA,NA,0.004244,0,0.581494,0.414261,0
4408733|.|T|C|.|.|GT,NA,NA,318,247,249,326,56.08465608,56.89354276,1.685576313,1.49E-05,0.38024893,0.003245632,73,46,54,5.06E-05,0.034415914,1,89.03739929,89.03739929,39.0910132,6.03E-10,0.593083223,0.103574791,5.72613489,1.31E-08,0.541865242,0.096504636,5.614914112,2.56E-08,NA,NA,NA,NA,NA,NA,NA,NA,NA,NA,NA,NA,NA,NA,0.004244,0,0.496604,0.499151,0
4411874|.|C|T|.|.|GT,NA,NA,387,322,180,251,68.25396825,43.80453752,1.675931677,3.19E-05,0.814729258,0.005946929,81,56,56,7.52E-04,7.52E-04,1,72.2855089,72.2855089,31.28557804,2.89E-08,0.511043913,0.107256076,4.764708292,2.14E-06,0.418793791,0.101131355,4.141087506,3.75E-05,NA,NA,NA,NA,NA,NA,NA,NA,NA,NA,NA,NA,NA,NA,0.004244,0,0.373514,0.622241,0
5004380|.|G|A|.|.|GT,NA,NA,292,225,275,348,51.49911817,60.73298429,1.642278788,3.97E-05,1,0.010237729,67,45,46,0.003065318,0.006741447,1,47.0650255,47.0650255,20.53672857,6.57E-06,0.428802309,0.104739086,4.09400469,4.54E-05,0.490162686,0.097414991,5.031696661,5.78E-07,NA,NA,NA,NA,NA,NA,NA,NA,NA,NA,NA,NA,NA,NA,0.004244,0.450764,0,0,0.544992
20549|.|T|C|.|.|GT,NA,NA,383,316,184,257,67.54850088,44.85165794,1.692883187,2.02E-05,0.515913384,0.003999329,60,42,41,0.002670436,0.006217603,1,64.72897439,64.72897439,27.92651138,1.55E-07,0.496800482,0.106838525,4.650012549,3.71E-06,0.376120001,0.100545801,3.740782789,1.94E-04,NA,NA,NA,NA,NA,NA,NA,NA,NA,NA,NA,NA,NA,NA,0.003396,0,0.612903,0.383701,0
294261|.|G|A|.|.|GT,NA,NA,271,182,296,391,47.79541446,68.23734729,1.966903029,3.43E-08,8.75E-04,1.51E-05,64,46,43,6.17E-04,0.008146902,1,117.9440987,117.9440987,51.89791427,1.16E-12,0.652216751,0.105580396,6.177441785,9.06E-10,0.575594467,0.099020683,5.812871086,8.30E-09,NA,NA,NA,NA,NA,NA,NA,NA,NA,NA,NA,NA,NA,NA,0.003396,0.396435,0,0,0.60017
245789|.|T|C|.|.|GT,NA,NA,337,268,230,305,59.4356261,53.22862129,1.667504867,1.92E-05,0.490381603,0.002262783,79,53,54,0.001466072,0.003183011,1,52.21908212,52.21908212,22.53929279,2.37E-06,0.384626743,0.104629705,3.676075939,2.48E-04,0.371760893,0.097845582,3.799465289,1.54E-04,NA,NA,NA,NA,NA,NA,NA,NA,NA,NA,NA,NA,NA,NA,0.003396,0,0.522071,0.474533,0
318354|.|C|G|.|.|GT,NA,NA,213,152,354,421,37.56613757,73.47294939,1.666536574,8.06E-05,1,0.006418859,38,26,28,0.005097643,0.03355244,1,40.82518409,40.82518409,17.58580309,2.99E-05,0.454875097,0.111691447,4.072604559,4.97E-05,0.370974094,0.105231583,3.525311364,4.43E-04,NA,NA,NA,NA,NA,NA,NA,NA,NA,NA,NA,NA,NA,NA,0.003396,0,0.674873,0,0.321732
1465281|.|A|G|.|.|GT,NA,NA,299,233,268,340,52.73368607,59.33682373,1.628018705,5.31E-05,1,0.011878442,67,42,44,0.013933875,0.049800114,1,37.6035896,37.6035896,16.26621792,5.93E-05,0.400859102,0.104612003,3.831865271,1.34E-04,0.3970915,0.097441343,4.075185028,4.97E-05,NA,NA,NA,NA,NA,NA,NA,NA,NA,NA,NA,NA,NA,NA,0.003396,0.528862,0,0,0.467742
1456082|.|C|T|.|.|GT,NA,NA,356,297,211,276,62.78659612,48.16753927,1.567906554,2.04E-04,1,0.035620771,75,51,50,0.002444228,0.005228243,1,46.14981907,46.14981907,19.76851912,9.74E-06,0.423972951,0.105435828,4.021146871,6.17E-05,0.260727309,0.099365138,2.623931423,0.008827126,NA,NA,NA,NA,NA,NA,NA,NA,NA,NA,NA,NA,NA,NA,0.003396,0,0.427844,0.568761,0
2163665|.|T|G|.|.|GT,NA,NA,367,266,200,307,64.72663139,53.57766143,2.117838346,5.24E-10,1.33E-05,1.08E-06,83,53,58,3.78E-04,0.015232202,1,138.7132295,138.7132295,61.2072845,1.32E-14,0.697878902,0.103632823,6.734149304,2.61E-11,0.593809504,0.098121041,6.051806004,2.04E-09,NA,NA,NA,NA,NA,NA,NA,NA,NA,NA,NA,NA,NA,NA,0.003396,0,0,0.44652,0.550085
2878231|.|G|A|.|.|GT,NA,NA,392,333,175,240,69.13580247,41.88481675,1.614414414,1.33E-04,1,0.019739267,77,57,52,2.93E-05,0.002799054,1,32.40856478,32.40856478,13.90580544,2.03E-04,0.331201445,0.108721723,3.046322628,0.002369932,0.295793977,0.10114767,2.924377552,0.003530861,NA,NA,NA,NA,NA,NA,NA,NA,NA,NA,NA,NA,NA,NA,0.003396,0.634126,0,0,0.362479
3099587|.|G|A|.|.|GT,NA,NA,237,179,330,394,41.7989418,68.7609075,1.580802438,2.23E-04,1,0.041564514,74,47,53,2.56E-04,0.026516833,1,47.14695764,47.14695764,20.24419367,7.63E-06,0.37304096,0.10854628,3.43669962,6.10E-04,0.310562498,0.102059215,3.042963803,0.002404984,NA,NA,NA,NA,NA,NA,NA,NA,NA,NA,NA,NA,NA,NA,0.003396,0.364177,0,0,0.632428
3279450|.|G|A|.|.|GT,NA,NA,209,113,358,460,36.86067019,80.27923211,2.376526425,1.39E-10,3.52E-06,2.61E-08,30,21,22,0.016124802,0.042773945,1,103.1173689,103.1173689,45.24137687,2.95E-11,0.684127967,0.11478526,5.960068121,3.36E-09,0.605384029,0.109034891,5.552204657,3.63E-08,NA,NA,NA,NA,NA,NA,NA,NA,NA,NA,NA,NA,NA,NA,0.003396,0.28438,0,0,0.712224
3281446|.|G|A|.|.|GT,NA,NA,286,213,281,360,50.44091711,62.82722513,1.720214526,7.36E-06,0.186429402,5.48E-04,90,56,60,0.002060266,0.026301665,1,86.18621005,86.18621005,37.39308534,1.39E-09,0.654757225,0.104080783,6.290856043,4.49E-10,0.438232891,0.099014177,4.425961037,1.07E-05,NA,NA,NA,NA,NA,NA,NA,NA,NA,NA,NA,NA,NA,NA,0.003396,0.434635,0,0,0.561969
3446518|.|C|T|.|.|GT,NA,NA,287,207,280,366,50.61728395,63.87434555,1.812318841,9.17E-07,0.023391046,1.71E-04,72,46,46,0.024460907,0.024460907,1,50.60531481,50.60531481,21.93594827,3.22E-06,0.448579577,0.105134252,4.266731066,2.15E-05,0.42761483,0.09892887,4.322447317,1.70E-05,NA,NA,NA,NA,NA,NA,NA,NA,NA,NA,NA,NA,NA,NA,0.003396,0,0.564516,0.432088,0
3690917|.|G|A,T|.|.|GT,NA,179,125,388,448,31.5696649,78.18499127,1.653443299,2.25E-04,1,0.034036875,110,68,66,0.016745021,0.044762094,1,31.4586476,31.4586476,13.53820831,2.46E-04,0.436912337,0.11806895,3.700484657,2.25E-04,0.377235105,0.111319209,3.388769195,7.30E-04,NA,NA,NA,NA,NA,NA,NA,NA,NA,NA,NA,NA,NA,NA,0.003396,0.044992,0,0.220713,0.7309
4412054|.|C|G|.|.|GT,NA,NA,369,298,198,275,65.07936508,47.9930192,1.719798658,8.46E-06,0.215620758,0.002004906,83,58,54,3.78E-04,0.008036706,1,63.50362251,63.50362251,27.4947672,1.93E-07,0.496822834,0.105583263,4.705507479,2.84E-06,0.413894922,0.098902516,4.184877568,3.11E-05,NA,NA,NA,NA,NA,NA,NA,NA,NA,NA,NA,NA,NA,NA,0.003396,0,0.411715,0,0.58489
4953976|.|A|G|.|.|GT,NA,NA,326,246,241,327,57.49559083,57.06806283,1.798097359,8.81E-07,0.022419482,3.40E-04,74,48,51,0.001516224,0.014079981,1,61.70992214,61.70992214,26.91775932,2.58E-07,0.496241268,0.104016921,4.770774448,2.07E-06,0.485259681,0.097105078,4.997263684,6.88E-07,NA,NA,NA,NA,NA,NA,NA,NA,NA,NA,NA,NA,NA,NA,0.003396,0.498302,0,0,0.498302
5145007|.|A|G|.|.|GT,NA,NA,329,253,238,320,58.02469136,55.84642234,1.748430598,2.86E-06,0.072989393,8.90E-04,63,43,46,3.37E-04,0.005152397,1,68.89053182,68.89053182,30.00860702,5.47E-08,0.562276113,0.10374336,5.419875683,7.28E-08,0.476363965,0.098080138,4.856885163,1.39E-06,NA,NA,NA,NA,NA,NA,NA,NA,NA,NA,NA,NA,NA,NA,0.003396,0.488115,0,0,0.508489
443880|.|T|C|.|.|GT,NA,NA,370,295,197,278,65.25573192,48.51657941,1.769938914,2.71E-06,0.068768452,4.17E-04,66,42,47,7.56E-04,0.035582724,1,88.88302646,88.88302646,38.76836287,7.07E-10,0.638377879,0.104814194,6.090567086,1.54E-09,0.494499418,0.099070252,4.99140166,7.09E-07,NA,NA,NA,NA,NA,NA,NA,NA,NA,NA,NA,NA,NA,NA,0.002547,0,0.580645,0.416808,0
1638267|.|C|T|.|.|GT,NA,NA,380,311,187,262,67.01940035,45.72425829,1.71191774,1.24E-05,0.316923759,0.003267255,83,57,56,8.78E-04,0.001931437,1,100.9383466,100.9383466,43.93464476,5.59E-11,0.573817581,0.106104032,5.40806576,7.76E-08,0.478282019,0.100134671,4.776387767,2.06E-06,NA,NA,NA,NA,NA,NA,NA,NA,NA,NA,NA,NA,NA,NA,0.002547,0,0.390492,0.606961,0
1764858|.|C|A,G|.|.|GT,NA,283,223,284,350,49.91181658,61.08202443,1.563980294,2.17E-04,1,0.036267238,193,119,111,0.001473898,0.043574078,1,27.82468006,27.82468006,11.90304199,5.84E-04,0.354719988,0.105194777,3.372030415,7.71E-04,0.233194265,0.098764393,2.361116765,0.018414711,NA,NA,NA,NA,NA,NA,NA,NA,NA,NA,NA,NA,NA,NA,0.002547,0.434635,0.556876,0,0.005942
2038912|.|C|A|.|.|GT,NA,NA,258,199,309,374,45.5026455,65.27050611,1.56920525,2.26E-04,1,0.026034275,68,44,48,9.14E-04,0.020526934,1,48.34757805,48.34757805,20.8242813,5.67E-06,0.465559402,0.106285475,4.380273041,1.29E-05,0.352013195,0.100211122,3.512715829,4.64E-04,NA,NA,NA,NA,NA,NA,NA,NA,NA,NA,NA,NA,NA,NA,0.002547,0.39983,0.597623,0,0
2159570|.|T|C|.|.|GT,NA,NA,411,347,156,226,72.48677249,39.44153578,1.715916648,2.53E-05,0.645016281,0.004006312,74,55,46,3.38E-05,0.047392976,1,75.43426283,75.43426283,32.91116475,1.28E-08,0.530646575,0.110159905,4.817057327,1.65E-06,0.515059408,0.102637434,5.018241294,6.19E-07,NA,NA,NA,NA,NA,NA,NA,NA,NA,NA,NA,NA,NA,NA,0.002547,0,0.665535,0.331919,0
2154927|.|T|C|.|.|GT,NA,NA,330,263,237,310,58.2010582,54.10122164,1.641237907,3.34E-05,0.849100248,0.005054168,79,54,54,0.001466072,0.001466072,1,39.21006927,39.21006927,16.91745165,4.23E-05,0.384639907,0.10452368,3.679930795,2.44E-04,0.36700587,0.097954144,3.746711,1.90E-04,NA,NA,NA,NA,NA,NA,NA,NA,NA,NA,NA,NA,NA,NA,0.002547,0,0.519525,0.477929,0
2154930|.|T|C|.|.|GT,NA,NA,338,273,229,300,59.61199295,52.35602094,1.621958827,5.37E-05,1,0.007515185,80,56,54,4.52E-04,0.002324541,1,30.24994628,30.24994628,13.03598865,3.21E-04,0.343834184,0.104842572,3.279528316,0.001071297,0.351543492,0.098061164,3.584941064,3.54E-04,NA,NA,NA,NA,NA,NA,NA,NA,NA,NA,NA,NA,NA,NA,0.002547,0,0.535654,0.4618,0
3105602|.|G|A|.|.|GT,NA,NA,269,199,298,374,47.44268078,65.27050611,1.696502647,1.43E-05,0.365188184,0.003764827,86,54,55,0.012672514,0.022982592,1,76.54691457,76.54691457,33.05932734,1.19E-08,0.527016039,0.105624887,4.989506298,7.00E-07,0.389063213,0.100384744,3.875720512,1.13E-04,NA,NA,NA,NA,NA,NA,NA,NA,NA,NA,NA,NA,NA,NA,0.002547,0.40747,0,0,0.589983
3223513|.|C|T|.|.|GT,NA,NA,415,349,152,224,73.19223986,39.09249564,1.752375207,1.03E-05,0.261473692,0.001227576,106,76,66,9.10E-06,0.014779411,1,58.80652372,58.80652372,25.40220919,5.54E-07,0.564585544,0.110383633,5.114757754,3.68E-07,0.40484179,0.103826354,3.899219948,1.03E-04,NA,NA,NA,NA,NA,NA,NA,NA,NA,NA,NA,NA,NA,NA,0.002547,0,0.328523,0.66893,0
3701061|.|T|C,A,G|.|.|GT,554,529,13,44,97.70723104,7.678883072,3.544568853,3.08E-05,0.784083248,0.006534027,50,39,13,9.02E-05,9.36E-04,1,36.26321911,36.26321911,15.61284402,8.33E-05,1.044125643,0.237013685,4.40533905,1.16E-05,0.781216441,0.226193625,3.453750926,5.76E-04,NA,NA,NA,NA,NA,NA,NA,NA,NA,NA,NA,NA,NA,NA,0.002547,8.49E-04,0.948217,0.047538,8.49E-04
4476592|.|A|G|.|.|GT,NA,NA,399,313,168,260,70.37037037,45.37521815,1.97284345,4.83E-08,0.001233524,3.43E-05,81,61,50,5.66E-06,0.044828522,1,71.38434702,71.38434702,30.99769363,3.33E-08,0.555790683,0.107160903,5.18650616,2.53E-07,0.452692273,0.100108632,4.522010365,6.87E-06,NA,NA,NA,NA,NA,NA,NA,NA,NA,NA,NA,NA,NA,NA,0.002547,0.371817,0,0,0.625637
5069964|.|A|G|.|.|GT,NA,NA,390,323,177,250,68.78306878,43.63001745,1.705410086,1.79E-05,0.456601982,0.005130359,86,54,59,7.32E-04,0.022982592,1,77.03350356,77.03350356,33.40447273,1.00E-08,0.576926983,0.107113666,5.386119311,8.74E-08,0.440981538,0.101001557,4.366086515,1.40E-05,NA,NA,NA,NA,NA,NA,NA,NA,NA,NA,NA,NA,NA,NA,0.002547,0.370968,0,0,0.626486
5193875|.|A|G|.|.|GT,NA,NA,331,272,236,301,58.37742504,52.53054101,1.552078141,2.35E-04,1,0.041386813,71,47,47,0.008554539,0.008554539,1,67.97197275,67.97197275,29.3242064,7.70E-08,0.474657705,0.104271375,4.552138145,5.88E-06,0.366955332,0.098269517,3.734172554,1.99E-04,NA,NA,NA,NA,NA,NA,NA,NA,NA,NA,NA,NA,NA,NA,0.002547,0.470289,0,0,0.527165
1839643|.|A|G|.|.|GT,NA,NA,326,259,241,314,57.49559083,54.79930192,1.639949374,3.37E-05,0.854419105,0.007302727,76,49,49,0.015440262,0.015440262,1,65.67253812,65.67253812,28.63528474,1.09E-07,0.464366532,0.104181418,4.457287492,9.12E-06,0.4835909,0.097525647,4.958602311,8.36E-07,NA,NA,NA,NA,NA,NA,NA,NA,NA,NA,NA,NA,NA,NA,0.001698,0.48472,0,0,0.513582
3441045|.|G|A|.|.|GT,NA,NA,247,185,320,388,43.56261023,67.71378709,1.618851351,9.29E-05,1,0.009211382,78,49,49,0.030786496,0.030786496,1,36.38989848,36.38989848,15.64253935,8.20E-05,0.426135123,0.107483179,3.964668018,7.81E-05,0.322836052,0.100330305,3.217732205,0.001334418,NA,NA,NA,NA,NA,NA,NA,NA,NA,NA,NA,NA,NA,NA,0.001698,0.377759,0,0,0.620543
3618953|.|G|C|.|.|GT,NA,NA,308,219,259,354,54.32098765,61.78010471,1.922251018,6.07E-08,0.001542372,1.50E-05,78,51,51,0.008771714,0.008771714,1,100.0199217,100.0199217,43.7590675,6.10E-11,0.613209148,0.10377063,5.909274624,4.53E-09,0.520336366,0.098364346,5.289887943,1.51E-07,NA,NA,NA,NA,NA,NA,NA,NA,NA,NA,NA,NA,NA,NA,0.001698,0,0.462649,0,0.535654
3785261|.|G|A|.|.|GT,NA,NA,275,213,292,360,48.50088183,62.82722513,1.591742234,1.26E-04,1,0.029494994,80,54,51,0.002324541,0.018316098,1,56.01703662,56.01703662,24.14892182,1.04E-06,0.45248562,0.105303881,4.296951036,1.88E-05,0.358786108,0.09870026,3.63510804,2.92E-04,NA,NA,NA,NA,NA,NA,NA,NA,NA,NA,NA,NA,NA,NA,0.001698,0.42275,0,0,0.575552
4233872|.|G|A,C|.|.|GT,NA,236,182,331,391,41.62257496,68.23734729,1.531755254,5.79E-04,1,0.048852222,180,108,107,0.008900554,0.013682545,1,23.38121821,23.38121821,10.02773637,0.001589602,0.338009407,0.108535905,3.114263492,0.001890115,0.292300907,0.102735351,2.845183311,0.004530952,NA,NA,NA,NA,NA,NA,NA,NA,NA,NA,NA,NA,NA,NA,0.001698,0.36163,8.49E-04,0,0.635823
765424|.|G|A,T|.|.|GT,NA,19,3,548,570,3.350970018,99.47643979,6.587591241,4.09E-04,1,0.037909371,15,13,3,0.007385254,0.03515625,1,4.521629726,4.521629726,1.923921161,0.165740094,0.627383754,0.381351004,1.645160882,0.100212798,0.190083186,0.35693723,0.532539533,0.594472967,NA,NA,NA,NA,NA,NA,NA,NA,NA,NA,NA,NA,NA,NA,8.49E-04,0.016129,0,0.002547,0.980475
2157731|.|C|T|.|.|GT,NA,NA,287,212,280,361,50.61728395,63.0017452,1.745400943,4.16E-06,0.105993997,9.06E-04,66,45,44,0.004272405,0.00921049,1,68.77186364,68.77186364,29.79084716,6.10E-08,0.555443172,0.104586923,5.310828115,1.31E-07,0.419038638,0.098712641,4.245035244,2.39E-05,NA,NA,NA,NA,NA,NA,NA,NA,NA,NA,NA,NA,NA,NA,8.49E-04,0,0.564516,0.434635,0
3685022|.|G|A|.|.|GT,NA,NA,426,370,141,203,75.13227513,35.42757417,1.657619321,1.07E-04,1,0.018722167,72,46,47,0.012774596,0.024460907,1,55.26383126,55.26383126,24.12726864,1.06E-06,0.459723429,0.113520111,4.049709128,5.48E-05,0.541122808,0.106408138,5.085351729,4.39E-07,NA,NA,NA,NA,NA,NA,NA,NA,NA,NA,NA,NA,NA,NA,8.49E-04,0.699491,0,0,0.29966
3688530|.|T|C|.|.|GT,NA,NA,326,266,241,307,57.49559083,53.57766143,1.56119552,1.89E-04,1,0.029532849,66,44,44,0.00921049,0.00921049,1,69.80219551,69.80219551,30.26438203,4.81E-08,0.463112886,0.104235979,4.442927385,9.74E-06,0.427964608,0.098390747,4.34964285,1.51E-05,NA,NA,NA,NA,NA,NA,NA,NA,NA,NA,NA,NA,NA,NA,8.49E-04,0,0.522071,0.47708,0
58370|.|A|G,T|.|.|GT,NA,567,560,0,13,100,2.268760908,Inf,2.28E-04,1,0.033136915,7,7,0,0.015625,0.015625,1,14.20567635,14.20567635,6.089795515,0.013766213,1.990308856,0.491166199,4.052210554,5.42E-05,1.607513011,0.581155414,2.766063902,0.005780309,NA,NA,NA,NA,NA,NA,NA,NA,NA,NA,NA,NA,NA,NA,0,0.010187,0,8.49E-04,0.988964
4100629|.|C|T,G|.|.|GT,NA,566,557,1,16,99.82363316,2.792321117,16.25852783,2.51E-04,1,0.034804129,12,12,1,4.88E-04,0.006347656,1,18.79652832,18.79652832,8.079400035,0.004569965,1.091061483,0.420104215,2.597121011,0.009522147,1.202064328,0.374606424,3.208872702,0.001375778,NA,NA,NA,NA,NA,NA,NA,NA,NA,NA,NA,NA,NA,NA,0,0,0.013582,0.985569,8.49E-04